ISO-10303-21;
HEADER;
FILE_DESCRIPTION (( 'STEP AP214' ),
    '1' );
FILE_NAME ('CH343P.STEP',
    '2025-07-09T18:53:54',
    ( '' ),
    ( '' ),
    'SwSTEP 2.0',
    'SolidWorks 2021',
    '' );
FILE_SCHEMA (( 'AUTOMOTIVE_DESIGN' ));
ENDSEC;

DATA;
#1 = ADVANCED_FACE ( 'NONE', ( #3905 ), #5702, .F. ) ;
#2 = DIRECTION ( 'NONE',  ( -1.807003620809173399E-16, 0.000000000000000000, -1.000000000000000000 ) ) ;
#3 = DIRECTION ( 'NONE',  ( 1.000000000000000000, -0.000000000000000000, -0.000000000000000000 ) ) ;
#4 = LINE ( 'NONE', #4632, #4710 ) ;
#5 = ORIENTED_EDGE ( 'NONE', *, *, #5680, .T. ) ;
#6 = CARTESIAN_POINT ( 'NONE',  ( -1.499999999999999778, 0.000000000000000000, -0.1249999999999997641 ) ) ;
#7 = ORIENTED_EDGE ( 'NONE', *, *, #3012, .T. ) ;
#8 = ORIENTED_EDGE ( 'NONE', *, *, #3182, .F. ) ;
#9 = ORIENTED_EDGE ( 'NONE', *, *, #3710, .F. ) ;
#10 = ORIENTED_EDGE ( 'NONE', *, *, #6768, .T. ) ;
#11 = LINE ( 'NONE', #1217, #6762 ) ;
#12 = AXIS2_PLACEMENT_3D ( 'NONE', #4953, #5034, #6308 ) ;
#13 = FACE_OUTER_BOUND ( 'NONE', #586, .T. ) ;
#14 = SURFACE_STYLE_USAGE ( .BOTH. , #5988 ) ;
#15 = ORIENTED_EDGE ( 'NONE', *, *, #6968, .T. ) ;
#16 = ORIENTED_EDGE ( 'NONE', *, *, #5125, .F. ) ;
#17 = CARTESIAN_POINT ( 'NONE',  ( -0.8749999999999995559, 0.2000000000000000111, 1.499999999999999778 ) ) ;
#18 = DIRECTION ( 'NONE',  ( 1.000000000000000000, 0.000000000000000000, 0.000000000000000000 ) ) ;
#19 = CARTESIAN_POINT ( 'NONE',  ( -0.1250000000000026090, 0.2000000000000000111, -1.200000000000000178 ) ) ;
#20 = CIRCLE ( 'NONE', #6894, 0.04999999999999991257 ) ;
#21 = EDGE_CURVE ( 'NONE', #6598, #5098, #6910, .T. ) ;
#22 = DIRECTION ( 'NONE',  ( 1.000000000000000000, 0.000000000000000000, -0.000000000000000000 ) ) ;
#23 = CARTESIAN_POINT ( 'NONE',  ( -0.6750000000000000444, 0.2000000000000000111, -0.8750000000000000000 ) ) ;
#24 = ORIENTED_EDGE ( 'NONE', *, *, #4626, .F. ) ;
#25 = CARTESIAN_POINT ( 'NONE',  ( 0.000000000000000000, 0.05000000000000000278, 0.8750000000000000000 ) ) ;
#26 = EDGE_CURVE ( 'NONE', #5450, #6255, #2608, .T. ) ;
#27 = DIRECTION ( 'NONE',  ( -1.000000000000000000, 0.000000000000000000, 5.782411586589358664E-14 ) ) ;
#28 = ADVANCED_FACE ( 'NONE', ( #5623 ), #335, .F. ) ;
#29 = ADVANCED_FACE ( 'NONE', ( #2176 ), #2136, .F. ) ;
#30 = DIRECTION ( 'NONE',  ( 1.000000000000000000, 0.000000000000000000, 0.000000000000000000 ) ) ;
#31 = DIRECTION ( 'NONE',  ( -1.000000000000000000, 0.000000000000000000, 7.697835424647133231E-14 ) ) ;
#32 = EDGE_LOOP ( 'NONE', ( #5649, #754, #2849, #5769 ) ) ;
#33 = CARTESIAN_POINT ( 'NONE',  ( -0.3250000000000026756, 0.2000000000000000111, -1.149999999999999467 ) ) ;
#34 = CARTESIAN_POINT ( 'NONE',  ( 0.6750000000000002665, 0.2000000000000000111, 1.199999999999999734 ) ) ;
#35 = DIRECTION ( 'NONE',  ( -0.000000000000000000, -1.000000000000000000, -0.000000000000000000 ) ) ;
#36 = AXIS2_PLACEMENT_3D ( 'NONE', #5482, #7162, #4817 ) ;
#37 = PLANE ( 'NONE',  #6566 ) ;
#38 = FACE_OUTER_BOUND ( 'NONE', #102, .T. ) ;
#39 = LINE ( 'NONE', #2426, #3596 ) ;
#40 = EDGE_LOOP ( 'NONE', ( #5818, #6017, #1522, #4012 ) ) ;
#41 = ORIENTED_EDGE ( 'NONE', *, *, #6842, .T. ) ;
#42 = ADVANCED_FACE ( 'NONE', ( #3943 ), #2015, .T. ) ;
#43 = VECTOR ( 'NONE', #2560, 1000.000000000000000 ) ;
#44 = ORIENTED_EDGE ( 'NONE', *, *, #593, .F. ) ;
#45 = DIRECTION ( 'NONE',  ( 0.000000000000000000, -1.000000000000000000, 0.000000000000000000 ) ) ;
#46 = DIRECTION ( 'NONE',  ( 0.000000000000000000, 0.000000000000000000, 1.000000000000000000 ) ) ;
#47 = LINE ( 'NONE', #2434, #3576 ) ;
#48 = ORIENTED_EDGE ( 'NONE', *, *, #3763, .T. ) ;
#49 = VECTOR ( 'NONE', #1184, 1000.000000000000000 ) ;
#50 = ORIENTED_EDGE ( 'NONE', *, *, #4864, .T. ) ;
#51 = DIRECTION ( 'NONE',  ( 0.000000000000000000, -1.000000000000000000, 0.000000000000000000 ) ) ;
#52 = DIRECTION ( 'NONE',  ( -0.000000000000000000, -1.000000000000000000, -0.000000000000000000 ) ) ;
#53 = CARTESIAN_POINT ( 'NONE',  ( 1.199999999999999956, 0.2000000000000000111, 0.8249999999999997335 ) ) ;
#54 = DIRECTION ( 'NONE',  ( -0.000000000000000000, 0.000000000000000000, 1.000000000000000000 ) ) ;
#55 = PLANE ( 'NONE',  #7470 ) ;
#56 = AXIS2_PLACEMENT_3D ( 'NONE', #5007, #7384, #6875 ) ;
#57 = PLANE ( 'NONE',  #3232 ) ;
#58 = ORIENTED_EDGE ( 'NONE', *, *, #6012, .F. ) ;
#59 = CIRCLE ( 'NONE', #4454, 0.04999999999999991257 ) ;
#60 = VECTOR ( 'NONE', #4532, 1000.000000000000000 ) ;
#61 = FACE_OUTER_BOUND ( 'NONE', #6865, .T. ) ;
#62 = CARTESIAN_POINT ( 'NONE',  ( -1.149999999999999689, 0.2000000000000000111, -0.3249999999999999001 ) ) ;
#63 = FACE_OUTER_BOUND ( 'NONE', #3059, .T. ) ;
#64 = CARTESIAN_POINT ( 'NONE',  ( -1.499999999999999556, 0.2000000000000000111, 0.8750000000000003331 ) ) ;
#65 = ORIENTED_EDGE ( 'NONE', *, *, #2033, .T. ) ;
#66 = CARTESIAN_POINT ( 'NONE',  ( -1.149999999999999911, 0.2000000000000000111, -0.6749999999999997113 ) ) ;
#67 = AXIS2_PLACEMENT_3D ( 'NONE', #6312, #5077, #880 ) ;
#68 = AXIS2_PLACEMENT_3D ( 'NONE', #4045, #2827, #473 ) ;
#69 = EDGE_CURVE ( 'NONE', #2135, #3525, #5004, .T. ) ;
#70 = ADVANCED_FACE ( 'NONE', ( #7379 ), #3194, .T. ) ;
#71 = EDGE_CURVE ( 'NONE', #2727, #3057, #4025, .T. ) ;
#72 = CARTESIAN_POINT ( 'NONE',  ( 0.8750000000000003331, 0.2000000000000000111, 1.199999999999999734 ) ) ;
#73 = VECTOR ( 'NONE', #6933, 1000.000000000000000 ) ;
#74 = FACE_OUTER_BOUND ( 'NONE', #5707, .T. ) ;
#75 = AXIS2_PLACEMENT_3D ( 'NONE', #6602, #1202, #651 ) ;
#76 = CARTESIAN_POINT ( 'NONE',  ( -1.199999999999999734, 0.04999999999999999584, 0.1250000000000001943 ) ) ;
#77 = DIRECTION ( 'NONE',  ( 1.000000000000000000, -0.000000000000000000, 0.000000000000000000 ) ) ;
#78 = ORIENTED_EDGE ( 'NONE', *, *, #7115, .F. ) ;
#79 = FACE_OUTER_BOUND ( 'NONE', #2399, .T. ) ;
#80 = EDGE_LOOP ( 'NONE', ( #2834, #5479, #5870, #868 ) ) ;
#81 = AXIS2_PLACEMENT_3D ( 'NONE', #4976, #4358, #5018 ) ;
#82 = CIRCLE ( 'NONE', #7071, 0.04999999999999991257 ) ;
#83 = VERTEX_POINT ( 'NONE', #6157 ) ;
#84 = DIRECTION ( 'NONE',  ( 0.000000000000000000, 1.000000000000000000, 0.000000000000000000 ) ) ;
#85 = FACE_OUTER_BOUND ( 'NONE', #4978, .T. ) ;
#86 = VERTEX_POINT ( 'NONE', #7420 ) ;
#87 = VECTOR ( 'NONE', #1081, 1000.000000000000000 ) ;
#88 = ORIENTED_EDGE ( 'NONE', *, *, #4861, .F. ) ;
#89 = ORIENTED_EDGE ( 'NONE', *, *, #6627, .T. ) ;
#90 = FILL_AREA_STYLE ('',( #6621 ) ) ;
#91 = LINE ( 'NONE', #5535, #7004 ) ;
#92 = FACE_OUTER_BOUND ( 'NONE', #4555, .T. ) ;
#93 = CARTESIAN_POINT ( 'NONE',  ( 0.1250000000000003053, 0.2000000000000000111, 1.199999999999999734 ) ) ;
#94 = ORIENTED_EDGE ( 'NONE', *, *, #3835, .T. ) ;
#95 = EDGE_CURVE ( 'NONE', #6668, #1568, #807, .T. ) ;
#96 = DIRECTION ( 'NONE',  ( 0.000000000000000000, -1.000000000000000000, 0.000000000000000000 ) ) ;
#97 = VECTOR ( 'NONE', #7665, 1000.000000000000000 ) ;
#98 = VERTEX_POINT ( 'NONE', #4417 ) ;
#99 = AXIS2_PLACEMENT_3D ( 'NONE', #6081, #1157, #5396 ) ;
#100 = LINE ( 'NONE', #1200, #175 ) ;
#101 = DIRECTION ( 'NONE',  ( 0.000000000000000000, 1.000000000000000000, 0.000000000000000000 ) ) ;
#102 = EDGE_LOOP ( 'NONE', ( #5511, #1002, #6881, #2990 ) ) ;
#103 = CARTESIAN_POINT ( 'NONE',  ( -1.499999999999999778, 0.8000000000000000444, -1.500000000000000222 ) ) ;
#104 = ORIENTED_EDGE ( 'NONE', *, *, #5229, .F. ) ;
#105 = AXIS2_PLACEMENT_3D ( 'NONE', #6348, #4013, #4636 ) ;
#106 = CARTESIAN_POINT ( 'NONE',  ( -0.3749999999999996669, 0.000000000000000000, 1.499999999999999778 ) ) ;
#107 = FACE_OUTER_BOUND ( 'NONE', #6786, .T. ) ;
#108 = DIRECTION ( 'NONE',  ( 0.000000000000000000, 0.000000000000000000, 1.000000000000000000 ) ) ;
#109 = PLANE ( 'NONE',  #3196 ) ;
#110 = ORIENTED_EDGE ( 'NONE', *, *, #5900, .F. ) ;
#111 = EDGE_CURVE ( 'NONE', #3441, #5932, #6754, .T. ) ;
#112 = ADVANCED_FACE ( 'NONE', ( #5659 ), #6831, .T. ) ;
#113 = EDGE_CURVE ( 'NONE', #3651, #4634, #4495, .T. ) ;
#114 = CARTESIAN_POINT ( 'NONE',  ( -0.6749999999999996003, 0.2000000000000000111, 1.199999999999999734 ) ) ;
#115 = ORIENTED_EDGE ( 'NONE', *, *, #5549, .T. ) ;
#116 = ORIENTED_EDGE ( 'NONE', *, *, #6822, .F. ) ;
#117 = ORIENTED_EDGE ( 'NONE', *, *, #5804, .F. ) ;
#118 = DIRECTION ( 'NONE',  ( -0.000000000000000000, -1.000000000000000000, -0.000000000000000000 ) ) ;
#119 = DIRECTION ( 'NONE',  ( 0.000000000000000000, 1.000000000000000000, 0.000000000000000000 ) ) ;
#120 = DIRECTION ( 'NONE',  ( 1.000000000000000000, 0.000000000000000000, -1.807003620809173399E-16 ) ) ;
#121 = SURFACE_STYLE_USAGE ( .BOTH. , #3734 ) ;
#122 = ORIENTED_EDGE ( 'NONE', *, *, #111, .T. ) ;
#123 = EDGE_CURVE ( 'NONE', #3995, #158, #3318, .T. ) ;
#124 = ADVANCED_FACE ( 'NONE', ( #4566 ), #7026, .T. ) ;
#125 = VERTEX_POINT ( 'NONE', #6950 ) ;
#126 = EDGE_CURVE ( 'NONE', #4574, #6517, #3761, .T. ) ;
#127 = CYLINDRICAL_SURFACE ( 'NONE', #6230, 0.04999999999999991257 ) ;
#128 = CARTESIAN_POINT ( 'NONE',  ( -0.6249999999999996669, 0.2000000000000000111, 1.199999999999999734 ) ) ;
#129 = VECTOR ( 'NONE', #7694, 1000.000000000000000 ) ;
#130 = CARTESIAN_POINT ( 'NONE',  ( 1.500000000000000222, 0.04999999999999969746, 1.499999999999999778 ) ) ;
#131 = CARTESIAN_POINT ( 'NONE',  ( -1.199999999999999512, 0.04999999999999999584, 0.6250000000000002220 ) ) ;
#132 = VERTEX_POINT ( 'NONE', #1075 ) ;
#133 = AXIS2_PLACEMENT_3D ( 'NONE', #2244, #7017, #1651 ) ;
#134 = CARTESIAN_POINT ( 'NONE',  ( 0.3749999999999973910, 0.2000000000000000111, -1.200000000000000178 ) ) ;
#135 = LINE ( 'NONE', #5505, #858 ) ;
#136 = ORIENTED_EDGE ( 'NONE', *, *, #123, .T. ) ;
#137 = EDGE_CURVE ( 'NONE', #3325, #7425, #6623, .T. ) ;
#138 = VERTEX_POINT ( 'NONE', #5194 ) ;
#139 = CIRCLE ( 'NONE', #261, 0.04999999999999991257 ) ;
#140 = CYLINDRICAL_SURFACE ( 'NONE', #4813, 0.04999999999999991257 ) ;
#141 = LINE ( 'NONE', #7031, #3977 ) ;
#142 = ORIENTED_EDGE ( 'NONE', *, *, #255, .T. ) ;
#143 = CARTESIAN_POINT ( 'NONE',  ( 1.199999999999999956, 0.04999999999999999584, -0.8750000000000002220 ) ) ;
#144 = ORIENTED_EDGE ( 'NONE', *, *, #5432, .T. ) ;
#145 = DIRECTION ( 'NONE',  ( -0.000000000000000000, -1.000000000000000000, -0.000000000000000000 ) ) ;
#146 = FACE_OUTER_BOUND ( 'NONE', #7267, .T. ) ;
#147 = CARTESIAN_POINT ( 'NONE',  ( 0.6750000000000002665, 0.000000000000000000, 1.149999999999999689 ) ) ;
#148 = CARTESIAN_POINT ( 'NONE',  ( 1.500000000000000000, 0.000000000000000000, -0.1250000000000002776 ) ) ;
#149 = LINE ( 'NONE', #3844, #3221 ) ;
#150 = ORIENTED_EDGE ( 'NONE', *, *, #358, .T. ) ;
#151 = ORIENTED_EDGE ( 'NONE', *, *, #5550, .T. ) ;
#152 = AXIS2_PLACEMENT_3D ( 'NONE', #6342, #7006, #4083 ) ;
#153 = CARTESIAN_POINT ( 'NONE',  ( -0.3750000000000029421, 0.000000000000000000, -1.200000000000000178 ) ) ;
#154 = FILL_AREA_STYLE_COLOUR ( '', #2324 ) ;
#155 = PRESENTATION_STYLE_ASSIGNMENT (( #4832 ) ) ;
#156 = EDGE_LOOP ( 'NONE', ( #2862, #7323, #7722, #5681 ) ) ;
#157 = ORIENTED_EDGE ( 'NONE', *, *, #3288, .F. ) ;
#158 = VERTEX_POINT ( 'NONE', #1660 ) ;
#159 = VECTOR ( 'NONE', #1895, 1000.000000000000000 ) ;
#160 = CARTESIAN_POINT ( 'NONE',  ( 0.1749999999999973244, 0.2000000000000000111, -1.149999999999999467 ) ) ;
#161 = CARTESIAN_POINT ( 'NONE',  ( 1.199999999999999956, 0.2000000000000000111, 0.6749999999999996003 ) ) ;
#162 = CARTESIAN_POINT ( 'NONE',  ( 0.3749999999999973910, 0.2000000000000000111, -1.200000000000000178 ) ) ;
#163 = EDGE_CURVE ( 'NONE', #5129, #960, #2253, .T. ) ;
#164 = EDGE_CURVE ( 'NONE', #3931, #5712, #4062, .T. ) ;
#165 = ADVANCED_FACE ( 'NONE', ( #4645 ), #5351, .T. ) ;
#166 = DIRECTION ( 'NONE',  ( -0.000000000000000000, -1.000000000000000000, -0.000000000000000000 ) ) ;
#167 = DIRECTION ( 'NONE',  ( 0.000000000000000000, 1.000000000000000000, 0.000000000000000000 ) ) ;
#168 = VECTOR ( 'NONE', #6699, 1000.000000000000000 ) ;
#169 = ORIENTED_EDGE ( 'NONE', *, *, #5995, .T. ) ;
#170 = CARTESIAN_POINT ( 'NONE',  ( 0.8249999999999975131, 0.2000000000000000111, -1.200000000000000178 ) ) ;
#171 = LINE ( 'NONE', #7378, #3369 ) ;
#172 = VECTOR ( 'NONE', #2696, 1000.000000000000000 ) ;
#173 = ORIENTED_EDGE ( 'NONE', *, *, #113, .F. ) ;
#174 = LINE ( 'NONE', #7307, #1427 ) ;
#175 = VECTOR ( 'NONE', #2377, 1000.000000000000000 ) ;
#176 = CARTESIAN_POINT ( 'NONE',  ( 0.8750000000000000000, 0.2000000000000000111, 0.8750000000000000000 ) ) ;
#177 = ORIENTED_EDGE ( 'NONE', *, *, #4387, .F. ) ;
#178 = EDGE_CURVE ( 'NONE', #320, #7610, #4607, .T. ) ;
#179 = DIRECTION ( 'NONE',  ( -0.000000000000000000, 0.000000000000000000, 1.000000000000000000 ) ) ;
#180 = VERTEX_POINT ( 'NONE', #2956 ) ;
#181 = AXIS2_PLACEMENT_3D ( 'NONE', #2648, #1389, #5509 ) ;
#182 = FACE_OUTER_BOUND ( 'NONE', #3134, .T. ) ;
#183 = DIRECTION ( 'NONE',  ( 3.614007241618346306E-16, -0.000000000000000000, 1.000000000000000000 ) ) ;
#184 = CARTESIAN_POINT ( 'NONE',  ( -0.6249999999999995559, 0.2000000000000000111, 1.499999999999999778 ) ) ;
#185 = EDGE_LOOP ( 'NONE', ( #2609, #7693, #6133, #7483 ) ) ;
#186 = VECTOR ( 'NONE', #2752, 1000.000000000000000 ) ;
#187 = EDGE_CURVE ( 'NONE', #6638, #5361, #6435, .T. ) ;
#188 = AXIS2_PLACEMENT_3D ( 'NONE', #1172, #1608, #5906 ) ;
#189 = CARTESIAN_POINT ( 'NONE',  ( -1.149999999999999467, 0.2000000000000000111, 0.6750000000000001554 ) ) ;
#190 = ORIENTED_EDGE ( 'NONE', *, *, #5006, .F. ) ;
#191 = EDGE_LOOP ( 'NONE', ( #7544, #6603, #4475, #151 ) ) ;
#192 = ORIENTED_EDGE ( 'NONE', *, *, #958, .T. ) ;
#193 = VECTOR ( 'NONE', #1872, 1000.000000000000000 ) ;
#194 = CIRCLE ( 'NONE', #2447, 0.04999999999999991257 ) ;
#195 = CARTESIAN_POINT ( 'NONE',  ( 1.149999999999999911, 0.2000000000000000111, 0.3249999999999998446 ) ) ;
#196 = CARTESIAN_POINT ( 'NONE',  ( 0.3749999999999800715, 0.000000000000000000, -1.500000000000000000 ) ) ;
#197 = FACE_OUTER_BOUND ( 'NONE', #7177, .T. ) ;
#198 = DIRECTION ( 'NONE',  ( 0.000000000000000000, 1.000000000000000000, 0.000000000000000000 ) ) ;
#199 = VERTEX_POINT ( 'NONE', #445 ) ;
#200 = ORIENTED_EDGE ( 'NONE', *, *, #1025, .F. ) ;
#201 = ORIENTED_EDGE ( 'NONE', *, *, #1509, .F. ) ;
#202 = VECTOR ( 'NONE', #6251, 1000.000000000000000 ) ;
#203 = AXIS2_PLACEMENT_3D ( 'NONE', #6373, #5750, #5331 ) ;
#204 = DIRECTION ( 'NONE',  ( -1.000000000000000000, 0.000000000000000000, -0.000000000000000000 ) ) ;
#205 = FACE_OUTER_BOUND ( 'NONE', #2260, .T. ) ;
#206 = DIRECTION ( 'NONE',  ( -0.000000000000000000, -1.000000000000000000, -0.000000000000000000 ) ) ;
#207 = CARTESIAN_POINT ( 'NONE',  ( 0.1250000000000003053, 0.2000000000000000111, 1.199999999999999734 ) ) ;
#208 = ORIENTED_EDGE ( 'NONE', *, *, #2652, .F. ) ;
#209 = EDGE_LOOP ( 'NONE', ( #6256, #2113, #7245, #3112 ) ) ;
#210 = DIRECTION ( 'NONE',  ( -0.000000000000000000, -1.000000000000000000, -0.000000000000000000 ) ) ;
#211 = EDGE_CURVE ( 'NONE', #7502, #3886, #2287, .T. ) ;
#212 = ADVANCED_FACE ( 'NONE', ( #5239 ), #4683, .T. ) ;
#213 = ADVANCED_FACE ( 'NONE', ( #1622 ), #999, .F. ) ;
#214 = LINE ( 'NONE', #2607, #4372 ) ;
#215 = CARTESIAN_POINT ( 'NONE',  ( 0.6749999999999973799, 0.2000000000000000111, -1.149999999999999467 ) ) ;
#216 = CIRCLE ( 'NONE', #3481, 0.04999999999999991257 ) ;
#217 = ORIENTED_EDGE ( 'NONE', *, *, #4962, .F. ) ;
#218 = VECTOR ( 'NONE', #5777, 1000.000000000000000 ) ;
#219 = FACE_OUTER_BOUND ( 'NONE', #681, .T. ) ;
#220 = DIRECTION ( 'NONE',  ( 0.000000000000000000, 0.000000000000000000, 1.000000000000000000 ) ) ;
#221 = ORIENTED_EDGE ( 'NONE', *, *, #2411, .T. ) ;
#222 = CARTESIAN_POINT ( 'NONE',  ( -0.1250000000000112688, 0.2000000000000000111, -1.500000000000000000 ) ) ;
#223 = AXIS2_PLACEMENT_3D ( 'NONE', #6405, #4536, #6919 ) ;
#224 = ORIENTED_EDGE ( 'NONE', *, *, #3041, .T. ) ;
#225 = CARTESIAN_POINT ( 'NONE',  ( -1.499999999999999778, 0.2000000000000000111, -0.3749999999999997224 ) ) ;
#226 = CARTESIAN_POINT ( 'NONE',  ( 1.199999999999999956, 0.2000000000000000111, 0.6749999999999996003 ) ) ;
#227 = LINE ( 'NONE', #184, #6064 ) ;
#228 = EDGE_LOOP ( 'NONE', ( #1023, #1393, #2568, #767 ) ) ;
#229 = CIRCLE ( 'NONE', #488, 0.04999999999999991257 ) ;
#230 = CARTESIAN_POINT ( 'NONE',  ( 0.1249999999999970718, 0.04999999999999999584, -1.200000000000000178 ) ) ;
#231 = VERTEX_POINT ( 'NONE', #2327 ) ;
#232 = EDGE_CURVE ( 'NONE', #2811, #3735, #7621, .T. ) ;
#233 = VERTEX_POINT ( 'NONE', #3544 ) ;
#234 = AXIS2_PLACEMENT_3D ( 'NONE', #5276, #7656, #1620 ) ;
#235 = EDGE_CURVE ( 'NONE', #2517, #1158, #6882, .T. ) ;
#236 = DIRECTION ( 'NONE',  ( -0.000000000000000000, 0.000000000000000000, -1.000000000000000000 ) ) ;
#237 = DIRECTION ( 'NONE',  ( 0.000000000000000000, 0.000000000000000000, 1.000000000000000000 ) ) ;
#238 = DIRECTION ( 'NONE',  ( 0.000000000000000000, -1.000000000000000000, 0.000000000000000000 ) ) ;
#239 = EDGE_LOOP ( 'NONE', ( #6954, #946, #3582, #1071 ) ) ;
#240 = VERTEX_POINT ( 'NONE', #562 ) ;
#241 = VERTEX_POINT ( 'NONE', #4024 ) ;
#242 = LINE ( 'NONE', #876, #5615 ) ;
#243 = CARTESIAN_POINT ( 'NONE',  ( -1.499999999999999778, 0.2000000000000000111, -0.1249999999999997641 ) ) ;
#244 = CARTESIAN_POINT ( 'NONE',  ( -1.199999999999999956, 0.7500000000000000000, -1.200000000000000178 ) ) ;
#245 = CYLINDRICAL_SURFACE ( 'NONE', #7675, 0.04999999999999991257 ) ;
#246 = CARTESIAN_POINT ( 'NONE',  ( 0.8249999999999975131, 0.04999999999999999584, -1.200000000000000178 ) ) ;
#247 = ORIENTED_EDGE ( 'NONE', *, *, #654, .F. ) ;
#248 = ORIENTED_EDGE ( 'NONE', *, *, #7198, .F. ) ;
#249 = CARTESIAN_POINT ( 'NONE',  ( -0.8250000000000027311, 0.2000000000000000111, -1.200000000000000178 ) ) ;
#250 = PLANE ( 'NONE',  #1352 ) ;
#251 = ORIENTED_EDGE ( 'NONE', *, *, #21, .F. ) ;
#252 = CARTESIAN_POINT ( 'NONE',  ( -1.199999999999999956, 0.7500000000000000000, -1.100000000000000089 ) ) ;
#253 = VECTOR ( 'NONE', #7221, 1000.000000000000000 ) ;
#254 = VERTEX_POINT ( 'NONE', #7730 ) ;
#255 = EDGE_CURVE ( 'NONE', #5989, #2052, #6398, .T. ) ;
#256 = VECTOR ( 'NONE', #6427, 1000.000000000000000 ) ;
#257 = LINE ( 'NONE', #7423, #4696 ) ;
#258 = SURFACE_STYLE_USAGE ( .BOTH. , #4463 ) ;
#259 = ORIENTED_EDGE ( 'NONE', *, *, #3979, .F. ) ;
#260 = LINE ( 'NONE', #5010, #7481 ) ;
#261 = AXIS2_PLACEMENT_3D ( 'NONE', #5987, #6655, #1254 ) ;
#262 = ORIENTED_EDGE ( 'NONE', *, *, #7303, .F. ) ;
#263 = ADVANCED_FACE ( 'NONE', ( #5992 ), #724, .T. ) ;
#264 = EDGE_CURVE ( 'NONE', #5207, #4622, #1759, .T. ) ;
#265 = EDGE_CURVE ( 'NONE', #5064, #7666, #2885, .T. ) ;
#266 = DIRECTION ( 'NONE',  ( 0.000000000000000000, -1.000000000000000000, 0.000000000000000000 ) ) ;
#267 = DIRECTION ( 'NONE',  ( 0.000000000000000000, -1.000000000000000000, 0.000000000000000000 ) ) ;
#268 = DIRECTION ( 'NONE',  ( 0.000000000000000000, 1.000000000000000000, 0.000000000000000000 ) ) ;
#269 = ORIENTED_EDGE ( 'NONE', *, *, #6093, .T. ) ;
#270 = DIRECTION ( 'NONE',  ( 3.614007241618346799E-16, -0.000000000000000000, 1.000000000000000000 ) ) ;
#271 = EDGE_LOOP ( 'NONE', ( #2497, #301, #6920, #3694 ) ) ;
#272 = ORIENTED_EDGE ( 'NONE', *, *, #510, .F. ) ;
#273 = ORIENTED_EDGE ( 'NONE', *, *, #5528, .T. ) ;
#274 = ORIENTED_EDGE ( 'NONE', *, *, #5910, .T. ) ;
#275 = LINE ( 'NONE', #4366, #919 ) ;
#276 = FILL_AREA_STYLE ('',( #6343 ) ) ;
#277 = DIRECTION ( 'NONE',  ( 0.000000000000000000, 0.000000000000000000, 1.000000000000000000 ) ) ;
#278 = PLANE ( 'NONE',  #2064 ) ;
#279 = ORIENTED_EDGE ( 'NONE', *, *, #4076, .T. ) ;
#280 = ORIENTED_EDGE ( 'NONE', *, *, #3633, .T. ) ;
#281 = ADVANCED_FACE ( 'NONE', ( #4177 ), #673, .T. ) ;
#282 = LINE ( 'NONE', #6111, #4616 ) ;
#283 = CARTESIAN_POINT ( 'NONE',  ( -1.499999999999999778, 0.04999999999999969746, 0.1250000000000003331 ) ) ;
#284 = LINE ( 'NONE', #2129, #6386 ) ;
#285 = DIRECTION ( 'NONE',  ( 2.891205793294679332E-14, 0.000000000000000000, 1.000000000000000000 ) ) ;
#286 = LINE ( 'NONE', #2602, #5469 ) ;
#287 = ORIENTED_EDGE ( 'NONE', *, *, #5461, .F. ) ;
#288 = AXIS2_PLACEMENT_3D ( 'NONE', #7326, #5109, #356 ) ;
#289 = ORIENTED_EDGE ( 'NONE', *, *, #3490, .F. ) ;
#290 = DIRECTION ( 'NONE',  ( 1.000000000000000000, 0.000000000000000000, -1.807003620809173153E-16 ) ) ;
#291 = EDGE_CURVE ( 'NONE', #6020, #2342, #1814, .T. ) ;
#292 = DIRECTION ( 'NONE',  ( -1.000000000000000000, 0.000000000000000000, -0.000000000000000000 ) ) ;
#293 = DIRECTION ( 'NONE',  ( 0.000000000000000000, 0.000000000000000000, 1.000000000000000000 ) ) ;
#294 = ORIENTED_EDGE ( 'NONE', *, *, #1005, .T. ) ;
#295 = AXIS2_PLACEMENT_3D ( 'NONE', #779, #3987, #7313 ) ;
#296 = DIRECTION ( 'NONE',  ( 0.000000000000000000, 1.000000000000000000, 0.000000000000000000 ) ) ;
#297 = DIRECTION ( 'NONE',  ( 0.000000000000000000, 0.000000000000000000, 1.000000000000000000 ) ) ;
#298 = DIRECTION ( 'NONE',  ( 0.000000000000000000, -1.000000000000000000, 0.000000000000000000 ) ) ;
#299 = ORIENTED_EDGE ( 'NONE', *, *, #5491, .F. ) ;
#300 = LINE ( 'NONE', #2692, #7227 ) ;
#301 = ORIENTED_EDGE ( 'NONE', *, *, #4534, .F. ) ;
#302 = VECTOR ( 'NONE', #6726, 1000.000000000000000 ) ;
#303 = LINE ( 'NONE', #5552, #172 ) ;
#304 = CARTESIAN_POINT ( 'NONE',  ( 1.149999999999999911, 0.2000000000000000111, 0.1749999999999996558 ) ) ;
#305 = DIRECTION ( 'NONE',  ( 0.000000000000000000, -1.000000000000000000, 0.000000000000000000 ) ) ;
#306 = LINE ( 'NONE', #7521, #6967 ) ;
#307 = EDGE_CURVE ( 'NONE', #498, #7375, #91, .T. ) ;
#308 = AXIS2_PLACEMENT_3D ( 'NONE', #7345, #1981, #6161 ) ;
#309 = EDGE_CURVE ( 'NONE', #2586, #2517, #1228, .T. ) ;
#310 = EDGE_CURVE ( 'NONE', #5836, #3262, #2441, .T. ) ;
#311 = ORIENTED_EDGE ( 'NONE', *, *, #1179, .F. ) ;
#312 = ORIENTED_EDGE ( 'NONE', *, *, #1861, .F. ) ;
#313 = ORIENTED_EDGE ( 'NONE', *, *, #3454, .F. ) ;
#314 = LINE ( 'NONE', #5561, #5049 ) ;
#315 = VECTOR ( 'NONE', #500, 1000.000000000000000 ) ;
#316 = CARTESIAN_POINT ( 'NONE',  ( -1.499999999999999778, 0.04999999999999969746, 1.499999999999999778 ) ) ;
#317 = CIRCLE ( 'NONE', #188, 0.04999999999999991257 ) ;
#318 = FACE_OUTER_BOUND ( 'NONE', #5012, .T. ) ;
#319 = DIRECTION ( 'NONE',  ( -0.000000000000000000, -0.000000000000000000, 1.000000000000000000 ) ) ;
#320 = VERTEX_POINT ( 'NONE', #3114 ) ;
#321 = VERTEX_POINT ( 'NONE', #128 ) ;
#322 = ORIENTED_EDGE ( 'NONE', *, *, #7495, .F. ) ;
#323 = DIRECTION ( 'NONE',  ( -0.000000000000000000, -1.000000000000000000, -0.000000000000000000 ) ) ;
#324 = MECHANICAL_DESIGN_GEOMETRIC_PRESENTATION_REPRESENTATION (  '', ( #566 ), #5087 ) ;
#325 = VECTOR ( 'NONE', #1211, 1000.000000000000000 ) ;
#326 = DIRECTION ( 'NONE',  ( -1.000000000000000000, 0.000000000000000000, 0.000000000000000000 ) ) ;
#327 = DIRECTION ( 'NONE',  ( 0.000000000000000000, 0.000000000000000000, 1.000000000000000000 ) ) ;
#328 = CARTESIAN_POINT ( 'NONE',  ( 0.8749999999999974465, 0.04999999999999999584, -1.200000000000000178 ) ) ;
#329 = ORIENTED_EDGE ( 'NONE', *, *, #1584, .F. ) ;
#330 = VECTOR ( 'NONE', #1607, 1000.000000000000000 ) ;
#331 = AXIS2_PLACEMENT_3D ( 'NONE', #7708, #1132, #4155 ) ;
#332 = EDGE_LOOP ( 'NONE', ( #2813, #3141, #4090, #3408 ) ) ;
#333 = FACE_OUTER_BOUND ( 'NONE', #5605, .T. ) ;
#334 = LINE ( 'NONE', #5238, #6980 ) ;
#335 = PLANE ( 'NONE',  #1378 ) ;
#336 = AXIS2_PLACEMENT_3D ( 'NONE', #3881, #1953, #6885 ) ;
#337 = EDGE_CURVE ( 'NONE', #6765, #2662, #601, .T. ) ;
#338 = EDGE_CURVE ( 'NONE', #7218, #5982, #2994, .T. ) ;
#339 = CARTESIAN_POINT ( 'NONE',  ( 1.149999999999999911, 0.2000000000000000111, 0.1749999999999996558 ) ) ;
#340 = DIRECTION ( 'NONE',  ( 0.000000000000000000, 0.000000000000000000, -1.000000000000000000 ) ) ;
#341 = VERTEX_POINT ( 'NONE', #4761 ) ;
#342 = AXIS2_PLACEMENT_3D ( 'NONE', #2605, #5002, #7377 ) ;
#343 = CARTESIAN_POINT ( 'NONE',  ( 1.500000000000000000, 0.2000000000000000111, 0.3749999999999996669 ) ) ;
#344 = ORIENTED_EDGE ( 'NONE', *, *, #889, .T. ) ;
#345 = EDGE_LOOP ( 'NONE', ( #2001, #6293, #7329, #4992 ) ) ;
#346 = CIRCLE ( 'NONE', #4973, 0.04999999999999991257 ) ;
#347 = CARTESIAN_POINT ( 'NONE',  ( 0.8249999999999975131, 0.2000000000000000111, -1.200000000000000178 ) ) ;
#348 = CARTESIAN_POINT ( 'NONE',  ( -1.499999999999999556, 0.2000000000000000111, 0.6250000000000003331 ) ) ;
#349 = LINE ( 'NONE', #4699, #3838 ) ;
#350 = LINE ( 'NONE', #6847, #6185 ) ;
#351 = VERTEX_POINT ( 'NONE', #3655 ) ;
#352 = DIRECTION ( 'NONE',  ( 0.000000000000000000, 0.000000000000000000, -1.000000000000000000 ) ) ;
#353 = VECTOR ( 'NONE', #533, 1000.000000000000000 ) ;
#354 = ORIENTED_EDGE ( 'NONE', *, *, #5353, .T. ) ;
#355 = ORIENTED_EDGE ( 'NONE', *, *, #1222, .F. ) ;
#356 = DIRECTION ( 'NONE',  ( 0.000000000000000000, 0.000000000000000000, 1.000000000000000000 ) ) ;
#357 = VECTOR ( 'NONE', #2492, 1000.000000000000000 ) ;
#358 = EDGE_CURVE ( 'NONE', #3653, #1877, #5387, .T. ) ;
#359 = DIRECTION ( 'NONE',  ( 0.000000000000000000, 0.000000000000000000, 1.000000000000000000 ) ) ;
#360 = DIRECTION ( 'NONE',  ( 0.000000000000000000, -1.000000000000000000, 0.000000000000000000 ) ) ;
#361 = ORIENTED_EDGE ( 'NONE', *, *, #7660, .T. ) ;
#362 = FILL_AREA_STYLE ('',( #3420 ) ) ;
#363 = DIRECTION ( 'NONE',  ( -1.000000000000000000, 0.000000000000000000, 1.807003620809173399E-16 ) ) ;
#364 = VECTOR ( 'NONE', #799, 1000.000000000000000 ) ;
#365 = DIRECTION ( 'NONE',  ( -1.000000000000000000, 0.000000000000000000, 3.614007241618346799E-16 ) ) ;
#366 = EDGE_CURVE ( 'NONE', #5069, #1398, #635, .T. ) ;
#367 = CARTESIAN_POINT ( 'NONE',  ( -0.8750000000000000000, 0.04999999999999999584, 0.8750000000000000000 ) ) ;
#368 = EDGE_CURVE ( 'NONE', #3441, #2157, #4289, .T. ) ;
#369 = EDGE_CURVE ( 'NONE', #4792, #548, #4218, .T. ) ;
#370 = DIRECTION ( 'NONE',  ( -0.000000000000000000, -1.000000000000000000, -0.000000000000000000 ) ) ;
#371 = ORIENTED_EDGE ( 'NONE', *, *, #4468, .F. ) ;
#372 = ORIENTED_EDGE ( 'NONE', *, *, #6134, .T. ) ;
#373 = DIRECTION ( 'NONE',  ( -0.000000000000000000, -1.000000000000000000, -0.000000000000000000 ) ) ;
#374 =( NAMED_UNIT ( * ) SI_UNIT ( $, .STERADIAN. ) SOLID_ANGLE_UNIT ( ) );
#375 = DIRECTION ( 'NONE',  ( -3.614007241618346799E-16, 0.000000000000000000, -1.000000000000000000 ) ) ;
#376 = LINE ( 'NONE', #5515, #4302 ) ;
#377 = FACE_OUTER_BOUND ( 'NONE', #1548, .T. ) ;
#378 = ORIENTED_EDGE ( 'NONE', *, *, #4535, .F. ) ;
#379 = DIRECTION ( 'NONE',  ( 0.000000000000000000, -1.000000000000000000, 0.000000000000000000 ) ) ;
#380 = VERTEX_POINT ( 'NONE', #7181 ) ;
#381 = EDGE_CURVE ( 'NONE', #3658, #4256, #1341, .T. ) ;
#382 = EDGE_LOOP ( 'NONE', ( #4510, #6899, #5213, #274 ) ) ;
#383 = DIRECTION ( 'NONE',  ( 0.000000000000000000, 0.000000000000000000, 1.000000000000000000 ) ) ;
#384 = DIRECTION ( 'NONE',  ( 0.000000000000000000, -1.000000000000000000, 0.000000000000000000 ) ) ;
#385 = CARTESIAN_POINT ( 'NONE',  ( 0.6250000000000003331, 0.2000000000000000111, 1.199999999999999734 ) ) ;
#386 = LINE ( 'NONE', #6452, #6194 ) ;
#387 = ORIENTED_EDGE ( 'NONE', *, *, #3763, .F. ) ;
#388 = FACE_OUTER_BOUND ( 'NONE', #3629, .T. ) ;
#389 = VERTEX_POINT ( 'NONE', #6548 ) ;
#390 = LINE ( 'NONE', #5296, #1784 ) ;
#391 = CIRCLE ( 'NONE', #5035, 0.04999999999999991257 ) ;
#392 = LINE ( 'NONE', #5754, #4187 ) ;
#393 = CARTESIAN_POINT ( 'NONE',  ( -1.199999999999999734, 0.2000000000000000111, 0.1250000000000001943 ) ) ;
#394 = CARTESIAN_POINT ( 'NONE',  ( -0.1250000000000111577, 0.04999999999999969746, -1.500000000000000222 ) ) ;
#395 = ORIENTED_EDGE ( 'NONE', *, *, #7055, .T. ) ;
#396 = ORIENTED_EDGE ( 'NONE', *, *, #4887, .F. ) ;
#397 = CARTESIAN_POINT ( 'NONE',  ( -0.1249999999999996531, 0.2000000000000000111, 1.499999999999999778 ) ) ;
#398 = CARTESIAN_POINT ( 'NONE',  ( -1.499999999999999556, 0.000000000000000000, 0.6250000000000003331 ) ) ;
#399 = DIRECTION ( 'NONE',  ( -0.000000000000000000, -1.000000000000000000, -0.000000000000000000 ) ) ;
#400 = VERTEX_POINT ( 'NONE', #1189 ) ;
#401 = VERTEX_POINT ( 'NONE', #3029 ) ;
#402 = DIRECTION ( 'NONE',  ( -0.000000000000000000, -1.000000000000000000, -0.000000000000000000 ) ) ;
#403 = ORIENTED_EDGE ( 'NONE', *, *, #3360, .F. ) ;
#404 = CARTESIAN_POINT ( 'NONE',  ( -0.3750000000000112688, 0.000000000000000000, -1.500000000000000000 ) ) ;
#405 = ADVANCED_FACE ( 'NONE', ( #6031 ), #4838, .F. ) ;
#406 = ADVANCED_FACE ( 'NONE', ( #6663 ), #4485, .F. ) ;
#407 = EDGE_CURVE ( 'NONE', #2156, #1060, #2127, .T. ) ;
#408 = EDGE_CURVE ( 'NONE', #3297, #6784, #800, .T. ) ;
#409 = CARTESIAN_POINT ( 'NONE',  ( -0.3749999999999996669, 0.000000000000000000, 1.499999999999999778 ) ) ;
#410 = VECTOR ( 'NONE', #7676, 1000.000000000000000 ) ;
#411 = CARTESIAN_POINT ( 'NONE',  ( 1.500000000000000000, 0.2000000000000000111, -0.6250000000000003331 ) ) ;
#412 = EDGE_LOOP ( 'NONE', ( #2124, #6757, #5047, #4926 ) ) ;
#413 = CARTESIAN_POINT ( 'NONE',  ( -0.1250000000000026090, 0.000000000000000000, -1.200000000000000178 ) ) ;
#414 = ORIENTED_EDGE ( 'NONE', *, *, #7198, .T. ) ;
#415 = CIRCLE ( 'NONE', #3306, 0.04999999999999991257 ) ;
#416 = ORIENTED_EDGE ( 'NONE', *, *, #5669, .T. ) ;
#417 = CARTESIAN_POINT ( 'NONE',  ( 0.000000000000000000, 0.05000000000000000278, -1.149999999999999467 ) ) ;
#418 = LINE ( 'NONE', #5253, #4073 ) ;
#419 = STYLED_ITEM ( 'NONE', ( #4435 ), #2246 ) ;
#420 = CARTESIAN_POINT ( 'NONE',  ( -0.8750000000000000000, 0.2000000000000000111, 0.8750000000000000000 ) ) ;
#421 = CARTESIAN_POINT ( 'NONE',  ( -1.149999999999999467, 0.2000000000000000111, 0.8250000000000002887 ) ) ;
#422 = ORIENTED_EDGE ( 'NONE', *, *, #4788, .T. ) ;
#423 = CARTESIAN_POINT ( 'NONE',  ( -1.199999999999999734, 0.2000000000000000111, 0.1250000000000001943 ) ) ;
#424 = AXIS2_PLACEMENT_3D ( 'NONE', #3258, #5111, #7526 ) ;
#425 = VERTEX_POINT ( 'NONE', #5651 ) ;
#426 = FACE_OUTER_BOUND ( 'NONE', #6313, .T. ) ;
#427 = ADVANCED_FACE ( 'NONE', ( #205 ), #1414, .T. ) ;
#428 = EDGE_CURVE ( 'NONE', #5475, #6159, #3776, .T. ) ;
#429 = CARTESIAN_POINT ( 'NONE',  ( 1.149999999999999911, 0.000000000000000000, -0.8250000000000003997 ) ) ;
#430 = DIRECTION ( 'NONE',  ( -1.000000000000000000, 0.000000000000000000, 0.000000000000000000 ) ) ;
#431 = CARTESIAN_POINT ( 'NONE',  ( 1.500000000000000000, 0.2000000000000000111, -0.1250000000000002776 ) ) ;
#432 = ORIENTED_EDGE ( 'NONE', *, *, #338, .T. ) ;
#433 = AXIS2_PLACEMENT_3D ( 'NONE', #7467, #6718, #2612 ) ;
#434 = EDGE_LOOP ( 'NONE', ( #6395, #7368, #5668, #6021 ) ) ;
#435 = FACE_OUTER_BOUND ( 'NONE', #1197, .T. ) ;
#436 = ORIENTED_EDGE ( 'NONE', *, *, #1986, .F. ) ;
#437 = PRESENTATION_LAYER_ASSIGNMENT (  '', '', ( #1312 ) ) ;
#438 = CARTESIAN_POINT ( 'NONE',  ( -0.1249999999999997086, 0.04999999999999999584, 1.199999999999999734 ) ) ;
#439 = CARTESIAN_POINT ( 'NONE',  ( 1.149999999999999911, 0.000000000000000000, 0.6749999999999996003 ) ) ;
#440 = ORIENTED_EDGE ( 'NONE', *, *, #6338, .T. ) ;
#441 = EDGE_LOOP ( 'NONE', ( #1590, #396, #1082, #5745 ) ) ;
#442 = DIRECTION ( 'NONE',  ( -0.000000000000000000, -1.000000000000000000, -0.000000000000000000 ) ) ;
#443 = CIRCLE ( 'NONE', #4584, 0.04999999999999980849 ) ;
#444 = DIRECTION ( 'NONE',  ( -1.000000000000000000, 0.000000000000000000, 0.000000000000000000 ) ) ;
#445 = CARTESIAN_POINT ( 'NONE',  ( -1.199999999999999734, 0.04999999999999999584, 0.3750000000000002220 ) ) ;
#446 = CARTESIAN_POINT ( 'NONE',  ( 0.1249999999999800576, 0.2000000000000000111, -1.500000000000000000 ) ) ;
#447 = AXIS2_PLACEMENT_3D ( 'NONE', #2590, #5262, #7606 ) ;
#449 = CARTESIAN_POINT ( 'NONE',  ( 1.499999999999997780, 0.2000000000000000111, 0.6249999999999765743 ) ) ;
#448 = AXIS2_PLACEMENT_3D ( 'NONE', #7027, #7696, #7068 ) ;
#450 = EDGE_CURVE ( 'NONE', #6146, #3753, #6268, .T. ) ;
#451 = CARTESIAN_POINT ( 'NONE',  ( -1.499999999999999778, 0.04999999999999969746, 1.499999999999999778 ) ) ;
#452 = ADVANCED_FACE ( 'NONE', ( #3896 ), #954, .T. ) ;
#453 = EDGE_CURVE ( 'NONE', #3396, #874, #5569, .T. ) ;
#454 = SURFACE_SIDE_STYLE ('',( #968 ) ) ;
#455 = ORIENTED_EDGE ( 'NONE', *, *, #2577, .F. ) ;
#456 = LINE ( 'NONE', #3443, #6099 ) ;
#457 = ORIENTED_EDGE ( 'NONE', *, *, #5060, .T. ) ;
#458 = AXIS2_PLACEMENT_3D ( 'NONE', #7122, #2455, #2969 ) ;
#459 = CIRCLE ( 'NONE', #4841, 0.04999999999999991257 ) ;
#460 = ORIENTED_EDGE ( 'NONE', *, *, #1792, .F. ) ;
#461 = VECTOR ( 'NONE', #290, 1000.000000000000000 ) ;
#462 = DIRECTION ( 'NONE',  ( 0.000000000000000000, 1.000000000000000000, 0.000000000000000000 ) ) ;
#463 = EDGE_CURVE ( 'NONE', #3608, #5132, #1881, .T. ) ;
#464 = PLANE ( 'NONE',  #7566 ) ;
#465 = LINE ( 'NONE', #2304, #1088 ) ;
#466 = DIRECTION ( 'NONE',  ( 0.000000000000000000, -1.000000000000000000, 0.000000000000000000 ) ) ;
#467 = EDGE_LOOP ( 'NONE', ( #3856, #1823, #1216, #2316 ) ) ;
#468 = LINE ( 'NONE', #2270, #6090 ) ;
#469 = AXIS2_PLACEMENT_3D ( 'NONE', #3902, #4603, #5130 ) ;
#470 = CARTESIAN_POINT ( 'NONE',  ( -0.1750000000000025147, 0.000000000000000000, -1.200000000000000178 ) ) ;
#471 = DIRECTION ( 'NONE',  ( 0.000000000000000000, 0.000000000000000000, -1.000000000000000000 ) ) ;
#472 = CARTESIAN_POINT ( 'NONE',  ( -1.499999999999999778, -4.242640687119283882, 1.499999999999999778 ) ) ;
#473 = DIRECTION ( 'NONE',  ( 0.000000000000000000, 0.000000000000000000, 1.000000000000000000 ) ) ;
#474 = VERTEX_POINT ( 'NONE', #3308 ) ;
#475 = AXIS2_PLACEMENT_3D ( 'NONE', #4972, #7386, #1510 ) ;
#476 = EDGE_LOOP ( 'NONE', ( #3035, #6413, #5341, #6732 ) ) ;
#477 = ORIENTED_EDGE ( 'NONE', *, *, #2205, .T. ) ;
#478 = LINE ( 'NONE', #1650, #4496 ) ;
#479 = CARTESIAN_POINT ( 'NONE',  ( 1.199999999999999956, 0.2000000000000000111, -0.6250000000000003331 ) ) ;
#480 = ADVANCED_FACE ( 'NONE', ( #1377 ), #7334, .T. ) ;
#481 = ADVANCED_FACE ( 'NONE', ( #7408 ), #2597, .F. ) ;
#482 = ORIENTED_EDGE ( 'NONE', *, *, #683, .F. ) ;
#483 = STYLED_ITEM ( 'NONE', ( #6358 ), #7418 ) ;
#484 = LINE ( 'NONE', #7138, #5281 ) ;
#485 = CARTESIAN_POINT ( 'NONE',  ( -1.499999999999999778, 0.2000000000000000111, 0.3750000000000002776 ) ) ;
#486 = ORIENTED_EDGE ( 'NONE', *, *, #2933, .T. ) ;
#487 = VERTEX_POINT ( 'NONE', #2004 ) ;
#488 = AXIS2_PLACEMENT_3D ( 'NONE', #4370, #723, #6182 ) ;
#489 = DIRECTION ( 'NONE',  ( 0.000000000000000000, 0.000000000000000000, -1.000000000000000000 ) ) ;
#490 = DIRECTION ( 'NONE',  ( 1.000000000000000000, -0.000000000000000000, 0.000000000000000000 ) ) ;
#491 = CARTESIAN_POINT ( 'NONE',  ( 1.499999999999997780, 0.2000000000000000111, 0.6249999999999765743 ) ) ;
#492 = CARTESIAN_POINT ( 'NONE',  ( -0.3749999999999996669, 0.04999999999999969746, 1.499999999999999778 ) ) ;
#493 = FILL_AREA_STYLE ('',( #4652 ) ) ;
#494 = FACE_OUTER_BOUND ( 'NONE', #5891, .T. ) ;
#495 = VERTEX_POINT ( 'NONE', #3858 ) ;
#496 = CARTESIAN_POINT ( 'NONE',  ( -1.199999999999999734, 0.2000000000000000111, -0.1249999999999998196 ) ) ;
#497 = ADVANCED_FACE ( 'NONE', ( #6183 ), #837, .F. ) ;
#499 = VERTEX_POINT ( 'NONE', #283 ) ;
#498 = VERTEX_POINT ( 'NONE', #2721 ) ;
#500 = DIRECTION ( 'NONE',  ( 0.000000000000000000, -1.000000000000000000, 0.000000000000000000 ) ) ;
#501 = CARTESIAN_POINT ( 'NONE',  ( 0.6749999999999973799, 0.2000000000000000111, -1.149999999999999467 ) ) ;
#502 = DIRECTION ( 'NONE',  ( 0.000000000000000000, 1.000000000000000000, 0.000000000000000000 ) ) ;
#503 = FACE_OUTER_BOUND ( 'NONE', #2059, .T. ) ;
#504 = ORIENTED_EDGE ( 'NONE', *, *, #7224, .F. ) ;
#505 = LINE ( 'NONE', #3376, #7475 ) ;
#506 = CLOSED_SHELL ( 'NONE', ( #1, #6460, #7446, #124, #4010, #3569, #3136, #1980 ) ) ;
#507 = ADVANCED_FACE ( 'NONE', ( #7493 ), #1453, .F. ) ;
#508 = EDGE_CURVE ( 'NONE', #1482, #6424, #6512, .T. ) ;
#509 = EDGE_CURVE ( 'NONE', #2952, #4912, #5073, .T. ) ;
#510 = EDGE_CURVE ( 'NONE', #960, #380, #3638, .T. ) ;
#511 = CARTESIAN_POINT ( 'NONE',  ( -1.199999999999999734, 0.04999999999999999584, -0.1749999999999997391 ) ) ;
#512 = CARTESIAN_POINT ( 'NONE',  ( 1.199999999999999734, 0.2000000000000000111, -0.8250000000000003997 ) ) ;
#513 = AXIS2_PLACEMENT_3D ( 'NONE', #6670, #6266, #2938 ) ;
#514 = CARTESIAN_POINT ( 'NONE',  ( -0.1249999999999997086, 0.2000000000000000111, 1.199999999999999734 ) ) ;
#515 = CARTESIAN_POINT ( 'NONE',  ( -0.6750000000000024869, 0.2000000000000000111, -1.200000000000000178 ) ) ;
#516 = ORIENTED_EDGE ( 'NONE', *, *, #5088, .F. ) ;
#517 = ORIENTED_EDGE ( 'NONE', *, *, #850, .F. ) ;
#518 = DIRECTION ( 'NONE',  ( 0.000000000000000000, 1.000000000000000000, 0.000000000000000000 ) ) ;
#519 = AXIS2_PLACEMENT_3D ( 'NONE', #5188, #2210, #6388 ) ;
#520 = ORIENTED_EDGE ( 'NONE', *, *, #5413, .F. ) ;
#521 = LINE ( 'NONE', #2321, #6396 ) ;
#522 = CARTESIAN_POINT ( 'NONE',  ( 0.6249999999999713562, 0.000000000000000000, -1.500000000000000000 ) ) ;
#523 = VERTEX_POINT ( 'NONE', #6385 ) ;
#524 = ORIENTED_EDGE ( 'NONE', *, *, #1167, .T. ) ;
#525 = CARTESIAN_POINT ( 'NONE',  ( -0.8750000000000000000, 0.2000000000000000111, 0.8750000000000000000 ) ) ;
#526 = DIRECTION ( 'NONE',  ( 1.000000000000000000, 0.000000000000000000, -0.000000000000000000 ) ) ;
#527 = CARTESIAN_POINT ( 'NONE',  ( 0.6250000000000004441, 0.2000000000000000111, 1.499999999999999778 ) ) ;
#528 = UNCERTAINTY_MEASURE_WITH_UNIT (LENGTH_MEASURE( 1.000000000000000082E-05 ), #1491, 'distance_accuracy_value', 'NONE');
#529 = PLANE ( 'NONE',  #5312 ) ;
#530 = EDGE_CURVE ( 'NONE', #4525, #6056, #1572, .T. ) ;
#531 = CARTESIAN_POINT ( 'NONE',  ( 1.199999999999999734, 0.2000000000000000111, -0.6750000000000002665 ) ) ;
#532 = ORIENTED_EDGE ( 'NONE', *, *, #358, .F. ) ;
#533 = DIRECTION ( 'NONE',  ( 5.782411586589358664E-14, 0.000000000000000000, 1.000000000000000000 ) ) ;
#535 = ORIENTED_EDGE ( 'NONE', *, *, #915, .F. ) ;
#534 = VERTEX_POINT ( 'NONE', #7051 ) ;
#536 = AXIS2_PLACEMENT_3D ( 'NONE', #6300, #4479, #4397 ) ;
#537 = DIRECTION ( 'NONE',  ( 0.000000000000000000, -1.000000000000000000, 0.000000000000000000 ) ) ;
#538 = DIRECTION ( 'NONE',  ( 1.000000000000000000, 0.000000000000000000, -0.000000000000000000 ) ) ;
#539 = DIRECTION ( 'NONE',  ( 0.000000000000000000, -1.000000000000000000, 0.000000000000000000 ) ) ;
#540 = PLANE ( 'NONE',  #2334 ) ;
#541 = AXIS2_PLACEMENT_3D ( 'NONE', #4686, #4800, #1817 ) ;
#542 = LINE ( 'NONE', #2781, #1731 ) ;
#543 = VECTOR ( 'NONE', #4449, 1000.000000000000000 ) ;
#544 = CARTESIAN_POINT ( 'NONE',  ( 1.199999999999999956, 0.04999999999999999584, -0.3750000000000002776 ) ) ;
#545 = CYLINDRICAL_SURFACE ( 'NONE', #4069, 0.04999999999999991257 ) ;
#546 = DIRECTION ( 'NONE',  ( -0.000000000000000000, -1.000000000000000000, -0.000000000000000000 ) ) ;
#547 = DIRECTION ( 'NONE',  ( 0.000000000000000000, 0.000000000000000000, -1.000000000000000000 ) ) ;
#548 = VERTEX_POINT ( 'NONE', #1144 ) ;
#549 = ADVANCED_FACE ( 'NONE', ( #1611 ), #3421, .F. ) ;
#550 = EDGE_CURVE ( 'NONE', #7246, #7512, #5732, .T. ) ;
#551 = ADVANCED_FACE ( 'NONE', ( #435 ), #4672, .T. ) ;
#552 = ORIENTED_EDGE ( 'NONE', *, *, #450, .F. ) ;
#553 = PRESENTATION_LAYER_ASSIGNMENT (  '', '', ( #2303 ) ) ;
#554 = ORIENTED_EDGE ( 'NONE', *, *, #2812, .T. ) ;
#555 = ORIENTED_EDGE ( 'NONE', *, *, #2701, .T. ) ;
#556 = PLANE ( 'NONE',  #1889 ) ;
#557 = VECTOR ( 'NONE', #1017, 1000.000000000000000 ) ;
#558 = CARTESIAN_POINT ( 'NONE',  ( 1.500000000000000000, 0.000000000000000000, -0.8750000000000003331 ) ) ;
#559 = ORIENTED_EDGE ( 'NONE', *, *, #722, .F. ) ;
#560 = ORIENTED_EDGE ( 'NONE', *, *, #1508, .T. ) ;
#561 = SURFACE_STYLE_FILL_AREA ( #90 ) ;
#562 = CARTESIAN_POINT ( 'NONE',  ( 1.149999999999999911, 0.04999999999999999584, 0.6749999999999996003 ) ) ;
#563 = AXIS2_PLACEMENT_3D ( 'NONE', #4579, #6492, #5291 ) ;
#564 = FACE_OUTER_BOUND ( 'NONE', #7445, .T. ) ;
#565 = DIRECTION ( 'NONE',  ( 0.000000000000000000, 1.000000000000000000, 0.000000000000000000 ) ) ;
#566 = STYLED_ITEM ( 'NONE', ( #4058 ), #4798 ) ;
#567 = MECHANICAL_DESIGN_GEOMETRIC_PRESENTATION_REPRESENTATION (  '', ( #5448 ), #3328 ) ;
#568 = LINE ( 'NONE', #1744, #1458 ) ;
#569 = CARTESIAN_POINT ( 'NONE',  ( 1.499999999999997780, 0.2000000000000000111, 0.6249999999999765743 ) ) ;
#570 = ADVANCED_FACE ( 'NONE', ( #7683 ), #5798, .F. ) ;
#571 = CIRCLE ( 'NONE', #5096, 0.04999999999999991257 ) ;
#572 = EDGE_CURVE ( 'NONE', #7134, #647, #6938, .T. ) ;
#573 = ORIENTED_EDGE ( 'NONE', *, *, #5669, .F. ) ;
#574 = VECTOR ( 'NONE', #1556, 1000.000000000000000 ) ;
#575 = CARTESIAN_POINT ( 'NONE',  ( -0.1749999999999996281, 0.2000000000000000111, 1.149999999999999689 ) ) ;
#576 = CARTESIAN_POINT ( 'NONE',  ( 0.3749999999999800715, 0.2000000000000000111, -1.500000000000000000 ) ) ;
#577 = LINE ( 'NONE', #7707, #834 ) ;
#578 = FACE_OUTER_BOUND ( 'NONE', #1732, .T. ) ;
#579 = ORIENTED_EDGE ( 'NONE', *, *, #137, .T. ) ;
#580 = AXIS2_PLACEMENT_3D ( 'NONE', #3006, #101, #3599 ) ;
#581 = DIRECTION ( 'NONE',  ( -0.000000000000000000, -1.000000000000000000, -0.000000000000000000 ) ) ;
#582 = FACE_OUTER_BOUND ( 'NONE', #3480, .T. ) ;
#583 = CARTESIAN_POINT ( 'NONE',  ( -0.6750000000000000444, 0.000000000000000000, -0.8750000000000000000 ) ) ;
#584 = FACE_OUTER_BOUND ( 'NONE', #191, .T. ) ;
#585 = DIRECTION ( 'NONE',  ( 0.000000000000000000, 0.000000000000000000, 1.000000000000000000 ) ) ;
#586 = EDGE_LOOP ( 'NONE', ( #7357, #4451 ) ) ;
#587 = DIRECTION ( 'NONE',  ( 0.000000000000000000, -0.000000000000000000, 1.000000000000000000 ) ) ;
#588 = ORIENTED_EDGE ( 'NONE', *, *, #6092, .T. ) ;
#589 = AXIS2_PLACEMENT_3D ( 'NONE', #5246, #7625, #5135 ) ;
#590 = EDGE_LOOP ( 'NONE', ( #416, #5892, #3018, #7328, #4949, #221 ) ) ;
#591 = ORIENTED_EDGE ( 'NONE', *, *, #3478, .T. ) ;
#592 = ORIENTED_EDGE ( 'NONE', *, *, #4458, .T. ) ;
#593 = EDGE_CURVE ( 'NONE', #7502, #4046, #1107, .T. ) ;
#594 = CARTESIAN_POINT ( 'NONE',  ( 0.1749999999999973244, 0.000000000000000000, -1.200000000000000178 ) ) ;
#595 = AXIS2_PLACEMENT_3D ( 'NONE', #4278, #1329, #6731 ) ;
#596 =( NAMED_UNIT ( * ) SI_UNIT ( $, .STERADIAN. ) SOLID_ANGLE_UNIT ( ) );
#597 = CARTESIAN_POINT ( 'NONE',  ( -0.8750000000000029976, 0.2000000000000000111, -1.200000000000000178 ) ) ;
#598 = VERTEX_POINT ( 'NONE', #2790 ) ;
#599 = ORIENTED_EDGE ( 'NONE', *, *, #6696, .T. ) ;
#600 = CARTESIAN_POINT ( 'NONE',  ( -0.1750000000000025147, 0.2000000000000000111, -1.200000000000000178 ) ) ;
#601 = LINE ( 'NONE', #2402, #3398 ) ;
#602 = EDGE_CURVE ( 'NONE', #2904, #7088, #3501, .T. ) ;
#603 = EDGE_CURVE ( 'NONE', #3057, #755, #1022, .T. ) ;
#604 = DIRECTION ( 'NONE',  ( 0.000000000000000000, 0.000000000000000000, 1.000000000000000000 ) ) ;
#605 = EDGE_CURVE ( 'NONE', #7134, #5679, #2638, .T. ) ;
#606 = PLANE ( 'NONE',  #5543 ) ;
#607 = STYLED_ITEM ( 'NONE', ( #7228 ), #7187 ) ;
#608 = PLANE ( 'NONE',  #2844 ) ;
#609 = FILL_AREA_STYLE ('',( #7701 ) ) ;
#610 = ORIENTED_EDGE ( 'NONE', *, *, #2494, .T. ) ;
#611 = AXIS2_PLACEMENT_3D ( 'NONE', #160, #3224, #204 ) ;
#612 = VERTEX_POINT ( 'NONE', #4637 ) ;
#613 = LINE ( 'NONE', #25, #2459 ) ;
#614 = DIRECTION ( 'NONE',  ( 0.000000000000000000, 0.000000000000000000, -1.000000000000000000 ) ) ;
#615 = ADVANCED_FACE ( 'NONE', ( #6349 ), #3384, .T. ) ;
#616 = FACE_OUTER_BOUND ( 'NONE', #2937, .T. ) ;
#617 = CARTESIAN_POINT ( 'NONE',  ( -1.499999999999999778, 0.2000000000000000111, 0.1250000000000002498 ) ) ;
#618 = VERTEX_POINT ( 'NONE', #4596 ) ;
#619 = CARTESIAN_POINT ( 'NONE',  ( -0.8750000000000000000, 0.000000000000000000, -0.6750000000000000444 ) ) ;
#620 = LINE ( 'NONE', #1760, #2536 ) ;
#621 = LINE ( 'NONE', #583, #5686 ) ;
#622 = CARTESIAN_POINT ( 'NONE',  ( 0.3750000000000003331, 0.04999999999999999584, 1.499999999999999778 ) ) ;
#623 = DIRECTION ( 'NONE',  ( -1.000000000000000000, 0.000000000000000000, 0.000000000000000000 ) ) ;
#624 = VERTEX_POINT ( 'NONE', #5187 ) ;
#625 = FACE_OUTER_BOUND ( 'NONE', #5520, .T. ) ;
#626 = VECTOR ( 'NONE', #3509, 1000.000000000000000 ) ;
#627 = VERTEX_POINT ( 'NONE', #7570 ) ;
#628 = ORIENTED_EDGE ( 'NONE', *, *, #5086, .F. ) ;
#629 = CARTESIAN_POINT ( 'NONE',  ( -1.199999999999999734, 0.2000000000000000111, -0.1249999999999998196 ) ) ;
#630 = AXIS2_PLACEMENT_3D ( 'NONE', #397, #363, #4556 ) ;
#631 =( LENGTH_UNIT ( ) NAMED_UNIT ( * ) SI_UNIT ( .MILLI., .METRE. ) );
#632 =( NAMED_UNIT ( * ) PLANE_ANGLE_UNIT ( ) SI_UNIT ( $, .RADIAN. ) );
#633 = ORIENTED_EDGE ( 'NONE', *, *, #3405, .T. ) ;
#634 = ORIENTED_EDGE ( 'NONE', *, *, #5858, .F. ) ;
#635 = LINE ( 'NONE', #7144, #7260 ) ;
#636 = VECTOR ( 'NONE', #1733, 1000.000000000000000 ) ;
#637 = DIRECTION ( 'NONE',  ( 0.000000000000000000, 0.000000000000000000, 1.000000000000000000 ) ) ;
#638 = CARTESIAN_POINT ( 'NONE',  ( -2.258754526011467365E-17, 0.05000000000000000278, -0.1250000000000000278 ) ) ;
#639 = AXIS2_PLACEMENT_3D ( 'NONE', #2431, #84, #4281 ) ;
#640 = CARTESIAN_POINT ( 'NONE',  ( -1.199999999999999956, 0.8000000000000000444, -1.200000000000000178 ) ) ;
#641 = ADVANCED_FACE ( 'NONE', ( #6978 ), #5305, .T. ) ;
#642 = EDGE_CURVE ( 'NONE', #652, #1621, #2872, .T. ) ;
#643 = DIRECTION ( 'NONE',  ( 0.000000000000000000, 0.000000000000000000, -1.000000000000000000 ) ) ;
#644 = EDGE_LOOP ( 'NONE', ( #3819, #3707, #2726, #796 ) ) ;
#645 = DIRECTION ( 'NONE',  ( -0.000000000000000000, -1.000000000000000000, -0.000000000000000000 ) ) ;
#646 = PRODUCT_RELATED_PRODUCT_CATEGORY ( 'part', '', ( #2007 ) ) ;
#647 = VERTEX_POINT ( 'NONE', #5835 ) ;
#648 = LINE ( 'NONE', #7705, #1713 ) ;
#649 = CARTESIAN_POINT ( 'NONE',  ( 1.149999999999999911, 0.2000000000000000111, 0.8249999999999997335 ) ) ;
#650 = DIRECTION ( 'NONE',  ( 0.000000000000000000, 0.000000000000000000, 1.000000000000000000 ) ) ;
#651 = DIRECTION ( 'NONE',  ( 1.000000000000000000, 0.000000000000000000, -3.614007241618346799E-16 ) ) ;
#652 = VERTEX_POINT ( 'NONE', #479 ) ;
#653 = DIRECTION ( 'NONE',  ( 0.000000000000000000, 0.000000000000000000, -1.000000000000000000 ) ) ;
#654 = EDGE_CURVE ( 'NONE', #4524, #5475, #5267, .T. ) ;
#655 = LINE ( 'NONE', #2932, #3037 ) ;
#656 = DIRECTION ( 'NONE',  ( -1.000000000000000000, -0.000000000000000000, -0.000000000000000000 ) ) ;
#657 = CIRCLE ( 'NONE', #288, 0.1000000000000000472 ) ;
#658 = CARTESIAN_POINT ( 'NONE',  ( 0.8750000000000000000, 0.000000000000000000, -0.8750000000000000000 ) ) ;
#659 = FACE_OUTER_BOUND ( 'NONE', #6242, .T. ) ;
#660 = VERTEX_POINT ( 'NONE', #162 ) ;
#661 = FACE_OUTER_BOUND ( 'NONE', #7655, .T. ) ;
#662 = ORIENTED_EDGE ( 'NONE', *, *, #5828, .F. ) ;
#663 = ORIENTED_EDGE ( 'NONE', *, *, #2611, .T. ) ;
#664 = ORIENTED_EDGE ( 'NONE', *, *, #5354, .T. ) ;
#665 = EDGE_CURVE ( 'NONE', #2923, #4301, #4797, .T. ) ;
#666 = DIRECTION ( 'NONE',  ( 0.000000000000000000, -1.000000000000000000, 0.000000000000000000 ) ) ;
#667 = CARTESIAN_POINT ( 'NONE',  ( -1.199999999999999734, 0.2000000000000000111, -0.3749999999999997780 ) ) ;
#668 = ORIENTED_EDGE ( 'NONE', *, *, #7231, .F. ) ;
#669 = AXIS2_PLACEMENT_3D ( 'NONE', #7058, #1693, #5875 ) ;
#670 = EDGE_LOOP ( 'NONE', ( #7257, #1806, #1633, #2853 ) ) ;
#671 = EDGE_LOOP ( 'NONE', ( #554, #2694, #5688, #2691 ) ) ;
#672 = FACE_OUTER_BOUND ( 'NONE', #3748, .T. ) ;
#673 = PLANE ( 'NONE',  #4640 ) ;
#674 = VECTOR ( 'NONE', #1283, 1000.000000000000000 ) ;
#675 = CYLINDRICAL_SURFACE ( 'NONE', #6957, 0.04999999999999991257 ) ;
#676 = DIRECTION ( 'NONE',  ( -0.000000000000000000, -0.000000000000000000, 1.000000000000000000 ) ) ;
#677 = ORIENTED_EDGE ( 'NONE', *, *, #4347, .F. ) ;
#678 = LINE ( 'NONE', #2448, #3974 ) ;
#679 = CIRCLE ( 'NONE', #2433, 0.05000000000000012768 ) ;
#680 =( LENGTH_UNIT ( ) NAMED_UNIT ( * ) SI_UNIT ( .MILLI., .METRE. ) );
#681 = EDGE_LOOP ( 'NONE', ( #355, #378, #2475, #7667, #5959, #5458 ) ) ;
#682 = AXIS2_PLACEMENT_3D ( 'NONE', #975, #1553, #4618 ) ;
#683 = EDGE_CURVE ( 'NONE', #5555, #1845, #6629, .T. ) ;
#684 = VECTOR ( 'NONE', #3929, 1000.000000000000000 ) ;
#685 = EDGE_CURVE ( 'NONE', #83, #6784, #3567, .T. ) ;
#686 = ADVANCED_FACE ( 'NONE', ( #4247 ), #5380, .T. ) ;
#687 = DIRECTION ( 'NONE',  ( 0.000000000000000000, -0.000000000000000000, 1.000000000000000000 ) ) ;
#688 = CARTESIAN_POINT ( 'NONE',  ( 1.500000000000000222, -4.242640687119283882, 1.499999999999999778 ) ) ;
#689 = MANIFOLD_SOLID_BREP ( 'Boss-Extrude3[12]', #5008 ) ;
#690 = DIRECTION ( 'NONE',  ( 0.000000000000000000, 0.000000000000000000, -1.000000000000000000 ) ) ;
#691 = VERTEX_POINT ( 'NONE', #6862 ) ;
#692 = CARTESIAN_POINT ( 'NONE',  ( -1.499999999999999778, 0.04999999999999969746, 1.499999999999999778 ) ) ;
#693 = ORIENTED_EDGE ( 'NONE', *, *, #3910, .F. ) ;
#694 = DIRECTION ( 'NONE',  ( 0.000000000000000000, -1.000000000000000000, 0.000000000000000000 ) ) ;
#695 = VECTOR ( 'NONE', #4490, 1000.000000000000000 ) ;
#696 = AXIS2_PLACEMENT_3D ( 'NONE', #3209, #1477, #6886 ) ;
#697 = EDGE_CURVE ( 'NONE', #7167, #3263, #7145, .T. ) ;
#698 = EDGE_CURVE ( 'NONE', #660, #5889, #2722, .T. ) ;
#699 = CARTESIAN_POINT ( 'NONE',  ( -0.3249999999999997891, 0.2000000000000000111, 1.199999999999999734 ) ) ;
#700 = EDGE_CURVE ( 'NONE', #7534, #2503, #5075, .T. ) ;
#701 = AXIS2_PLACEMENT_3D ( 'NONE', #950, #5027, #5564 ) ;
#702 = DIRECTION ( 'NONE',  ( -0.000000000000000000, 0.000000000000000000, 1.000000000000000000 ) ) ;
#703 = CIRCLE ( 'NONE', #6705, 0.04999999999999991257 ) ;
#704 = LINE ( 'NONE', #3606, #3343 ) ;
#705 = LINE ( 'NONE', #148, #5089 ) ;
#706 = ORIENTED_EDGE ( 'NONE', *, *, #7014, .T. ) ;
#707 = LINE ( 'NONE', #7168, #2731 ) ;
#708 = ORIENTED_EDGE ( 'NONE', *, *, #2534, .F. ) ;
#709 = ORIENTED_EDGE ( 'NONE', *, *, #7691, .T. ) ;
#710 = CIRCLE ( 'NONE', #580, 0.05000000000000012768 ) ;
#711 = AXIS2_PLACEMENT_3D ( 'NONE', #841, #3229, #4560 ) ;
#712 = ORIENTED_EDGE ( 'NONE', *, *, #7115, .T. ) ;
#713 = ORIENTED_EDGE ( 'NONE', *, *, #6913, .F. ) ;
#714 = LINE ( 'NONE', #5454, #6130 ) ;
#715 = CARTESIAN_POINT ( 'NONE',  ( 0.6249999999999971134, 0.000000000000000000, -1.200000000000000178 ) ) ;
#716 = CARTESIAN_POINT ( 'NONE',  ( -0.8750000000000026645, 0.2000000000000000111, -1.500000000000000000 ) ) ;
#717 = SURFACE_STYLE_FILL_AREA ( #6067 ) ;
#718 = ORIENTED_EDGE ( 'NONE', *, *, #6871, .F. ) ;
#719 = ORIENTED_EDGE ( 'NONE', *, *, #4458, .F. ) ;
#720 = ORIENTED_EDGE ( 'NONE', *, *, #5952, .F. ) ;
#721 = EDGE_CURVE ( 'NONE', #4634, #1613, #1014, .T. ) ;
#722 = EDGE_CURVE ( 'NONE', #2904, #4429, #284, .T. ) ;
#723 = DIRECTION ( 'NONE',  ( -0.000000000000000000, -1.000000000000000000, -0.000000000000000000 ) ) ;
#724 = CYLINDRICAL_SURFACE ( 'NONE', #5013, 0.05000000000000012768 ) ;
#725 = UNCERTAINTY_MEASURE_WITH_UNIT (LENGTH_MEASURE( 1.000000000000000082E-05 ), #7509, 'distance_accuracy_value', 'NONE');
#726 = AXIS2_PLACEMENT_3D ( 'NONE', #4742, #4585, #3961 ) ;
#727 = DIRECTION ( 'NONE',  ( 0.000000000000000000, -1.000000000000000000, 0.000000000000000000 ) ) ;
#728 = CARTESIAN_POINT ( 'NONE',  ( -0.6749999999999996003, 0.000000000000000000, 1.149999999999999689 ) ) ;
#729 = ORIENTED_EDGE ( 'NONE', *, *, #7178, .F. ) ;
#730 = CARTESIAN_POINT ( 'NONE',  ( -1.149999999999999467, 0.2000000000000000111, 0.8250000000000002887 ) ) ;
#731 = AXIS2_PLACEMENT_3D ( 'NONE', #4031, #1085, #7075 ) ;
#732 = LINE ( 'NONE', #7461, #5738 ) ;
#733 = ORIENTED_EDGE ( 'NONE', *, *, #1109, .T. ) ;
#734 = ORIENTED_EDGE ( 'NONE', *, *, #3721, .F. ) ;
#735 = COLOUR_RGB ( '',0.7921568627450980005, 0.8196078431372548767, 0.9333333333333333481 ) ;
#736 = CARTESIAN_POINT ( 'NONE',  ( -0.8750000000000026645, 0.2000000000000000111, -1.500000000000000000 ) ) ;
#737 = MANIFOLD_SOLID_BREP ( 'Boss-Extrude3[3]', #6876 ) ;
#738 = PLANE ( 'NONE',  #6457 ) ;
#739 = EDGE_LOOP ( 'NONE', ( #1310, #6355, #3810, #867 ) ) ;
#740 = DIRECTION ( 'NONE',  ( 1.000000000000000000, -0.000000000000000000, -0.000000000000000000 ) ) ;
#741 = VERTEX_POINT ( 'NONE', #956 ) ;
#742 = MECHANICAL_DESIGN_GEOMETRIC_PRESENTATION_REPRESENTATION (  '', ( #6991 ), #745 ) ;
#743 = EDGE_CURVE ( 'NONE', #6909, #7588, #1457, .T. ) ;
#744 = PLANE ( 'NONE',  #1534 ) ;
#745 =( GEOMETRIC_REPRESENTATION_CONTEXT ( 3 ) GLOBAL_UNCERTAINTY_ASSIGNED_CONTEXT ( ( #2598 ) ) GLOBAL_UNIT_ASSIGNED_CONTEXT ( ( #2755, #2830, #3307 ) ) REPRESENTATION_CONTEXT ( 'NONE', 'WORKASPACE' ) );
#746 = CARTESIAN_POINT ( 'NONE',  ( -0.1250000000000112688, 0.2000000000000000111, -1.500000000000000000 ) ) ;
#747 = CARTESIAN_POINT ( 'NONE',  ( 1.500000000000000000, 0.2000000000000000111, 0.3749999999999996669 ) ) ;
#748 = CARTESIAN_POINT ( 'NONE',  ( -0.6750000000000024869, 0.04999999999999999584, -1.200000000000000178 ) ) ;
#749 = ORIENTED_EDGE ( 'NONE', *, *, #986, .T. ) ;
#750 = DIRECTION ( 'NONE',  ( 0.000000000000000000, -1.000000000000000000, 0.000000000000000000 ) ) ;
#751 = EDGE_CURVE ( 'NONE', #2135, #7405, #7148, .T. ) ;
#752 = EDGE_CURVE ( 'NONE', #3948, #3325, #4408, .T. ) ;
#753 = ADVANCED_FACE ( 'NONE', ( #3861 ), #3186, .F. ) ;
#754 = ORIENTED_EDGE ( 'NONE', *, *, #2809, .F. ) ;
#755 = VERTEX_POINT ( 'NONE', #1415 ) ;
#756 = ORIENTED_EDGE ( 'NONE', *, *, #1601, .T. ) ;
#757 = DIRECTION ( 'NONE',  ( -0.000000000000000000, -1.000000000000000000, -0.000000000000000000 ) ) ;
#758 = LINE ( 'NONE', #4515, #1924 ) ;
#759 = DIRECTION ( 'NONE',  ( -0.000000000000000000, -1.000000000000000000, -0.000000000000000000 ) ) ;
#760 = ORIENTED_EDGE ( 'NONE', *, *, #5272, .T. ) ;
#761 = ORIENTED_EDGE ( 'NONE', *, *, #685, .T. ) ;
#762 = ORIENTED_EDGE ( 'NONE', *, *, #642, .T. ) ;
#763 = LINE ( 'NONE', #4445, #1479 ) ;
#764 = DIRECTION ( 'NONE',  ( 0.000000000000000000, -1.000000000000000000, 0.000000000000000000 ) ) ;
#765 = DIRECTION ( 'NONE',  ( -0.000000000000000000, -1.000000000000000000, -0.000000000000000000 ) ) ;
#766 = CARTESIAN_POINT ( 'NONE',  ( -1.199999999999999734, 0.000000000000000000, -0.3749999999999997780 ) ) ;
#767 = ORIENTED_EDGE ( 'NONE', *, *, #6915, .T. ) ;
#768 = VECTOR ( 'NONE', #3462, 1000.000000000000000 ) ;
#769 = CARTESIAN_POINT ( 'NONE',  ( 0.6250000000001014744, 0.05000000000000000278, -5.421010862428403801E-14 ) ) ;
#770 = LINE ( 'NONE', #884, #3614 ) ;
#771 = ORIENTED_EDGE ( 'NONE', *, *, #6716, .T. ) ;
#772 = VECTOR ( 'NONE', #4829, 1000.000000000000000 ) ;
#773 = EDGE_CURVE ( 'NONE', #5071, #4824, #521, .T. ) ;
#774 = CARTESIAN_POINT ( 'NONE',  ( 1.500000000000000000, 0.000000000000000000, -0.3750000000000003331 ) ) ;
#775 = DIRECTION ( 'NONE',  ( 0.000000000000000000, -0.000000000000000000, 1.000000000000000000 ) ) ;
#776 = ORIENTED_EDGE ( 'NONE', *, *, #5228, .F. ) ;
#777 = DIRECTION ( 'NONE',  ( -1.000000000000000000, 0.000000000000000000, 0.000000000000000000 ) ) ;
#778 = ORIENTED_EDGE ( 'NONE', *, *, #6842, .F. ) ;
#779 = CARTESIAN_POINT ( 'NONE',  ( -0.8750000000000026645, 0.2000000000000000111, -1.500000000000000000 ) ) ;
#780 = CARTESIAN_POINT ( 'NONE',  ( 0.1750000000000002109, 0.2000000000000000111, 1.199999999999999734 ) ) ;
#781 = DIRECTION ( 'NONE',  ( 0.000000000000000000, 1.000000000000000000, 0.000000000000000000 ) ) ;
#782 = LINE ( 'NONE', #1248, #4209 ) ;
#783 = ORIENTED_EDGE ( 'NONE', *, *, #4349, .F. ) ;
#784 = CARTESIAN_POINT ( 'NONE',  ( 0.000000000000000000, 0.05000000000000000278, -1.149999999999999467 ) ) ;
#785 = ORIENTED_EDGE ( 'NONE', *, *, #4917, .T. ) ;
#786 = ORIENTED_EDGE ( 'NONE', *, *, #4816, .T. ) ;
#787 = ORIENTED_EDGE ( 'NONE', *, *, #3379, .T. ) ;
#788 = AXIS2_PLACEMENT_3D ( 'NONE', #6806, #2627, #6853 ) ;
#789 = DIRECTION ( 'NONE',  ( 1.000000000000000000, 0.000000000000000000, -0.000000000000000000 ) ) ;
#790 = EDGE_CURVE ( 'NONE', #952, #5203, #4756, .T. ) ;
#791 = DIRECTION ( 'NONE',  ( 0.000000000000000000, -1.000000000000000000, 0.000000000000000000 ) ) ;
#792 = EDGE_CURVE ( 'NONE', #952, #3751, #5766, .T. ) ;
#793 = ADVANCED_FACE ( 'NONE', ( #4639 ), #1027, .F. ) ;
#794 = DIRECTION ( 'NONE',  ( -0.000000000000000000, -1.000000000000000000, -0.000000000000000000 ) ) ;
#795 = ORIENTED_EDGE ( 'NONE', *, *, #4251, .T. ) ;
#796 = ORIENTED_EDGE ( 'NONE', *, *, #5765, .T. ) ;
#797 = ORIENTED_EDGE ( 'NONE', *, *, #3389, .T. ) ;
#798 = VECTOR ( 'NONE', #54, 1000.000000000000000 ) ;
#799 = DIRECTION ( 'NONE',  ( 2.891205793294679332E-14, -0.000000000000000000, 1.000000000000000000 ) ) ;
#800 = LINE ( 'NONE', #6859, #4142 ) ;
#801 = UNCERTAINTY_MEASURE_WITH_UNIT (LENGTH_MEASURE( 1.000000000000000082E-05 ), #7180, 'distance_accuracy_value', 'NONE');
#802 = LINE ( 'NONE', #638, #6290 ) ;
#803 = VECTOR ( 'NONE', #6390, 1000.000000000000000 ) ;
#804 = VERTEX_POINT ( 'NONE', #398 ) ;
#805 = CARTESIAN_POINT ( 'NONE',  ( 1.149999999999999911, 0.2000000000000000111, -0.8250000000000003997 ) ) ;
#806 = DIRECTION ( 'NONE',  ( 0.000000000000000000, 1.000000000000000000, 0.000000000000000000 ) ) ;
#807 = LINE ( 'NONE', #215, #5508 ) ;
#808 = VECTOR ( 'NONE', #3096, 1000.000000000000000 ) ;
#809 = ORIENTED_EDGE ( 'NONE', *, *, #1754, .F. ) ;
#810 = LINE ( 'NONE', #3197, #7065 ) ;
#811 = AXIS2_PLACEMENT_3D ( 'NONE', #5929, #6043, #3712 ) ;
#812 = FACE_OUTER_BOUND ( 'NONE', #5225, .T. ) ;
#813 = EDGE_LOOP ( 'NONE', ( #2924, #200, #7002, #41 ) ) ;
#814 = FACE_OUTER_BOUND ( 'NONE', #6525, .T. ) ;
#815 = ADVANCED_FACE ( 'NONE', ( #992 ), #556, .F. ) ;
#816 = EDGE_CURVE ( 'NONE', #1213, #6218, #1388, .T. ) ;
#817 = ORIENTED_EDGE ( 'NONE', *, *, #7104, .F. ) ;
#818 = AXIS2_PLACEMENT_3D ( 'NONE', #5068, #2201, #1405 ) ;
#819 = DIRECTION ( 'NONE',  ( -0.000000000000000000, -1.000000000000000000, -0.000000000000000000 ) ) ;
#820 = PLANE ( 'NONE',  #81 ) ;
#821 = FACE_OUTER_BOUND ( 'NONE', #5379, .T. ) ;
#822 = VECTOR ( 'NONE', #623, 1000.000000000000000 ) ;
#823 = CARTESIAN_POINT ( 'NONE',  ( -0.1749999999999996281, 0.2000000000000000111, 1.149999999999999689 ) ) ;
#824 = ORIENTED_EDGE ( 'NONE', *, *, #721, .T. ) ;
#825 = ORIENTED_EDGE ( 'NONE', *, *, #892, .T. ) ;
#826 = AXIS2_PLACEMENT_3D ( 'NONE', #5646, #7443, #7527 ) ;
#827 = VECTOR ( 'NONE', #4102, 1000.000000000000000 ) ;
#828 = FACE_OUTER_BOUND ( 'NONE', #4826, .T. ) ;
#829 = CARTESIAN_POINT ( 'NONE',  ( -1.199999999999999734, 0.2000000000000000111, -0.8249999999999998446 ) ) ;
#830 = DIRECTION ( 'NONE',  ( 0.000000000000000000, 0.000000000000000000, 1.000000000000000000 ) ) ;
#831 = EDGE_LOOP ( 'NONE', ( #7490, #6692, #7406, #5648 ) ) ;
#832 = ORIENTED_EDGE ( 'NONE', *, *, #3071, .F. ) ;
#833 = EDGE_LOOP ( 'NONE', ( #2109, #6834, #6248, #1465, #1419, #3904 ) ) ;
#834 = VECTOR ( 'NONE', #4740, 1000.000000000000000 ) ;
#835 = VECTOR ( 'NONE', #2891, 1000.000000000000000 ) ;
#836 = FACE_OUTER_BOUND ( 'NONE', #1180, .T. ) ;
#837 = PLANE ( 'NONE',  #6127 ) ;
#838 = ADVANCED_FACE ( 'NONE', ( #2360 ), #6505, .F. ) ;
#839 = VECTOR ( 'NONE', #7339, 1000.000000000000000 ) ;
#840 = FACE_OUTER_BOUND ( 'NONE', #4565, .T. ) ;
#841 = CARTESIAN_POINT ( 'NONE',  ( -0.6249999999999995559, 0.2000000000000000111, 1.499999999999999778 ) ) ;
#842 = EDGE_LOOP ( 'NONE', ( #4633, #5339, #4294, #5811 ) ) ;
#843 = VERTEX_POINT ( 'NONE', #7613 ) ;
#844 = DIRECTION ( 'NONE',  ( 0.000000000000000000, 0.000000000000000000, 1.000000000000000000 ) ) ;
#845 = CARTESIAN_POINT ( 'NONE',  ( 1.500000000000000000, 0.000000000000000000, -0.3750000000000003331 ) ) ;
#846 = ORIENTED_EDGE ( 'NONE', *, *, #5394, .F. ) ;
#847 = AXIS2_PLACEMENT_3D ( 'NONE', #5675, #3251, #352 ) ;
#848 = EDGE_CURVE ( 'NONE', #2764, #1346, #897, .T. ) ;
#849 = EDGE_CURVE ( 'NONE', #4945, #1511, #3505, .T. ) ;
#850 = EDGE_CURVE ( 'NONE', #3900, #4301, #5873, .T. ) ;
#851 = ORIENTED_EDGE ( 'NONE', *, *, #5282, .T. ) ;
#852 = VECTOR ( 'NONE', #1392, 1000.000000000000000 ) ;
#853 = DIRECTION ( 'NONE',  ( -0.000000000000000000, -1.000000000000000000, -0.000000000000000000 ) ) ;
#854 = CARTESIAN_POINT ( 'NONE',  ( -1.500000000000000000, 0.2000000000000000111, -0.6249999999999996669 ) ) ;
#855 = ORIENTED_EDGE ( 'NONE', *, *, #914, .F. ) ;
#856 = CARTESIAN_POINT ( 'NONE',  ( -1.199999999999999956, 0.7500000000000000000, -1.100000000000000089 ) ) ;
#857 = EDGE_LOOP ( 'NONE', ( #6116, #1173, #1070, #5524, #1966, #2073 ) ) ;
#858 = VECTOR ( 'NONE', #2098, 1000.000000000000000 ) ;
#859 = ORIENTED_EDGE ( 'NONE', *, *, #4290, .T. ) ;
#860 = ADVANCED_FACE ( 'NONE', ( #5838 ), #5800, .F. ) ;
#861 = CARTESIAN_POINT ( 'NONE',  ( 1.199999999999999956, 0.2000000000000000111, -0.8750000000000002220 ) ) ;
#862 = LINE ( 'NONE', #1990, #5099 ) ;
#863 = CARTESIAN_POINT ( 'NONE',  ( 1.199999999999999956, 0.2000000000000000111, -0.3250000000000003442 ) ) ;
#864 = CIRCLE ( 'NONE', #1858, 0.1000000000000000472 ) ;
#865 = CARTESIAN_POINT ( 'NONE',  ( -0.1250000000000026090, 0.2000000000000000111, -1.200000000000000178 ) ) ;
#866 = EDGE_LOOP ( 'NONE', ( #7061, #1789, #2877, #3899 ) ) ;
#867 = ORIENTED_EDGE ( 'NONE', *, *, #7295, .T. ) ;
#868 = ORIENTED_EDGE ( 'NONE', *, *, #5228, .T. ) ;
#869 = DIRECTION ( 'NONE',  ( 1.000000000000000000, 0.000000000000000000, -1.807003620809173399E-16 ) ) ;
#870 = EDGE_CURVE ( 'NONE', #7035, #351, #484, .T. ) ;
#871 = FACE_OUTER_BOUND ( 'NONE', #2430, .T. ) ;
#872 = FACE_OUTER_BOUND ( 'NONE', #2554, .T. ) ;
#873 = CARTESIAN_POINT ( 'NONE',  ( -1.149999999999999911, 0.2000000000000000111, -0.6749999999999997113 ) ) ;
#874 = VERTEX_POINT ( 'NONE', #6351 ) ;
#875 = ORIENTED_EDGE ( 'NONE', *, *, #5060, .F. ) ;
#876 = CARTESIAN_POINT ( 'NONE',  ( 1.149999999999999911, 0.2000000000000000111, 0.6749999999999996003 ) ) ;
#877 = CARTESIAN_POINT ( 'NONE',  ( 1.199999999999999956, 0.2000000000000000111, 0.6749999999999996003 ) ) ;
#878 = DIRECTION ( 'NONE',  ( 0.000000000000000000, 1.000000000000000000, 0.000000000000000000 ) ) ;
#879 = CARTESIAN_POINT ( 'NONE',  ( -0.8750000000000026645, 0.2000000000000000111, -1.500000000000000000 ) ) ;
#880 = DIRECTION ( 'NONE',  ( 0.000000000000000000, 0.000000000000000000, 1.000000000000000000 ) ) ;
#881 = ORIENTED_EDGE ( 'NONE', *, *, #4439, .T. ) ;
#882 = ORIENTED_EDGE ( 'NONE', *, *, #1700, .T. ) ;
#883 = DIRECTION ( 'NONE',  ( -1.000000000000000000, 0.000000000000000000, 1.807003620809173399E-16 ) ) ;
#884 = CARTESIAN_POINT ( 'NONE',  ( 1.149999999999999911, 0.2000000000000000111, -0.3250000000000003442 ) ) ;
#885 = DIRECTION ( 'NONE',  ( -1.000000000000000000, -0.000000000000000000, -0.000000000000000000 ) ) ;
#886 = VECTOR ( 'NONE', #885, 1000.000000000000000 ) ;
#887 = ORIENTED_EDGE ( 'NONE', *, *, #3685, .F. ) ;
#888 = AXIS2_PLACEMENT_3D ( 'NONE', #6229, #4519, #1529 ) ;
#889 = EDGE_CURVE ( 'NONE', #5349, #6681, #7651, .T. ) ;
#890 = DIRECTION ( 'NONE',  ( -0.000000000000000000, -1.000000000000000000, -0.000000000000000000 ) ) ;
#891 = EDGE_CURVE ( 'NONE', #3735, #6900, #7392, .T. ) ;
#892 = EDGE_CURVE ( 'NONE', #6433, #7196, #4598, .T. ) ;
#893 = DIRECTION ( 'NONE',  ( -0.000000000000000000, -1.000000000000000000, -0.000000000000000000 ) ) ;
#894 = ORIENTED_EDGE ( 'NONE', *, *, #3276, .T. ) ;
#895 = DIRECTION ( 'NONE',  ( 0.000000000000000000, 1.000000000000000000, 0.000000000000000000 ) ) ;
#896 = ORIENTED_EDGE ( 'NONE', *, *, #2078, .T. ) ;
#897 = CIRCLE ( 'NONE', #5887, 0.04999999999999980849 ) ;
#898 = ORIENTED_EDGE ( 'NONE', *, *, #3478, .F. ) ;
#899 = LINE ( 'NONE', #225, #1929 ) ;
#900 = DIRECTION ( 'NONE',  ( 0.000000000000000000, 0.000000000000000000, -1.000000000000000000 ) ) ;
#901 = CARTESIAN_POINT ( 'NONE',  ( 1.199999999999999956, 0.2000000000000000111, 0.1249999999999997363 ) ) ;
#902 = CARTESIAN_POINT ( 'NONE',  ( -0.1249999999999996531, 0.2000000000000000111, 1.499999999999999778 ) ) ;
#903 = VERTEX_POINT ( 'NONE', #2282 ) ;
#904 = ORIENTED_EDGE ( 'NONE', *, *, #7411, .T. ) ;
#905 = VERTEX_POINT ( 'NONE', #438 ) ;
#906 = DIRECTION ( 'NONE',  ( -0.000000000000000000, -1.000000000000000000, -0.000000000000000000 ) ) ;
#907 = DIRECTION ( 'NONE',  ( 0.000000000000000000, 1.000000000000000000, 0.000000000000000000 ) ) ;
#908 = CARTESIAN_POINT ( 'NONE',  ( -0.8750000000000029976, 0.2000000000000000111, -1.200000000000000178 ) ) ;
#909 = LINE ( 'NONE', #3219, #684 ) ;
#910 = ORIENTED_EDGE ( 'NONE', *, *, #3738, .T. ) ;
#911 = ORIENTED_EDGE ( 'NONE', *, *, #4055, .T. ) ;
#912 = ORIENTED_EDGE ( 'NONE', *, *, #6624, .F. ) ;
#913 = CARTESIAN_POINT ( 'NONE',  ( -1.500000000000000000, 0.2000000000000000111, -0.6249999999999996669 ) ) ;
#914 = EDGE_CURVE ( 'NONE', #4474, #1287, #2247, .T. ) ;
#915 = EDGE_CURVE ( 'NONE', #5402, #5985, #20, .T. ) ;
#916 = FACE_OUTER_BOUND ( 'NONE', #7576, .T. ) ;
#917 = DIRECTION ( 'NONE',  ( -0.000000000000000000, -1.000000000000000000, -0.000000000000000000 ) ) ;
#918 = ORIENTED_EDGE ( 'NONE', *, *, #1936, .F. ) ;
#919 = VECTOR ( 'NONE', #3801, 1000.000000000000000 ) ;
#920 = EDGE_LOOP ( 'NONE', ( #3705, #4343, #2991, #2300 ) ) ;
#921 = CARTESIAN_POINT ( 'NONE',  ( 0.3250000000000003997, 0.000000000000000000, 1.149999999999999689 ) ) ;
#922 = CARTESIAN_POINT ( 'NONE',  ( -0.1749999999999996281, 0.2000000000000000111, 1.199999999999999734 ) ) ;
#923 = ORIENTED_EDGE ( 'NONE', *, *, #5353, .F. ) ;
#924 = DIRECTION ( 'NONE',  ( 0.000000000000000000, 0.000000000000000000, 1.000000000000000000 ) ) ;
#925 = VECTOR ( 'NONE', #5076, 1000.000000000000000 ) ;
#926 = CARTESIAN_POINT ( 'NONE',  ( -1.199999999999999734, 0.2000000000000000111, -0.3749999999999997780 ) ) ;
#927 = LINE ( 'NONE', #2018, #3062 ) ;
#928 = DIRECTION ( 'NONE',  ( 0.000000000000000000, 0.000000000000000000, -1.000000000000000000 ) ) ;
#929 = VERTEX_POINT ( 'NONE', #4210 ) ;
#930 = PLANE ( 'NONE',  #2854 ) ;
#931 = ORIENTED_EDGE ( 'NONE', *, *, #3118, .T. ) ;
#932 = EDGE_CURVE ( 'NONE', #5132, #5402, #714, .T. ) ;
#933 = ORIENTED_EDGE ( 'NONE', *, *, #2472, .T. ) ;
#934 = EDGE_CURVE ( 'NONE', #5914, #2214, #6616, .T. ) ;
#935 = CIRCLE ( 'NONE', #2552, 0.04999999999999980849 ) ;
#936 = CARTESIAN_POINT ( 'NONE',  ( -1.499999999999999778, 0.8000000000000000444, 1.499999999999999778 ) ) ;
#937 = DIRECTION ( 'NONE',  ( 2.891205793294679332E-14, 0.000000000000000000, 1.000000000000000000 ) ) ;
#938 = DIRECTION ( 'NONE',  ( 0.000000000000000000, 1.000000000000000000, 0.000000000000000000 ) ) ;
#939 = CARTESIAN_POINT ( 'NONE',  ( 1.149999999999999911, 0.04999999999999999584, -0.8250000000000003997 ) ) ;
#940 = ORIENTED_EDGE ( 'NONE', *, *, #5901, .F. ) ;
#941 = LINE ( 'NONE', #6848, #2850 ) ;
#942 = VECTOR ( 'NONE', #4104, 1000.000000000000000 ) ;
#943 = ORIENTED_EDGE ( 'NONE', *, *, #7637, .T. ) ;
#944 = EDGE_CURVE ( 'NONE', #3355, #3255, #139, .T. ) ;
#945 = EDGE_CURVE ( 'NONE', #1738, #3262, #11, .T. ) ;
#946 = ORIENTED_EDGE ( 'NONE', *, *, #1793, .F. ) ;
#947 = EDGE_CURVE ( 'NONE', #6298, #86, #3648, .T. ) ;
#948 = CARTESIAN_POINT ( 'NONE',  ( 1.149999999999999911, 0.05000000000000000278, 0.000000000000000000 ) ) ;
#949 = COLOUR_RGB ( '',0.7921568627450980005, 0.8196078431372548767, 0.9333333333333333481 ) ;
#950 = CARTESIAN_POINT ( 'NONE',  ( 1.149999999999999911, 0.2000000000000000111, -0.3250000000000003442 ) ) ;
#951 = LINE ( 'NONE', #3852, #5082 ) ;
#952 = VERTEX_POINT ( 'NONE', #6581 ) ;
#953 = ORIENTED_EDGE ( 'NONE', *, *, #4535, .T. ) ;
#954 = CYLINDRICAL_SURFACE ( 'NONE', #4520, 0.04999999999999991257 ) ;
#955 = CIRCLE ( 'NONE', #4339, 0.04999999999999991257 ) ;
#956 = CARTESIAN_POINT ( 'NONE',  ( 0.8750000000000000000, 0.2000000000000000111, -0.8750000000000000000 ) ) ;
#957 = PLANE ( 'NONE',  #3046 ) ;
#958 = EDGE_CURVE ( 'NONE', #2665, #7482, #7173, .T. ) ;
#959 = DIRECTION ( 'NONE',  ( -1.000000000000000000, 0.000000000000000000, 3.614007241618346799E-16 ) ) ;
#960 = VERTEX_POINT ( 'NONE', #153 ) ;
#961 = CIRCLE ( 'NONE', #6327, 0.04999999999999991257 ) ;
#962 = VECTOR ( 'NONE', #5241, 1000.000000000000000 ) ;
#963 = ORIENTED_EDGE ( 'NONE', *, *, #2879, .F. ) ;
#964 = CARTESIAN_POINT ( 'NONE',  ( 0.3750000000000003331, 0.2000000000000000111, 1.199999999999999734 ) ) ;
#965 = DIRECTION ( 'NONE',  ( 1.000000000000000000, -0.000000000000000000, 0.000000000000000000 ) ) ;
#966 = LINE ( 'NONE', #339, #3298 ) ;
#967 = CYLINDRICAL_SURFACE ( 'NONE', #2319, 0.04999999999999991257 ) ;
#968 = SURFACE_STYLE_FILL_AREA ( #7585 ) ;
#969 = ORIENTED_EDGE ( 'NONE', *, *, #7066, .T. ) ;
#970 = VECTOR ( 'NONE', #7459, 1000.000000000000000 ) ;
#971 = CARTESIAN_POINT ( 'NONE',  ( -1.499999999999999778, 0.04999999999999969746, -1.500000000000000222 ) ) ;
#972 = EDGE_LOOP ( 'NONE', ( #457, #6965, #2211, #7 ) ) ;
#973 = EDGE_LOOP ( 'NONE', ( #1319, #4171, #4240, #136 ) ) ;
#974 = AXIS2_PLACEMENT_3D ( 'NONE', #3054, #7244, #3099 ) ;
#975 = CARTESIAN_POINT ( 'NONE',  ( 1.199999999999999956, 0.2000000000000000111, 0.1749999999999996558 ) ) ;
#976 = LINE ( 'NONE', #2926, #6309 ) ;
#977 = LINE ( 'NONE', #1555, #1830 ) ;
#978 = DIRECTION ( 'NONE',  ( -0.000000000000000000, -1.000000000000000000, -0.000000000000000000 ) ) ;
#979 = PLANE ( 'NONE',  #1723 ) ;
#980 = ORIENTED_EDGE ( 'NONE', *, *, #2297, .F. ) ;
#981 = DIRECTION ( 'NONE',  ( -0.000000000000000000, -1.000000000000000000, -0.000000000000000000 ) ) ;
#982 = PRESENTATION_LAYER_ASSIGNMENT (  '', '', ( #7486 ) ) ;
#983 = CARTESIAN_POINT ( 'NONE',  ( -1.199999999999999512, 0.2000000000000000111, 0.6250000000000002220 ) ) ;
#984 = CARTESIAN_POINT ( 'NONE',  ( -1.499999999999999778, 0.04999999999999969746, -0.8749999999999871214 ) ) ;
#985 = CARTESIAN_POINT ( 'NONE',  ( -0.8750000000000000000, 0.2000000000000000111, 0.8750000000000000000 ) ) ;
#986 = EDGE_CURVE ( 'NONE', #3751, #5349, #7018, .T. ) ;
#987 = ADVANCED_FACE ( 'NONE', ( #1293 ), #3105, .T. ) ;
#988 = EDGE_CURVE ( 'NONE', #2503, #1547, #391, .T. ) ;
#989 = ORIENTED_EDGE ( 'NONE', *, *, #211, .T. ) ;
#990 = CARTESIAN_POINT ( 'NONE',  ( -1.149999999999999689, 0.2000000000000000111, -0.1749999999999997391 ) ) ;
#991 = CIRCLE ( 'NONE', #105, 0.05000000000000012768 ) ;
#992 = FACE_OUTER_BOUND ( 'NONE', #412, .T. ) ;
#993 = CARTESIAN_POINT ( 'NONE',  ( -0.3750000000000112688, 0.2000000000000000111, -1.500000000000000000 ) ) ;
#994 = DIRECTION ( 'NONE',  ( 0.000000000000000000, 0.000000000000000000, 1.000000000000000000 ) ) ;
#995 = VERTEX_POINT ( 'NONE', #1807 ) ;
#996 = EDGE_LOOP ( 'NONE', ( #65, #4363, #6179, #5419 ) ) ;
#997 = CARTESIAN_POINT ( 'NONE',  ( 0.6749999999999973799, 0.2000000000000000111, -1.149999999999999467 ) ) ;
#998 = FACE_OUTER_BOUND ( 'NONE', #7206, .T. ) ;
#999 = PLANE ( 'NONE',  #5148 ) ;
#1000 = FACE_BOUND ( 'NONE', #7448, .T. ) ;
#1001 = CARTESIAN_POINT ( 'NONE',  ( 1.149999999999999911, 0.2000000000000000111, -0.1750000000000001832 ) ) ;
#1002 = ORIENTED_EDGE ( 'NONE', *, *, #3623, .F. ) ;
#1003 = PLANE ( 'NONE',  #223 ) ;
#1004 = ORIENTED_EDGE ( 'NONE', *, *, #7251, .T. ) ;
#1005 = EDGE_CURVE ( 'NONE', #3940, #4184, #3688, .T. ) ;
#1006 = ORIENTED_EDGE ( 'NONE', *, *, #7637, .F. ) ;
#1007 = VECTOR ( 'NONE', #7370, 1000.000000000000000 ) ;
#1008 = CARTESIAN_POINT ( 'NONE',  ( -0.8749999999999995559, 0.2000000000000000111, 1.499999999999999778 ) ) ;
#1009 = CARTESIAN_POINT ( 'NONE',  ( -0.3749999999999996669, 0.2000000000000000111, 1.199999999999999734 ) ) ;
#1010 = CARTESIAN_POINT ( 'NONE',  ( 1.199999999999999956, 0.2000000000000000111, 0.3249999999999998446 ) ) ;
#1011 = DIRECTION ( 'NONE',  ( 0.000000000000000000, 1.000000000000000000, 0.000000000000000000 ) ) ;
#1012 = CARTESIAN_POINT ( 'NONE',  ( -1.149999999999999911, 0.000000000000000000, -0.6749999999999997113 ) ) ;
#1013 = CARTESIAN_POINT ( 'NONE',  ( 0.3249999999999975131, 0.2000000000000000111, -1.200000000000000178 ) ) ;
#1014 = CIRCLE ( 'NONE', #1504, 0.04999999999999991257 ) ;
#1015 = EDGE_LOOP ( 'NONE', ( #2603, #2096, #3053, #3465 ) ) ;
#1016 = DIRECTION ( 'NONE',  ( 0.000000000000000000, -1.000000000000000000, 0.000000000000000000 ) ) ;
#1017 = DIRECTION ( 'NONE',  ( -0.000000000000000000, -0.000000000000000000, 1.000000000000000000 ) ) ;
#1018 = PLANE ( 'NONE',  #3959 ) ;
#1019 = CARTESIAN_POINT ( 'NONE',  ( -1.199999999999999956, 0.8000000000000000444, -1.100000000000000089 ) ) ;
#1020 = EDGE_LOOP ( 'NONE', ( #6173, #1369, #3089, #5063 ) ) ;
#1021 = EDGE_LOOP ( 'NONE', ( #6751, #4135, #3507, #5746, #4059, #1410 ) ) ;
#1022 = LINE ( 'NONE', #1062, #2264 ) ;
#1023 = ORIENTED_EDGE ( 'NONE', *, *, #5200, .T. ) ;
#1024 = EDGE_CURVE ( 'NONE', #5889, #2293, #5951, .T. ) ;
#1025 = EDGE_CURVE ( 'NONE', #5011, #960, #5494, .T. ) ;
#1026 = ADVANCED_FACE ( 'NONE', ( #4168 ), #6022, .F. ) ;
#1027 = PLANE ( 'NONE',  #4407 ) ;
#1028 = DIRECTION ( 'NONE',  ( -1.000000000000000000, 0.000000000000000000, 0.000000000000000000 ) ) ;
#1029 = PRESENTATION_STYLE_ASSIGNMENT (( #7060 ) ) ;
#1030 = VERTEX_POINT ( 'NONE', #2988 ) ;
#1031 = CARTESIAN_POINT ( 'NONE',  ( -1.499999999999990896, 0.2000000000000000111, -0.8749999999999870104 ) ) ;
#1032 = CARTESIAN_POINT ( 'NONE',  ( -0.8249999999999997335, 0.2000000000000000111, 1.149999999999999689 ) ) ;
#1033 = DIRECTION ( 'NONE',  ( 1.000000000000000000, -0.000000000000000000, -0.000000000000000000 ) ) ;
#1034 = EDGE_CURVE ( 'NONE', #1060, #2095, #2477, .T. ) ;
#1035 = CARTESIAN_POINT ( 'NONE',  ( -1.149999999999999689, 0.2000000000000000111, 0.3250000000000002887 ) ) ;
#1036 = DIRECTION ( 'NONE',  ( 0.000000000000000000, 1.000000000000000000, 0.000000000000000000 ) ) ;
#1037 = VECTOR ( 'NONE', #6565, 1000.000000000000000 ) ;
#1038 = DIRECTION ( 'NONE',  ( 1.000000000000000000, 0.000000000000000000, 0.000000000000000000 ) ) ;
#1039 = DIRECTION ( 'NONE',  ( 1.000000000000000000, -0.000000000000000000, -0.000000000000000000 ) ) ;
#1040 = ORIENTED_EDGE ( 'NONE', *, *, #7689, .T. ) ;
#1041 = LINE ( 'NONE', #5167, #4241 ) ;
#1042 = ORIENTED_EDGE ( 'NONE', *, *, #4373, .T. ) ;
#1043 = VECTOR ( 'NONE', #6628, 1000.000000000000000 ) ;
#1044 = ORIENTED_EDGE ( 'NONE', *, *, #889, .F. ) ;
#1045 = DIRECTION ( 'NONE',  ( -3.614007241618346799E-16, 0.000000000000000000, -1.000000000000000000 ) ) ;
#1046 = DIRECTION ( 'NONE',  ( -1.000000000000000000, 0.000000000000000000, 0.000000000000000000 ) ) ;
#1047 =( GEOMETRIC_REPRESENTATION_CONTEXT ( 3 ) GLOBAL_UNCERTAINTY_ASSIGNED_CONTEXT ( ( #7028 ) ) GLOBAL_UNIT_ASSIGNED_CONTEXT ( ( #2160, #5683, #3300 ) ) REPRESENTATION_CONTEXT ( 'NONE', 'WORKASPACE' ) );
#1048 = EDGE_CURVE ( 'NONE', #4396, #6143, #5381, .T. ) ;
#1049 = CARTESIAN_POINT ( 'NONE',  ( 0.1249999999999800576, 0.2000000000000000111, -1.500000000000000000 ) ) ;
#1050 = CARTESIAN_POINT ( 'NONE',  ( -0.1249999999999996531, 0.2000000000000000111, 1.499999999999999778 ) ) ;
#1051 = EDGE_CURVE ( 'NONE', #1346, #2469, #1847, .T. ) ;
#1052 = DIRECTION ( 'NONE',  ( 0.000000000000000000, 0.000000000000000000, -1.000000000000000000 ) ) ;
#1053 = ORIENTED_EDGE ( 'NONE', *, *, #1770, .F. ) ;
#1054 = DIRECTION ( 'NONE',  ( 0.000000000000000000, 0.000000000000000000, 1.000000000000000000 ) ) ;
#1055 = LINE ( 'NONE', #2272, #6935 ) ;
#1056 = DIRECTION ( 'NONE',  ( -1.000000000000000000, -0.000000000000000000, -0.000000000000000000 ) ) ;
#1057 = CARTESIAN_POINT ( 'NONE',  ( 1.500000000000000000, 0.2000000000000000111, -0.8750000000000003331 ) ) ;
#1058 = EDGE_LOOP ( 'NONE', ( #2000, #4464, #6003, #1769 ) ) ;
#1059 = AXIS2_PLACEMENT_3D ( 'NONE', #4540, #384, #4619 ) ;
#1060 = VERTEX_POINT ( 'NONE', #4322 ) ;
#1061 = ORIENTED_EDGE ( 'NONE', *, *, #7053, .F. ) ;
#1062 = CARTESIAN_POINT ( 'NONE',  ( -1.149999999999999689, 0.2000000000000000111, 0.3250000000000002887 ) ) ;
#1063 = EDGE_LOOP ( 'NONE', ( #5184, #2505, #6265, #4561, #5478, #5696 ) ) ;
#1064 = VECTOR ( 'NONE', #7232, 1000.000000000000000 ) ;
#1065 = VECTOR ( 'NONE', #2162, 1000.000000000000000 ) ;
#1066 = DIRECTION ( 'NONE',  ( 1.000000000000000000, 0.000000000000000000, -4.264528545109778674E-14 ) ) ;
#1067 = FILL_AREA_STYLE ('',( #4002 ) ) ;
#1068 = CARTESIAN_POINT ( 'NONE',  ( 0.8750000000000004441, 0.2000000000000000111, 1.499999999999999778 ) ) ;
#1069 = FILL_AREA_STYLE_COLOUR ( '', #2069 ) ;
#1070 = ORIENTED_EDGE ( 'NONE', *, *, #5881, .F. ) ;
#1071 = ORIENTED_EDGE ( 'NONE', *, *, #3711, .T. ) ;
#1072 = VECTOR ( 'NONE', #759, 1000.000000000000000 ) ;
#1073 = ADVANCED_FACE ( 'NONE', ( #1333 ), #3730, .T. ) ;
#1074 = VECTOR ( 'NONE', #2466, 1000.000000000000000 ) ;
#1075 = CARTESIAN_POINT ( 'NONE',  ( 0.8249999999999975131, 0.04999999999999999584, -1.149999999999999911 ) ) ;
#1076 = DIRECTION ( 'NONE',  ( -0.000000000000000000, -1.000000000000000000, -0.000000000000000000 ) ) ;
#1077 = AXIS2_PLACEMENT_3D ( 'NONE', #6168, #267, #1396 ) ;
#1079 = FACE_OUTER_BOUND ( 'NONE', #4833, .T. ) ;
#1078 = CIRCLE ( 'NONE', #5464, 0.04999999999999991257 ) ;
#1080 = DIRECTION ( 'NONE',  ( 1.000000000000000000, 0.000000000000000000, 0.000000000000000000 ) ) ;
#1081 = DIRECTION ( 'NONE',  ( -0.000000000000000000, -0.000000000000000000, 1.000000000000000000 ) ) ;
#1082 = ORIENTED_EDGE ( 'NONE', *, *, #5994, .F. ) ;
#1083 = EDGE_CURVE ( 'NONE', #1730, #3393, #4908, .T. ) ;
#1084 = ADVANCED_FACE ( 'NONE', ( #5643 ), #2667, .T. ) ;
#1085 = DIRECTION ( 'NONE',  ( -0.000000000000000000, -1.000000000000000000, -0.000000000000000000 ) ) ;
#1086 = ORIENTED_EDGE ( 'NONE', *, *, #6237, .F. ) ;
#1087 = ADVANCED_FACE ( 'NONE', ( #6736 ), #3888, .F. ) ;
#1088 = VECTOR ( 'NONE', #5749, 1000.000000000000000 ) ;
#1089 = AXIS2_PLACEMENT_3D ( 'NONE', #347, #462, #2265 ) ;
#1091 = EDGE_LOOP ( 'NONE', ( #4041, #2357, #6060, #5031, #6857 ) ) ;
#1090 = VERTEX_POINT ( 'NONE', #2588 ) ;
#1092 = PRESENTATION_LAYER_ASSIGNMENT (  '', '', ( #7465 ) ) ;
#1093 = LINE ( 'NONE', #6961, #3697 ) ;
#1094 = CARTESIAN_POINT ( 'NONE',  ( -1.199999999999999512, 0.2000000000000000111, 0.8250000000000002887 ) ) ;
#1095 = DIRECTION ( 'NONE',  ( 0.000000000000000000, -1.000000000000000000, 0.000000000000000000 ) ) ;
#1096 = FACE_OUTER_BOUND ( 'NONE', #4615, .T. ) ;
#1097 = CARTESIAN_POINT ( 'NONE',  ( 1.500000000000000222, 0.04999999999999969746, 0.3749999999999996669 ) ) ;
#1098 = VECTOR ( 'NONE', #1599, 1000.000000000000000 ) ;
#1099 = EDGE_CURVE ( 'NONE', #7272, #6681, #1962, .T. ) ;
#1100 = ADVANCED_FACE ( 'NONE', ( #7363 ), #6174, .T. ) ;
#1101 = DIRECTION ( 'NONE',  ( -5.782411586589358664E-14, -0.000000000000000000, -1.000000000000000000 ) ) ;
#1102 = DIRECTION ( 'NONE',  ( -1.000000000000000000, 0.000000000000000000, 0.000000000000000000 ) ) ;
#1103 = CARTESIAN_POINT ( 'NONE',  ( 1.500000000000000000, 0.2000000000000000111, -0.8750000000000003331 ) ) ;
#1104 = CARTESIAN_POINT ( 'NONE',  ( 0.6750000000000002665, 0.2000000000000000111, 1.199999999999999734 ) ) ;
#1105 = AXIS2_PLACEMENT_3D ( 'NONE', #66, #2418, #7273 ) ;
#1106 = ORIENTED_EDGE ( 'NONE', *, *, #1961, .T. ) ;
#1107 = LINE ( 'NONE', #7098, #636 ) ;
#1108 = ORIENTED_EDGE ( 'NONE', *, *, #743, .F. ) ;
#1109 = EDGE_CURVE ( 'NONE', #351, #2986, #657, .T. ) ;
#1110 = CARTESIAN_POINT ( 'NONE',  ( 1.500000000000000000, 0.2000000000000000111, 0.1249999999999997363 ) ) ;
#1111 = DIRECTION ( 'NONE',  ( -1.807003620809173399E-16, 0.000000000000000000, -1.000000000000000000 ) ) ;
#1112 = SURFACE_STYLE_FILL_AREA ( #3541 ) ;
#1113 = ORIENTED_EDGE ( 'NONE', *, *, #1359, .F. ) ;
#1114 = ORIENTED_EDGE ( 'NONE', *, *, #7497, .T. ) ;
#1115 =( GEOMETRIC_REPRESENTATION_CONTEXT ( 3 ) GLOBAL_UNCERTAINTY_ASSIGNED_CONTEXT ( ( #801 ) ) GLOBAL_UNIT_ASSIGNED_CONTEXT ( ( #7180, #2440, #5350 ) ) REPRESENTATION_CONTEXT ( 'NONE', 'WORKASPACE' ) );
#1116 = CARTESIAN_POINT ( 'NONE',  ( 1.500000000000000000, 0.2000000000000000111, -0.1250000000000002776 ) ) ;
#1117 = LINE ( 'NONE', #5847, #7086 ) ;
#1118 = FACE_OUTER_BOUND ( 'NONE', #6837, .T. ) ;
#1119 = CARTESIAN_POINT ( 'NONE',  ( -1.499999999999990896, 0.000000000000000000, -0.8749999999999870104 ) ) ;
#1120 = DIRECTION ( 'NONE',  ( 0.000000000000000000, 0.000000000000000000, -1.000000000000000000 ) ) ;
#1121 = ORIENTED_EDGE ( 'NONE', *, *, #3360, .T. ) ;
#1122 = CARTESIAN_POINT ( 'NONE',  ( -1.499999999999990896, 0.2000000000000000111, -0.8749999999999870104 ) ) ;
#1124 = EDGE_LOOP ( 'NONE', ( #1143, #7263, #1569, #2642 ) ) ;
#1123 = ORIENTED_EDGE ( 'NONE', *, *, #891, .F. ) ;
#1125 = EDGE_CURVE ( 'NONE', #4402, #5664, #275, .T. ) ;
#1126 = ADVANCED_FACE ( 'NONE', ( #1997 ), #5682, .F. ) ;
#1127 = EDGE_CURVE ( 'NONE', #4477, #3613, #7399, .T. ) ;
#1128 = EDGE_CURVE ( 'NONE', #6638, #425, #6260, .T. ) ;
#1129 = CARTESIAN_POINT ( 'NONE',  ( 1.199999999999999956, 0.2000000000000000111, 0.6249999999999996669 ) ) ;
#1130 = DIRECTION ( 'NONE',  ( 0.000000000000000000, 0.000000000000000000, -1.000000000000000000 ) ) ;
#1131 = CARTESIAN_POINT ( 'NONE',  ( -0.1750000000000025147, 0.2000000000000000111, -1.149999999999999911 ) ) ;
#1132 = DIRECTION ( 'NONE',  ( 0.000000000000000000, 1.000000000000000000, 0.000000000000000000 ) ) ;
#1133 = ORIENTED_EDGE ( 'NONE', *, *, #5571, .F. ) ;
#1134 = LINE ( 'NONE', #2819, #1098 ) ;
#1135 = ORIENTED_EDGE ( 'NONE', *, *, #4487, .F. ) ;
#1136 = VECTOR ( 'NONE', #1928, 1000.000000000000000 ) ;
#1137 = CARTESIAN_POINT ( 'NONE',  ( 0.6249999999999713562, 0.2000000000000000111, -1.500000000000000000 ) ) ;
#1138 = CARTESIAN_POINT ( 'NONE',  ( -1.199999999999999956, 0.7500000000000000000, -1.200000000000000178 ) ) ;
#1139 = AXIS2_PLACEMENT_3D ( 'NONE', #5616, #7498, #4448 ) ;
#1140 = DIRECTION ( 'NONE',  ( -1.000000000000000000, 0.000000000000000000, 0.000000000000000000 ) ) ;
#1141 = PLANE ( 'NONE',  #6320 ) ;
#1142 = ORIENTED_EDGE ( 'NONE', *, *, #7536, .T. ) ;
#1143 = ORIENTED_EDGE ( 'NONE', *, *, #4291, .T. ) ;
#1144 = CARTESIAN_POINT ( 'NONE',  ( 1.199999999999999956, 0.000000000000000000, -0.8750000000000002220 ) ) ;
#1145 = VECTOR ( 'NONE', #3849, 1000.000000000000000 ) ;
#1146 = ORIENTED_EDGE ( 'NONE', *, *, #1381, .F. ) ;
#1147 = DIRECTION ( 'NONE',  ( 0.000000000000000000, 0.000000000000000000, 1.000000000000000000 ) ) ;
#1148 = CARTESIAN_POINT ( 'NONE',  ( 1.199999999999999956, 0.2000000000000000111, 0.6249999999999996669 ) ) ;
#1149 = EDGE_LOOP ( 'NONE', ( #6428, #3686, #3163, #3139 ) ) ;
#1150 = ADVANCED_FACE ( 'NONE', ( #828 ), #6221, .T. ) ;
#1151 = EDGE_CURVE ( 'NONE', #4301, #1811, #5787, .T. ) ;
#1152 = CARTESIAN_POINT ( 'NONE',  ( 0.1750000000000002109, 0.2000000000000000111, 1.149999999999999689 ) ) ;
#1153 = CARTESIAN_POINT ( 'NONE',  ( -0.1749999999999996281, 0.2000000000000000111, 1.199999999999999734 ) ) ;
#1154 = CARTESIAN_POINT ( 'NONE',  ( 1.199999999999999956, 0.04999999999999999584, 0.1249999999999997363 ) ) ;
#1155 = LINE ( 'NONE', #5318, #5052 ) ;
#1156 = FACE_OUTER_BOUND ( 'NONE', #3575, .T. ) ;
#1157 = DIRECTION ( 'NONE',  ( 0.000000000000000000, 1.000000000000000000, 0.000000000000000000 ) ) ;
#1158 = VERTEX_POINT ( 'NONE', #1523 ) ;
#1159 = VECTOR ( 'NONE', #2036, 1000.000000000000000 ) ;
#1160 = DIRECTION ( 'NONE',  ( 0.000000000000000000, 1.000000000000000000, 0.000000000000000000 ) ) ;
#1161 = CARTESIAN_POINT ( 'NONE',  ( -1.199999999999999734, 0.2000000000000000111, 0.1250000000000001943 ) ) ;
#1162 = CARTESIAN_POINT ( 'NONE',  ( -1.149999999999999689, 0.2000000000000000111, -0.1749999999999997391 ) ) ;
#1163 = LINE ( 'NONE', #5785, #1824 ) ;
#1164 = EDGE_LOOP ( 'NONE', ( #7338, #7352, #6654, #3195 ) ) ;
#1165 = VECTOR ( 'NONE', #5849, 1000.000000000000000 ) ;
#1166 = DIRECTION ( 'NONE',  ( -0.000000000000000000, -1.000000000000000000, -0.000000000000000000 ) ) ;
#1167 = EDGE_CURVE ( 'NONE', #5641, #3304, #314, .T. ) ;
#1168 = AXIS2_PLACEMENT_3D ( 'NONE', #3770, #6023, #46 ) ;
#1169 = PLANE ( 'NONE',  #2035 ) ;
#1170 = CARTESIAN_POINT ( 'NONE',  ( -1.499999999999999778, 0.2000000000000000111, -0.1249999999999997641 ) ) ;
#1171 = DIRECTION ( 'NONE',  ( 1.807003620809173153E-16, -0.000000000000000000, 1.000000000000000000 ) ) ;
#1172 = CARTESIAN_POINT ( 'NONE',  ( -1.199999999999999734, 0.2000000000000000111, 0.1750000000000000999 ) ) ;
#1173 = ORIENTED_EDGE ( 'NONE', *, *, #6574, .F. ) ;
#1174 = FACE_OUTER_BOUND ( 'NONE', #32, .T. ) ;
#1175 = EDGE_LOOP ( 'NONE', ( #4500, #4205, #2796, #6227 ) ) ;
#1176 = EDGE_CURVE ( 'NONE', #874, #6056, #4434, .T. ) ;
#1177 = VERTEX_POINT ( 'NONE', #7485 ) ;
#1178 = AXIS2_PLACEMENT_3D ( 'NONE', #5017, #3248, #6845 ) ;
#1179 = EDGE_CURVE ( 'NONE', #2054, #3461, #5722, .T. ) ;
#1180 = EDGE_LOOP ( 'NONE', ( #6748, #2973, #6172, #5023 ) ) ;
#1181 = ADVANCED_FACE ( 'NONE', ( #3174 ), #2119, .F. ) ;
#1182 = ORIENTED_EDGE ( 'NONE', *, *, #2328, .F. ) ;
#1183 = DIRECTION ( 'NONE',  ( -5.782411586589358664E-14, -0.000000000000000000, -1.000000000000000000 ) ) ;
#1184 = DIRECTION ( 'NONE',  ( 0.000000000000000000, -1.000000000000000000, 0.000000000000000000 ) ) ;
#1185 = AXIS2_PLACEMENT_3D ( 'NONE', #1094, #3997, #3447 ) ;
#1186 = SURFACE_SIDE_STYLE ('',( #1112 ) ) ;
#1187 = VERTEX_POINT ( 'NONE', #195 ) ;
#1188 = DIRECTION ( 'NONE',  ( 1.000000000000000000, -0.000000000000000000, -0.000000000000000000 ) ) ;
#1189 = CARTESIAN_POINT ( 'NONE',  ( -1.199999999999999956, 0.2000000000000000111, -0.8749999999999997780 ) ) ;
#1190 =( GEOMETRIC_REPRESENTATION_CONTEXT ( 3 ) GLOBAL_UNCERTAINTY_ASSIGNED_CONTEXT ( ( #4140 ) ) GLOBAL_UNIT_ASSIGNED_CONTEXT ( ( #4990, #2591, #1965 ) ) REPRESENTATION_CONTEXT ( 'NONE', 'WORKASPACE' ) );
#1191 = CARTESIAN_POINT ( 'NONE',  ( 1.500000000000000000, 0.2000000000000000111, -0.8750000000000003331 ) ) ;
#1192 = EDGE_CURVE ( 'NONE', #7600, #5300, #2077, .T. ) ;
#1193 = CARTESIAN_POINT ( 'NONE',  ( -1.499999999999999778, 0.04999999999999969746, -1.500000000000000222 ) ) ;
#1194 = FACE_OUTER_BOUND ( 'NONE', #7591, .T. ) ;
#1195 = CARTESIAN_POINT ( 'NONE',  ( 1.149999999999999911, 0.04999999999999999584, 0.3249999999999998446 ) ) ;
#1196 = AXIS2_PLACEMENT_3D ( 'NONE', #5980, #5941, #7279 ) ;
#1197 = EDGE_LOOP ( 'NONE', ( #6770, #6422, #3878, #486 ) ) ;
#1198 = VECTOR ( 'NONE', #2112, 1000.000000000000000 ) ;
#1199 = CARTESIAN_POINT ( 'NONE',  ( 0.3249999999999975131, 0.2000000000000000111, -1.200000000000000178 ) ) ;
#1200 = CARTESIAN_POINT ( 'NONE',  ( 1.500000000000000222, 0.04999999999999969746, 1.499999999999999778 ) ) ;
#1201 = LINE ( 'NONE', #3668, #2958 ) ;
#1202 = DIRECTION ( 'NONE',  ( 3.614007241618346799E-16, -0.000000000000000000, 1.000000000000000000 ) ) ;
#1203 = ORIENTED_EDGE ( 'NONE', *, *, #5680, .F. ) ;
#1204 = VECTOR ( 'NONE', #7632, 1000.000000000000000 ) ;
#1205 = VECTOR ( 'NONE', #3474, 1000.000000000000000 ) ;
#1206 = DIRECTION ( 'NONE',  ( -0.000000000000000000, -1.000000000000000000, -0.000000000000000000 ) ) ;
#1207 = MECHANICAL_DESIGN_GEOMETRIC_PRESENTATION_REPRESENTATION (  '', ( #7465 ), #3592 ) ;
#1208 = CARTESIAN_POINT ( 'NONE',  ( 1.500000000000000000, 0.2000000000000000111, 0.8749999999999996669 ) ) ;
#1209 = PLANE ( 'NONE',  #4559 ) ;
#1210 = DIRECTION ( 'NONE',  ( 0.000000000000000000, 0.000000000000000000, 1.000000000000000000 ) ) ;
#1211 = DIRECTION ( 'NONE',  ( 0.000000000000000000, -1.000000000000000000, 0.000000000000000000 ) ) ;
#1212 = DIRECTION ( 'NONE',  ( 0.000000000000000000, -1.000000000000000000, 0.000000000000000000 ) ) ;
#1213 = VERTEX_POINT ( 'NONE', #4123 ) ;
#1214 = VECTOR ( 'NONE', #1914, 1000.000000000000000 ) ;
#1215 = VERTEX_POINT ( 'NONE', #5260 ) ;
#1216 = ORIENTED_EDGE ( 'NONE', *, *, #407, .T. ) ;
#1217 = CARTESIAN_POINT ( 'NONE',  ( -0.8750000000000026645, 0.2000000000000000111, -1.500000000000000000 ) ) ;
#1218 = VECTOR ( 'NONE', #6839, 1000.000000000000000 ) ;
#1219 = ADVANCED_FACE ( 'NONE', ( #2783 ), #2271, .T. ) ;
#1220 = FACE_OUTER_BOUND ( 'NONE', #4244, .T. ) ;
#1221 = EDGE_CURVE ( 'NONE', #6079, #6765, #4004, .T. ) ;
#1222 = EDGE_CURVE ( 'NONE', #6347, #5064, #390, .T. ) ;
#1223 = EDGE_CURVE ( 'NONE', #5567, #2467, #6376, .T. ) ;
#1224 = DIRECTION ( 'NONE',  ( 0.000000000000000000, 0.000000000000000000, -1.000000000000000000 ) ) ;
#1225 = ORIENTED_EDGE ( 'NONE', *, *, #2611, .F. ) ;
#1226 = ORIENTED_EDGE ( 'NONE', *, *, #5441, .T. ) ;
#1227 = DIRECTION ( 'NONE',  ( 0.000000000000000000, 0.000000000000000000, 1.000000000000000000 ) ) ;
#1228 = LINE ( 'NONE', #4258, #253 ) ;
#1229 = AXIS2_PLACEMENT_3D ( 'NONE', #2449, #4845, #5003 ) ;
#1230 = DIRECTION ( 'NONE',  ( 0.000000000000000000, 1.000000000000000000, 0.000000000000000000 ) ) ;
#1231 = CARTESIAN_POINT ( 'NONE',  ( 0.8749999999999713562, 0.2000000000000000111, -1.500000000000000000 ) ) ;
#1232 = VECTOR ( 'NONE', #51, 1000.000000000000000 ) ;
#1233 = DIRECTION ( 'NONE',  ( 0.000000000000000000, -0.000000000000000000, 1.000000000000000000 ) ) ;
#1234 = VERTEX_POINT ( 'NONE', #544 ) ;
#1235 = ORIENTED_EDGE ( 'NONE', *, *, #264, .F. ) ;
#1236 = LINE ( 'NONE', #5928, #4704 ) ;
#1237 = DIRECTION ( 'NONE',  ( -0.000000000000000000, 0.000000000000000000, -1.000000000000000000 ) ) ;
#1238 = FACE_OUTER_BOUND ( 'NONE', #1058, .T. ) ;
#1239 = PLANE ( 'NONE',  #6579 ) ;
#1240 = EDGE_LOOP ( 'NONE', ( #2061, #6631, #3075, #5558, #6534, #5640 ) ) ;
#1241 = LINE ( 'NONE', #4270, #4115 ) ;
#1242 = ORIENTED_EDGE ( 'NONE', *, *, #5354, .F. ) ;
#1243 = EDGE_CURVE ( 'NONE', #5982, #4144, #4550, .T. ) ;
#1244 = CLOSED_SHELL ( 'NONE', ( #2995, #213, #7116, #5488, #3762, #3965, #5430 ) ) ;
#1245 = CARTESIAN_POINT ( 'NONE',  ( 0.8750000000000000000, 0.2000000000000000111, -0.8750000000000000000 ) ) ;
#1246 = CARTESIAN_POINT ( 'NONE',  ( 0.8249999999999975131, 0.2000000000000000111, -1.200000000000000178 ) ) ;
#1247 = CARTESIAN_POINT ( 'NONE',  ( -0.3749999999999996669, 0.2000000000000000111, 1.499999999999999778 ) ) ;
#1248 = CARTESIAN_POINT ( 'NONE',  ( 1.499999999999997780, 0.2000000000000000111, 0.6249999999999765743 ) ) ;
#1249 = ORIENTED_EDGE ( 'NONE', *, *, #4348, .F. ) ;
#1250 = CARTESIAN_POINT ( 'NONE',  ( 1.199999999999999956, 0.2000000000000000111, -0.3250000000000003442 ) ) ;
#1251 = CLOSED_SHELL ( 'NONE', ( #5259, #6186, #7677, #987, #2948, #497, #3548, #1026 ) ) ;
#1252 = ORIENTED_EDGE ( 'NONE', *, *, #5432, .F. ) ;
#1253 = ORIENTED_EDGE ( 'NONE', *, *, #5900, .T. ) ;
#1254 = DIRECTION ( 'NONE',  ( 0.000000000000000000, 0.000000000000000000, 1.000000000000000000 ) ) ;
#1255 =( NAMED_UNIT ( * ) SI_UNIT ( $, .STERADIAN. ) SOLID_ANGLE_UNIT ( ) );
#1256 = LINE ( 'NONE', #4910, #5817 ) ;
#1257 = CARTESIAN_POINT ( 'NONE',  ( 0.3249999999999975131, 0.2000000000000000111, -1.149999999999999911 ) ) ;
#1258 = ORIENTED_EDGE ( 'NONE', *, *, #934, .T. ) ;
#1259 = ORIENTED_EDGE ( 'NONE', *, *, #1751, .T. ) ;
#1260 = VERTEX_POINT ( 'NONE', #4664 ) ;
#1261 = CARTESIAN_POINT ( 'NONE',  ( 1.149999999999999911, 0.2000000000000000111, -0.3250000000000003442 ) ) ;
#1262 = CARTESIAN_POINT ( 'NONE',  ( 1.149999999999999911, 0.2000000000000000111, 0.8249999999999997335 ) ) ;
#1263 = AXIS2_PLACEMENT_3D ( 'NONE', #594, #3024, #3142 ) ;
#1264 = ADVANCED_FACE ( 'NONE', ( #3414 ), #4590, .T. ) ;
#1265 = EDGE_CURVE ( 'NONE', #6255, #7376, #1562, .T. ) ;
#1266 = EDGE_CURVE ( 'NONE', #1568, #5721, #7286, .T. ) ;
#1267 = CARTESIAN_POINT ( 'NONE',  ( -1.149999999999999689, 0.000000000000000000, -0.3249999999999999001 ) ) ;
#1268 = CARTESIAN_POINT ( 'NONE',  ( 0.8750000000000000000, 0.2000000000000000111, 0.8750000000000000000 ) ) ;
#1269 = PLANE ( 'NONE',  #7341 ) ;
#1270 =( NAMED_UNIT ( * ) PLANE_ANGLE_UNIT ( ) SI_UNIT ( $, .RADIAN. ) );
#1271 = EDGE_CURVE ( 'NONE', #1060, #2904, #1530, .T. ) ;
#1272 = VERTEX_POINT ( 'NONE', #6459 ) ;
#1273 = CARTESIAN_POINT ( 'NONE',  ( -1.149999999999999689, 0.04999999999999999584, 0.1750000000000000999 ) ) ;
#1274 = DIRECTION ( 'NONE',  ( 0.000000000000000000, 1.000000000000000000, 0.000000000000000000 ) ) ;
#1275 = DIRECTION ( 'NONE',  ( -0.000000000000000000, -1.000000000000000000, -0.000000000000000000 ) ) ;
#1276 = ORIENTED_EDGE ( 'NONE', *, *, #6491, .T. ) ;
#1277 = FACE_OUTER_BOUND ( 'NONE', #7324, .T. ) ;
#1278 = ORIENTED_EDGE ( 'NONE', *, *, #1125, .T. ) ;
#1279 = FACE_OUTER_BOUND ( 'NONE', #4613, .T. ) ;
#1280 = FACE_OUTER_BOUND ( 'NONE', #3737, .T. ) ;
#1281 = EDGE_CURVE ( 'NONE', #2574, #1805, #4544, .T. ) ;
#1282 = EDGE_CURVE ( 'NONE', #6088, #341, #5220, .T. ) ;
#1283 = DIRECTION ( 'NONE',  ( -3.642919299551479807E-14, -0.000000000000000000, 1.000000000000000000 ) ) ;
#1284 = CIRCLE ( 'NONE', #6661, 0.04999999999999980849 ) ;
#1285 = DIRECTION ( 'NONE',  ( -0.000000000000000000, -1.000000000000000000, -0.000000000000000000 ) ) ;
#1286 = LINE ( 'NONE', #3678, #6448 ) ;
#1287 = VERTEX_POINT ( 'NONE', #6497 ) ;
#1288 = FACE_OUTER_BOUND ( 'NONE', #1874, .T. ) ;
#1289 = ORIENTED_EDGE ( 'NONE', *, *, #5395, .F. ) ;
#1290 = VERTEX_POINT ( 'NONE', #6931 ) ;
#1291 = VECTOR ( 'NONE', #6514, 1000.000000000000000 ) ;
#1292 = VERTEX_POINT ( 'NONE', #6971 ) ;
#1293 = FACE_OUTER_BOUND ( 'NONE', #5758, .T. ) ;
#1294 = CARTESIAN_POINT ( 'NONE',  ( 0.6249999999999713562, 0.000000000000000000, -1.500000000000000000 ) ) ;
#1295 = LINE ( 'NONE', #5757, #6689 ) ;
#1296 = EDGE_LOOP ( 'NONE', ( #4365, #3312, #4166, #5594 ) ) ;
#1297 = PRESENTATION_LAYER_ASSIGNMENT (  '', '', ( #7553 ) ) ;
#1298 = ORIENTED_EDGE ( 'NONE', *, *, #5301, .T. ) ;
#1299 = ORIENTED_EDGE ( 'NONE', *, *, #5163, .F. ) ;
#1300 = LINE ( 'NONE', #1452, #364 ) ;
#1301 = CARTESIAN_POINT ( 'NONE',  ( 1.149999999999999911, 0.2000000000000000111, -0.3250000000000003442 ) ) ;
#1302 = VECTOR ( 'NONE', #3532, 1000.000000000000000 ) ;
#1303 = LINE ( 'NONE', #5423, #3080 ) ;
#1304 = CARTESIAN_POINT ( 'NONE',  ( -1.499999999999999778, 0.04999999999999969746, 1.499999999999999778 ) ) ;
#1305 = EDGE_LOOP ( 'NONE', ( #5533, #4369, #6245, #7616 ) ) ;
#1306 = ADVANCED_FACE ( 'NONE', ( #426 ), #3495, .F. ) ;
#1307 = CARTESIAN_POINT ( 'NONE',  ( -0.6749999999999996003, 0.2000000000000000111, 1.149999999999999689 ) ) ;
#1308 = VECTOR ( 'NONE', #7233, 1000.000000000000000 ) ;
#1309 = LINE ( 'NONE', #4735, #6730 ) ;
#1310 = ORIENTED_EDGE ( 'NONE', *, *, #816, .T. ) ;
#1311 = VECTOR ( 'NONE', #4586, 1000.000000000000000 ) ;
#1312 = STYLED_ITEM ( 'NONE', ( #4326 ), #3319 ) ;
#1313 = EDGE_CURVE ( 'NONE', #6546, #5450, #4707, .T. ) ;
#1314 = CARTESIAN_POINT ( 'NONE',  ( -1.199999999999999512, 0.2000000000000000111, 0.8750000000000002220 ) ) ;
#1315 = EDGE_CURVE ( 'NONE', #7088, #2095, #6531, .T. ) ;
#1316 = ADVANCED_FACE ( 'NONE', ( #3378 ), #5753, .F. ) ;
#1317 = EDGE_CURVE ( 'NONE', #6159, #7169, #6414, .T. ) ;
#1318 = CARTESIAN_POINT ( 'NONE',  ( 0.8250000000000003997, 0.000000000000000000, 1.199999999999999734 ) ) ;
#1319 = ORIENTED_EDGE ( 'NONE', *, *, #2373, .T. ) ;
#1320 = CARTESIAN_POINT ( 'NONE',  ( 0.6249999999999713562, 0.2000000000000000111, -1.500000000000000000 ) ) ;
#1321 = VECTOR ( 'NONE', #3458, 1000.000000000000000 ) ;
#1322 = LINE ( 'NONE', #4273, #3542 ) ;
#1323 = AXIS2_PLACEMENT_3D ( 'NONE', #829, #1486, #237 ) ;
#1324 = CARTESIAN_POINT ( 'NONE',  ( -1.499999999999999778, 0.000000000000000000, -0.3749999999999997224 ) ) ;
#1325 = AXIS2_PLACEMENT_3D ( 'NONE', #3778, #4839, #4799 ) ;
#1326 = DIRECTION ( 'NONE',  ( 1.000000000000000000, 0.000000000000000000, -8.673617379884037996E-14 ) ) ;
#1327 = DIRECTION ( 'NONE',  ( -0.000000000000000000, -1.000000000000000000, -0.000000000000000000 ) ) ;
#1328 = ORIENTED_EDGE ( 'NONE', *, *, #3235, .T. ) ;
#1329 = DIRECTION ( 'NONE',  ( -0.000000000000000000, -1.000000000000000000, -0.000000000000000000 ) ) ;
#1330 = ORIENTED_EDGE ( 'NONE', *, *, #1602, .F. ) ;
#1331 = VECTOR ( 'NONE', #6333, 1000.000000000000000 ) ;
#1332 = VERTEX_POINT ( 'NONE', #4310 ) ;
#1333 = FACE_OUTER_BOUND ( 'NONE', #1015, .T. ) ;
#1334 = FILL_AREA_STYLE ('',( #7174 ) ) ;
#1335 = DIRECTION ( 'NONE',  ( -1.000000000000000000, 0.000000000000000000, 7.697835424647133231E-14 ) ) ;
#1336 = EDGE_LOOP ( 'NONE', ( #1401, #1338, #2800, #2587, #173, #455 ) ) ;
#1337 = MECHANICAL_DESIGN_GEOMETRIC_PRESENTATION_REPRESENTATION (  '', ( #2218 ), #6339 ) ;
#1338 = ORIENTED_EDGE ( 'NONE', *, *, #4678, .F. ) ;
#1339 = ORIENTED_EDGE ( 'NONE', *, *, #7733, .T. ) ;
#1340 = LINE ( 'NONE', #2043, #2238 ) ;
#1341 = LINE ( 'NONE', #6112, #2506 ) ;
#1342 = EDGE_CURVE ( 'NONE', #4377, #7666, #620, .T. ) ;
#1343 = AXIS2_PLACEMENT_3D ( 'NONE', #7207, #4941, #2982 ) ;
#1344 = CARTESIAN_POINT ( 'NONE',  ( -1.499999999999999556, 0.2000000000000000111, 0.6250000000000003331 ) ) ;
#1345 = CARTESIAN_POINT ( 'NONE',  ( -0.8750000000000026645, 0.2000000000000000111, -1.500000000000000000 ) ) ;
#1346 = VERTEX_POINT ( 'NONE', #3095 ) ;
#1347 = CARTESIAN_POINT ( 'NONE',  ( -1.149999999999999689, 0.05000000000000000278, 0.000000000000000000 ) ) ;
#1348 = VECTOR ( 'NONE', #4614, 1000.000000000000000 ) ;
#1349 = DIRECTION ( 'NONE',  ( -0.000000000000000000, -1.000000000000000000, -0.000000000000000000 ) ) ;
#1350 = ORIENTED_EDGE ( 'NONE', *, *, #5763, .F. ) ;
#1351 = ORIENTED_EDGE ( 'NONE', *, *, #6338, .F. ) ;
#1352 = AXIS2_PLACEMENT_3D ( 'NONE', #2014, #3272, #2564 ) ;
#1353 = LINE ( 'NONE', #774, #4447 ) ;
#1354 = FACE_OUTER_BOUND ( 'NONE', #4020, .T. ) ;
#1355 = ORIENTED_EDGE ( 'NONE', *, *, #3337, .F. ) ;
#1356 = DIRECTION ( 'NONE',  ( 0.000000000000000000, 1.000000000000000000, 0.000000000000000000 ) ) ;
#1357 = ORIENTED_EDGE ( 'NONE', *, *, #3503, .F. ) ;
#1358 = EDGE_CURVE ( 'NONE', #6136, #7049, #7713, .T. ) ;
#1359 = EDGE_CURVE ( 'NONE', #5985, #1545, #3049, .T. ) ;
#1360 = ADVANCED_FACE ( 'NONE', ( #582 ), #7277, .F. ) ;
#1361 = LINE ( 'NONE', #2803, #3665 ) ;
#1362 = CARTESIAN_POINT ( 'NONE',  ( -0.6250000000000026645, 0.2000000000000000111, -1.500000000000000000 ) ) ;
#1363 = FACE_OUTER_BOUND ( 'NONE', #4327, .T. ) ;
#1364 = FACE_OUTER_BOUND ( 'NONE', #6299, .T. ) ;
#1365 = CARTESIAN_POINT ( 'NONE',  ( -1.199999999999999512, 0.2000000000000000111, 0.8250000000000002887 ) ) ;
#1366 = ORIENTED_EDGE ( 'NONE', *, *, #5528, .F. ) ;
#1367 = ORIENTED_EDGE ( 'NONE', *, *, #1819, .F. ) ;
#1368 = VERTEX_POINT ( 'NONE', #6683 ) ;
#1369 = ORIENTED_EDGE ( 'NONE', *, *, #2205, .F. ) ;
#1370 = CARTESIAN_POINT ( 'NONE',  ( 0.3750000000000667799, 0.05000000000000000278, -2.168404344971395725E-14 ) ) ;
#1371 = CARTESIAN_POINT ( 'NONE',  ( 1.199999999999999956, 0.2000000000000000111, -0.1250000000000002776 ) ) ;
#1372 = DIRECTION ( 'NONE',  ( 0.000000000000000000, -0.000000000000000000, 1.000000000000000000 ) ) ;
#1373 = ORIENTED_EDGE ( 'NONE', *, *, #1509, .T. ) ;
#1374 = EDGE_LOOP ( 'NONE', ( #7628, #2873, #4670, #7612 ) ) ;
#1375 = VERTEX_POINT ( 'NONE', #5442 ) ;
#1376 = CARTESIAN_POINT ( 'NONE',  ( -1.499999999999999778, 0.2000000000000000111, -0.3749999999999997224 ) ) ;
#1377 = FACE_OUTER_BOUND ( 'NONE', #4656, .T. ) ;
#1378 = AXIS2_PLACEMENT_3D ( 'NONE', #5161, #2730, #3358 ) ;
#1379 = CARTESIAN_POINT ( 'NONE',  ( -0.8250000000000027311, 0.2000000000000000111, -1.200000000000000178 ) ) ;
#1380 = DIRECTION ( 'NONE',  ( 0.000000000000000000, -0.000000000000000000, 1.000000000000000000 ) ) ;
#1381 = EDGE_CURVE ( 'NONE', #624, #3608, #1907, .T. ) ;
#1382 = ORIENTED_EDGE ( 'NONE', *, *, #307, .T. ) ;
#1383 = EDGE_CURVE ( 'NONE', #4513, #6143, #1322, .T. ) ;
#1384 = AXIS2_PLACEMENT_3D ( 'NONE', #2165, #2831, #4129 ) ;
#1385 = CARTESIAN_POINT ( 'NONE',  ( -0.3750000000000112688, 0.2000000000000000111, -1.500000000000000000 ) ) ;
#1386 = FACE_OUTER_BOUND ( 'NONE', #739, .T. ) ;
#1387 = EDGE_LOOP ( 'NONE', ( #6510, #6084, #354, #1478 ) ) ;
#1388 = CIRCLE ( 'NONE', #7649, 0.04999999999999991257 ) ;
#1389 = DIRECTION ( 'NONE',  ( 0.000000000000000000, 1.000000000000000000, 0.000000000000000000 ) ) ;
#1390 = CARTESIAN_POINT ( 'NONE',  ( -0.8750000000000000000, 0.2000000000000000111, 0.8750000000000000000 ) ) ;
#1391 = ORIENTED_EDGE ( 'NONE', *, *, #5529, .T. ) ;
#1392 = DIRECTION ( 'NONE',  ( 0.000000000000000000, -1.000000000000000000, 0.000000000000000000 ) ) ;
#1393 = ORIENTED_EDGE ( 'NONE', *, *, #790, .F. ) ;
#1394 = EDGE_LOOP ( 'NONE', ( #6195, #592, #224, #7330, #4512, #5743 ) ) ;
#1395 = DIRECTION ( 'NONE',  ( 0.000000000000000000, 0.000000000000000000, -1.000000000000000000 ) ) ;
#1396 = DIRECTION ( 'NONE',  ( 0.000000000000000000, -0.000000000000000000, -1.000000000000000000 ) ) ;
#1397 = LINE ( 'NONE', #5019, #6697 ) ;
#1398 = VERTEX_POINT ( 'NONE', #2463 ) ;
#1399 = ADVANCED_FACE ( 'NONE', ( #3675 ), #6606, .F. ) ;
#1400 = CARTESIAN_POINT ( 'NONE',  ( 0.1749999999999973244, 0.000000000000000000, -1.149999999999999467 ) ) ;
#1401 = ORIENTED_EDGE ( 'NONE', *, *, #1125, .F. ) ;
#1402 = CARTESIAN_POINT ( 'NONE',  ( 0.1250000000000003608, 0.2000000000000000111, 1.499999999999999778 ) ) ;
#1403 = CARTESIAN_POINT ( 'NONE',  ( 1.499999999999997780, 0.2000000000000000111, 0.6249999999999765743 ) ) ;
#1404 = CARTESIAN_POINT ( 'NONE',  ( -0.1250000000000112688, 0.000000000000000000, -1.500000000000000000 ) ) ;
#1405 = DIRECTION ( 'NONE',  ( 1.000000000000000000, 0.000000000000000000, -0.000000000000000000 ) ) ;
#1406 = ORIENTED_EDGE ( 'NONE', *, *, #1282, .T. ) ;
#1407 = ADVANCED_FACE ( 'NONE', ( #1280 ), #2976, .T. ) ;
#1408 = EDGE_CURVE ( 'NONE', #1805, #1974, #655, .T. ) ;
#1409 = ORIENTED_EDGE ( 'NONE', *, *, #3963, .F. ) ;
#1410 = ORIENTED_EDGE ( 'NONE', *, *, #1913, .F. ) ;
#1411 = EDGE_CURVE ( 'NONE', #3275, #995, #5334, .T. ) ;
#1412 = AXIS2_PLACEMENT_3D ( 'NONE', #6311, #3897, #327 ) ;
#1413 = CYLINDRICAL_SURFACE ( 'NONE', #4746, 0.05000000000000012768 ) ;
#1414 = CYLINDRICAL_SURFACE ( 'NONE', #6759, 0.04999999999999991257 ) ;
#1415 = CARTESIAN_POINT ( 'NONE',  ( -1.149999999999999689, 0.2000000000000000111, 0.1750000000000000999 ) ) ;
#1416 = DIRECTION ( 'NONE',  ( 0.000000000000000000, 1.000000000000000000, 0.000000000000000000 ) ) ;
#1417 = CIRCLE ( 'NONE', #4309, 0.05000000000000012768 ) ;
#1418 = PLANE ( 'NONE',  #2442 ) ;
#1419 = ORIENTED_EDGE ( 'NONE', *, *, #3233, .F. ) ;
#1420 = CARTESIAN_POINT ( 'NONE',  ( 1.500000000000000000, 0.2000000000000000111, 0.8749999999999996669 ) ) ;
#1421 = DIRECTION ( 'NONE',  ( 1.000000000000000000, 0.000000000000000000, -1.807003620809173399E-16 ) ) ;
#1422 = CARTESIAN_POINT ( 'NONE',  ( 1.199999999999999956, 0.2000000000000000111, 0.8249999999999997335 ) ) ;
#1423 = AXIS2_PLACEMENT_3D ( 'NONE', #512, #5830, #471 ) ;
#1424 = ADVANCED_FACE ( 'NONE', ( #7128 ), #1169, .T. ) ;
#1425 = ORIENTED_EDGE ( 'NONE', *, *, #7689, .F. ) ;
#1426 = DIRECTION ( 'NONE',  ( 0.000000000000000000, 1.000000000000000000, 0.000000000000000000 ) ) ;
#1427 = VECTOR ( 'NONE', #4346, 1000.000000000000000 ) ;
#1428 = CARTESIAN_POINT ( 'NONE',  ( 1.199999999999999956, 0.000000000000000000, -0.3250000000000003442 ) ) ;
#1429 = ORIENTED_EDGE ( 'NONE', *, *, #4468, .T. ) ;
#1430 = CARTESIAN_POINT ( 'NONE',  ( 0.6750000000000002665, 0.2000000000000000111, 1.149999999999999689 ) ) ;
#1431 = ORIENTED_EDGE ( 'NONE', *, *, #1315, .F. ) ;
#1432 = AXIS2_PLACEMENT_3D ( 'NONE', #4999, #2169, #3817 ) ;
#1433 = ORIENTED_EDGE ( 'NONE', *, *, #5198, .F. ) ;
#1434 = AXIS2_PLACEMENT_3D ( 'NONE', #7624, #2550, #6739 ) ;
#1435 = CARTESIAN_POINT ( 'NONE',  ( -0.8250000000000027311, 0.04999999999999999584, -1.149999999999999467 ) ) ;
#1436 = CARTESIAN_POINT ( 'NONE',  ( -0.8749999999999995559, 0.2000000000000000111, 1.499999999999999778 ) ) ;
#1437 = CARTESIAN_POINT ( 'NONE',  ( 0.8750000000000000000, 0.2000000000000000111, 0.8750000000000000000 ) ) ;
#1438 = AXIS2_PLACEMENT_3D ( 'NONE', #5841, #5234, #5310 ) ;
#1439 = FACE_OUTER_BOUND ( 'NONE', #3565, .T. ) ;
#1440 = EDGE_LOOP ( 'NONE', ( #969, #4263, #6577, #7644 ) ) ;
#1441 = EDGE_LOOP ( 'NONE', ( #3652, #1006, #4232, #2262 ) ) ;
#1442 = VECTOR ( 'NONE', #1140, 1000.000000000000000 ) ;
#1443 = VECTOR ( 'NONE', #166, 1000.000000000000000 ) ;
#1444 = CARTESIAN_POINT ( 'NONE',  ( -1.199999999999999956, 0.2000000000000000111, -0.6249999999999998890 ) ) ;
#1445 = DIRECTION ( 'NONE',  ( -1.000000000000000000, -0.000000000000000000, -0.000000000000000000 ) ) ;
#1446 = DIRECTION ( 'NONE',  ( -0.000000000000000000, -1.000000000000000000, -0.000000000000000000 ) ) ;
#1447 = CARTESIAN_POINT ( 'NONE',  ( -1.500000000000000000, 0.2000000000000000111, -0.6249999999999996669 ) ) ;
#1448 = EDGE_LOOP ( 'NONE', ( #4383, #7052, #4993, #1843 ) ) ;
#1449 = ORIENTED_EDGE ( 'NONE', *, *, #6286, .T. ) ;
#1450 = VECTOR ( 'NONE', #4891, 1000.000000000000000 ) ;
#1451 = AXIS2_PLACEMENT_3D ( 'NONE', #4956, #6626, #7335 ) ;
#1452 = CARTESIAN_POINT ( 'NONE',  ( -0.1249999999999679146, 0.05000000000000000278, 3.614007241617421465E-15 ) ) ;
#1453 = PLANE ( 'NONE',  #888 ) ;
#1454 = EDGE_CURVE ( 'NONE', #7538, #2903, #2791, .T. ) ;
#1455 = EDGE_CURVE ( 'NONE', #1272, #6619, #3422, .T. ) ;
#1456 = EDGE_CURVE ( 'NONE', #843, #1904, #1796, .T. ) ;
#1457 = LINE ( 'NONE', #2006, #2773 ) ;
#1458 = VECTOR ( 'NONE', #6037, 1000.000000000000000 ) ;
#1459 = DIRECTION ( 'NONE',  ( 0.000000000000000000, 1.000000000000000000, 0.000000000000000000 ) ) ;
#1460 = LINE ( 'NONE', #2641, #3452 ) ;
#1461 = VERTEX_POINT ( 'NONE', #3604 ) ;
#1462 = ORIENTED_EDGE ( 'NONE', *, *, #6093, .F. ) ;
#1463 = DIRECTION ( 'NONE',  ( 0.000000000000000000, 0.000000000000000000, -1.000000000000000000 ) ) ;
#1464 = FACE_OUTER_BOUND ( 'NONE', #4669, .T. ) ;
#1465 = ORIENTED_EDGE ( 'NONE', *, *, #4764, .F. ) ;
#1466 = DIRECTION ( 'NONE',  ( 0.7071067811865475727, 0.000000000000000000, 0.7071067811865475727 ) ) ;
#1467 = AXIS2_PLACEMENT_3D ( 'NONE', #2542, #3019, #6690 ) ;
#1468 = ORIENTED_EDGE ( 'NONE', *, *, #4055, .F. ) ;
#1469 = CIRCLE ( 'NONE', #2981, 0.05000000000000012768 ) ;
#1470 = FACE_OUTER_BOUND ( 'NONE', #5490, .T. ) ;
#1471 = ORIENTED_EDGE ( 'NONE', *, *, #2080, .T. ) ;
#1472 = CARTESIAN_POINT ( 'NONE',  ( 1.199999999999999956, 0.2000000000000000111, 0.1249999999999997363 ) ) ;
#1473 = VERTEX_POINT ( 'NONE', #2499 ) ;
#1474 = ORIENTED_EDGE ( 'NONE', *, *, #1454, .F. ) ;
#1475 = CARTESIAN_POINT ( 'NONE',  ( 0.8750000000000000000, 0.05000000000000000278, 0.8750000000000000000 ) ) ;
#1476 = CARTESIAN_POINT ( 'NONE',  ( -1.199999999999999512, 0.000000000000000000, 0.8250000000000002887 ) ) ;
#1477 = DIRECTION ( 'NONE',  ( 0.000000000000000000, 1.000000000000000000, 0.000000000000000000 ) ) ;
#1478 = ORIENTED_EDGE ( 'NONE', *, *, #4444, .T. ) ;
#1479 = VECTOR ( 'NONE', #3151, 1000.000000000000000 ) ;
#1480 = EDGE_CURVE ( 'NONE', #4474, #1461, #5978, .T. ) ;
#1481 = DIRECTION ( 'NONE',  ( 1.807003620809173399E-16, 0.000000000000000000, 1.000000000000000000 ) ) ;
#1482 = VERTEX_POINT ( 'NONE', #4236 ) ;
#1483 = ORIENTED_EDGE ( 'NONE', *, *, #4487, .T. ) ;
#1484 = ORIENTED_EDGE ( 'NONE', *, *, #428, .F. ) ;
#1485 = DIRECTION ( 'NONE',  ( -0.000000000000000000, 0.000000000000000000, -1.000000000000000000 ) ) ;
#1486 = DIRECTION ( 'NONE',  ( 0.000000000000000000, 1.000000000000000000, 0.000000000000000000 ) ) ;
#1487 = FACE_OUTER_BOUND ( 'NONE', #156, .T. ) ;
#1488 = EDGE_LOOP ( 'NONE', ( #3027, #6120, #2528, #2870 ) ) ;
#1489 = APPLICATION_PROTOCOL_DEFINITION ( 'draft international standard', 'automotive_design', 1998, #5779 ) ;
#1490 = CARTESIAN_POINT ( 'NONE',  ( -0.1750000000000025147, 0.2000000000000000111, -1.149999999999999911 ) ) ;
#1491 =( LENGTH_UNIT ( ) NAMED_UNIT ( * ) SI_UNIT ( .MILLI., .METRE. ) );
#1492 = CARTESIAN_POINT ( 'NONE',  ( -0.1250000000000112688, 0.2000000000000000111, -1.500000000000000000 ) ) ;
#1493 = CARTESIAN_POINT ( 'NONE',  ( -1.499999999999999778, 0.2000000000000000111, 0.3750000000000002776 ) ) ;
#1494 = ORIENTED_EDGE ( 'NONE', *, *, #126, .T. ) ;
#1495 = VERTEX_POINT ( 'NONE', #1245 ) ;
#1496 = CARTESIAN_POINT ( 'NONE',  ( -0.6749999999999996003, 0.000000000000000000, 1.199999999999999734 ) ) ;
#1497 = EDGE_CURVE ( 'NONE', #1730, #1538, #3944, .T. ) ;
#1498 = EDGE_CURVE ( 'NONE', #905, #4442, #5197, .T. ) ;
#1499 = EDGE_CURVE ( 'NONE', #4047, #534, #1361, .T. ) ;
#1500 = DIRECTION ( 'NONE',  ( -8.673617379883233989E-15, -0.000000000000000000, -1.000000000000000000 ) ) ;
#1501 = VERTEX_POINT ( 'NONE', #926 ) ;
#1502 = VECTOR ( 'NONE', #3273, 1000.000000000000000 ) ;
#1503 = DIRECTION ( 'NONE',  ( 0.000000000000000000, 0.000000000000000000, 1.000000000000000000 ) ) ;
#1504 = AXIS2_PLACEMENT_3D ( 'NONE', #1575, #878, #4997 ) ;
#1505 = CARTESIAN_POINT ( 'NONE',  ( -1.499999999999999778, 0.8000000000000000444, -1.500000000000000222 ) ) ;
#1506 = SURFACE_STYLE_USAGE ( .BOTH. , #454 ) ;
#1507 = ORIENTED_EDGE ( 'NONE', *, *, #4814, .T. ) ;
#1508 = EDGE_CURVE ( 'NONE', #4824, #5945, #1284, .T. ) ;
#1509 = EDGE_CURVE ( 'NONE', #5349, #1187, #966, .T. ) ;
#1510 = DIRECTION ( 'NONE',  ( -1.000000000000000000, 0.000000000000000000, -0.000000000000000000 ) ) ;
#1511 = VERTEX_POINT ( 'NONE', #1542 ) ;
#1512 = EDGE_CURVE ( 'NONE', #6546, #3128, #6363, .T. ) ;
#1513 = VERTEX_POINT ( 'NONE', #5742 ) ;
#1514 = CARTESIAN_POINT ( 'NONE',  ( -0.8249999999999997335, 0.000000000000000000, 1.199999999999999734 ) ) ;
#1515 = CARTESIAN_POINT ( 'NONE',  ( -1.500000000000000000, 0.2000000000000000111, -0.6249999999999996669 ) ) ;
#1516 = LINE ( 'NONE', #2620, #4092 ) ;
#1517 = DIRECTION ( 'NONE',  ( 1.000000000000000000, -0.000000000000000000, -0.000000000000000000 ) ) ;
#1518 = LINE ( 'NONE', #6766, #4980 ) ;
#1519 = ORIENTED_EDGE ( 'NONE', *, *, #5139, .F. ) ;
#1520 = EDGE_LOOP ( 'NONE', ( #881, #3831, #4452, #2251 ) ) ;
#1521 = EDGE_CURVE ( 'NONE', #4319, #2665, #376, .T. ) ;
#1522 = ORIENTED_EDGE ( 'NONE', *, *, #3879, .F. ) ;
#1523 = CARTESIAN_POINT ( 'NONE',  ( -1.199999999999999512, 0.04999999999999999584, 0.8750000000000002220 ) ) ;
#1524 = CARTESIAN_POINT ( 'NONE',  ( 1.199999999999999956, 0.2000000000000000111, 0.3249999999999998446 ) ) ;
#1525 = CARTESIAN_POINT ( 'NONE',  ( 0.6250000000000004441, 0.2000000000000000111, 1.499999999999999778 ) ) ;
#1526 = ORIENTED_EDGE ( 'NONE', *, *, #1679, .F. ) ;
#1527 = VERTEX_POINT ( 'NONE', #4610 ) ;
#1528 = VERTEX_POINT ( 'NONE', #5705 ) ;
#1529 = DIRECTION ( 'NONE',  ( 0.000000000000000000, 0.000000000000000000, 1.000000000000000000 ) ) ;
#1530 = CIRCLE ( 'NONE', #5666, 0.04999999999999991257 ) ;
#1531 = PRESENTATION_STYLE_ASSIGNMENT (( #4522 ) ) ;
#1532 = CARTESIAN_POINT ( 'NONE',  ( 0.3750000000000003331, 0.2000000000000000111, 1.499999999999999778 ) ) ;
#1533 = EDGE_LOOP ( 'NONE', ( #4424, #6970, #729, #3366 ) ) ;
#1534 = AXIS2_PLACEMENT_3D ( 'NONE', #5774, #2766, #6911 ) ;
#1535 = ORIENTED_EDGE ( 'NONE', *, *, #5718, .F. ) ;
#1536 = DIRECTION ( 'NONE',  ( 1.000000000000000000, 0.000000000000000000, 0.000000000000000000 ) ) ;
#1537 = SURFACE_STYLE_FILL_AREA ( #6434 ) ;
#1538 = VERTEX_POINT ( 'NONE', #6128 ) ;
#1539 = CARTESIAN_POINT ( 'NONE',  ( -0.3750000000000112688, 0.2000000000000000111, -1.500000000000000000 ) ) ;
#1540 = VECTOR ( 'NONE', #4641, 1000.000000000000000 ) ;
#1541 = ADVANCED_FACE ( 'NONE', ( #1000, #4531 ), #744, .F. ) ;
#1542 = CARTESIAN_POINT ( 'NONE',  ( -0.8749999999999996669, 0.000000000000000000, 1.199999999999999734 ) ) ;
#1543 = DIRECTION ( 'NONE',  ( 0.000000000000000000, 0.000000000000000000, -1.000000000000000000 ) ) ;
#1544 = DIRECTION ( 'NONE',  ( -1.000000000000000000, 0.000000000000000000, 3.614007241618346799E-16 ) ) ;
#1545 = VERTEX_POINT ( 'NONE', #409 ) ;
#1546 = LINE ( 'NONE', #3403, #3609 ) ;
#1547 = VERTEX_POINT ( 'NONE', #6724 ) ;
#1548 = EDGE_LOOP ( 'NONE', ( #6226, #3558, #5030, #5191 ) ) ;
#1549 = ADVANCED_FACE ( 'NONE', ( #5165 ), #2178, .F. ) ;
#1550 = AXIS2_PLACEMENT_3D ( 'NONE', #6498, #7714, #5297 ) ;
#1551 = EDGE_CURVE ( 'NONE', #4008, #254, #2537, .T. ) ;
#1552 = ADVANCED_FACE ( 'NONE', ( #2732 ), #4027, .F. ) ;
#1553 = DIRECTION ( 'NONE',  ( -0.000000000000000000, -1.000000000000000000, -0.000000000000000000 ) ) ;
#1554 = CYLINDRICAL_SURFACE ( 'NONE', #6171, 0.04999999999999980849 ) ;
#1555 = CARTESIAN_POINT ( 'NONE',  ( 0.1249999999999800576, 0.000000000000000000, -1.500000000000000000 ) ) ;
#1556 = DIRECTION ( 'NONE',  ( 0.000000000000000000, -1.000000000000000000, 0.000000000000000000 ) ) ;
#1557 = EDGE_LOOP ( 'NONE', ( #785, #2738, #5000, #3065 ) ) ;
#1558 = CARTESIAN_POINT ( 'NONE',  ( -0.1249999999999996531, 0.2000000000000000111, 1.499999999999999778 ) ) ;
#1559 = AXIS2_PLACEMENT_3D ( 'NONE', #7597, #2229, #6332 ) ;
#1560 = ORIENTED_EDGE ( 'NONE', *, *, #3147, .F. ) ;
#1561 = VERTEX_POINT ( 'NONE', #7507 ) ;
#1562 = LINE ( 'NONE', #1605, #6029 ) ;
#1563 = VECTOR ( 'NONE', #917, 1000.000000000000000 ) ;
#1564 = LINE ( 'NONE', #2710, #5925 ) ;
#1565 = COLOUR_RGB ( '',0.7921568627450980005, 0.8196078431372548767, 0.9333333333333333481 ) ;
#1566 = FACE_OUTER_BOUND ( 'NONE', #2295, .T. ) ;
#1567 = FACE_OUTER_BOUND ( 'NONE', #441, .T. ) ;
#1568 = VERTEX_POINT ( 'NONE', #7540 ) ;
#1569 = ORIENTED_EDGE ( 'NONE', *, *, #5282, .F. ) ;
#1570 = VERTEX_POINT ( 'NONE', #3754 ) ;
#1571 = SURFACE_STYLE_FILL_AREA ( #362 ) ;
#1572 = LINE ( 'NONE', #2280, #5999 ) ;
#1573 = AXIS2_PLACEMENT_3D ( 'NONE', #4126, #6380, #5180 ) ;
#1574 = CIRCLE ( 'NONE', #68, 0.04999999999999991257 ) ;
#1575 = CARTESIAN_POINT ( 'NONE',  ( 1.199999999999999956, 0.2000000000000000111, -0.1750000000000001832 ) ) ;
#1576 = CARTESIAN_POINT ( 'NONE',  ( -1.199999999999999512, 0.000000000000000000, 0.8250000000000002887 ) ) ;
#1577 = CARTESIAN_POINT ( 'NONE',  ( 1.149999999999999911, 0.2000000000000000111, -0.8250000000000003997 ) ) ;
#1578 = ORIENTED_EDGE ( 'NONE', *, *, #2637, .T. ) ;
#1579 = VECTOR ( 'NONE', #539, 1000.000000000000000 ) ;
#1580 = VECTOR ( 'NONE', #6439, 1000.000000000000000 ) ;
#1581 = EDGE_LOOP ( 'NONE', ( #733, #4554 ) ) ;
#1582 = DIRECTION ( 'NONE',  ( 1.000000000000000000, 0.000000000000000000, -0.000000000000000000 ) ) ;
#1583 = ADVANCED_FACE ( 'NONE', ( #5090 ), #6277, .T. ) ;
#1584 = EDGE_CURVE ( 'NONE', #495, #1272, #4356, .T. ) ;
#1585 = CARTESIAN_POINT ( 'NONE',  ( 0.1749999999999973244, 0.2000000000000000111, -1.149999999999999467 ) ) ;
#1586 = CARTESIAN_POINT ( 'NONE',  ( -0.1749999999999996281, 0.2000000000000000111, 1.149999999999999689 ) ) ;
#1587 = VECTOR ( 'NONE', #4453, 1000.000000000000000 ) ;
#1588 = CARTESIAN_POINT ( 'NONE',  ( -1.199999999999999734, 0.04999999999999999584, -0.8249999999999998446 ) ) ;
#1589 =( NAMED_UNIT ( * ) PLANE_ANGLE_UNIT ( ) SI_UNIT ( $, .RADIAN. ) );
#1590 = ORIENTED_EDGE ( 'NONE', *, *, #2535, .T. ) ;
#1591 = CARTESIAN_POINT ( 'NONE',  ( -0.8749999999999995559, 0.2000000000000000111, 1.499999999999999778 ) ) ;
#1592 = ORIENTED_EDGE ( 'NONE', *, *, #1282, .F. ) ;
#1593 = EDGE_LOOP ( 'NONE', ( #7646, #3392, #1278, #1483 ) ) ;
#1594 = VECTOR ( 'NONE', #2134, 1000.000000000000000 ) ;
#1595 = CARTESIAN_POINT ( 'NONE',  ( -0.6250000000000026645, 0.2000000000000000111, -1.200000000000000178 ) ) ;
#1596 = DIRECTION ( 'NONE',  ( 0.000000000000000000, 0.000000000000000000, -1.000000000000000000 ) ) ;
#1597 = PLANE ( 'NONE',  #5585 ) ;
#1598 = CARTESIAN_POINT ( 'NONE',  ( -0.1750000000000025147, 0.2000000000000000111, -1.200000000000000178 ) ) ;
#1599 = DIRECTION ( 'NONE',  ( 0.000000000000000000, -1.000000000000000000, 0.000000000000000000 ) ) ;
#1600 = AXIS2_PLACEMENT_3D ( 'NONE', #4191, #1791, #7195 ) ;
#1601 = EDGE_CURVE ( 'NONE', #1570, #2483, #5913, .T. ) ;
#1602 = EDGE_CURVE ( 'NONE', #2764, #548, #3906, .T. ) ;
#1603 = EDGE_CURVE ( 'NONE', #5586, #3172, #4103, .T. ) ;
#1604 = EDGE_LOOP ( 'NONE', ( #5217, #329, #2699, #882 ) ) ;
#1605 = CARTESIAN_POINT ( 'NONE',  ( 1.500000000000000000, 0.2000000000000000111, 0.1249999999999997363 ) ) ;
#1606 = CARTESIAN_POINT ( 'NONE',  ( -0.6250000000000026645, 0.000000000000000000, -1.200000000000000178 ) ) ;
#1607 = DIRECTION ( 'NONE',  ( 0.000000000000000000, -1.000000000000000000, 0.000000000000000000 ) ) ;
#1608 = DIRECTION ( 'NONE',  ( 0.000000000000000000, 1.000000000000000000, 0.000000000000000000 ) ) ;
#1609 = ORIENTED_EDGE ( 'NONE', *, *, #4963, .F. ) ;
#1610 = ORIENTED_EDGE ( 'NONE', *, *, #2974, .T. ) ;
#1611 = FACE_OUTER_BOUND ( 'NONE', #644, .T. ) ;
#1612 = AXIS2_PLACEMENT_3D ( 'NONE', #5918, #5386, #4877 ) ;
#1613 = VERTEX_POINT ( 'NONE', #3511 ) ;
#1614 = DIRECTION ( 'NONE',  ( 1.000000000000000000, 0.000000000000000000, -4.264528545109778674E-14 ) ) ;
#1615 = DIRECTION ( 'NONE',  ( 0.000000000000000000, 0.000000000000000000, 1.000000000000000000 ) ) ;
#1616 = DIRECTION ( 'NONE',  ( 1.000000000000000000, 0.000000000000000000, -0.000000000000000000 ) ) ;
#1617 = ORIENTED_EDGE ( 'NONE', *, *, #7127, .T. ) ;
#1618 = EDGE_LOOP ( 'NONE', ( #1471, #931, #3210, #1328 ) ) ;
#1619 = CARTESIAN_POINT ( 'NONE',  ( -0.6749999999999996003, 0.000000000000000000, 1.149999999999999689 ) ) ;
#1620 = DIRECTION ( 'NONE',  ( 0.000000000000000000, 0.000000000000000000, 1.000000000000000000 ) ) ;
#1621 = VERTEX_POINT ( 'NONE', #6401 ) ;
#1622 = FACE_OUTER_BOUND ( 'NONE', #4114, .T. ) ;
#1623 = DIRECTION ( 'NONE',  ( 1.000000000000000000, 0.000000000000000000, -7.697835424647134493E-14 ) ) ;
#1624 = ADVANCED_FACE ( 'NONE', ( #1662 ), #1742, .F. ) ;
#1625 = EDGE_CURVE ( 'NONE', #5069, #1090, #1155, .T. ) ;
#1626 = CARTESIAN_POINT ( 'NONE',  ( 1.149999999999999911, 0.2000000000000000111, 0.1749999999999996558 ) ) ;
#1627 = LINE ( 'NONE', #4687, #1815 ) ;
#1628 = AXIS2_PLACEMENT_3D ( 'NONE', #2684, #5084, #7463 ) ;
#1629 = LINE ( 'NONE', #4029, #1833 ) ;
#1630 = ORIENTED_EDGE ( 'NONE', *, *, #3121, .T. ) ;
#1631 = CARTESIAN_POINT ( 'NONE',  ( -0.6750000000000024869, 0.2000000000000000111, -1.149999999999999911 ) ) ;
#1632 = ORIENTED_EDGE ( 'NONE', *, *, #4486, .F. ) ;
#1633 = ORIENTED_EDGE ( 'NONE', *, *, #7546, .T. ) ;
#1634 = VECTOR ( 'NONE', #6901, 1000.000000000000000 ) ;
#1635 = DIRECTION ( 'NONE',  ( 0.000000000000000000, 0.000000000000000000, 1.000000000000000000 ) ) ;
#1636 = CARTESIAN_POINT ( 'NONE',  ( -1.499999999999999556, 0.2000000000000000111, 0.8750000000000003331 ) ) ;
#1637 = LINE ( 'NONE', #6963, #1204 ) ;
#1638 = FACE_OUTER_BOUND ( 'NONE', #1915, .T. ) ;
#1639 = EDGE_LOOP ( 'NONE', ( #4305, #809, #1899, #6207, #559, #2355 ) ) ;
#1640 = DIRECTION ( 'NONE',  ( 0.000000000000000000, -1.000000000000000000, 0.000000000000000000 ) ) ;
#1641 = VECTOR ( 'NONE', #7287, 1000.000000000000000 ) ;
#1642 = ORIENTED_EDGE ( 'NONE', *, *, #4635, .T. ) ;
#1643 = CARTESIAN_POINT ( 'NONE',  ( 1.500000000000000000, 0.2000000000000000111, 0.3749999999999996669 ) ) ;
#1644 = EDGE_CURVE ( 'NONE', #6959, #3333, #3475, .T. ) ;
#1645 = DIRECTION ( 'NONE',  ( 1.000000000000000000, 0.000000000000000000, -2.891205793294679332E-14 ) ) ;
#1646 = CARTESIAN_POINT ( 'NONE',  ( 0.3750000000000003331, 0.000000000000000000, 1.199999999999999734 ) ) ;
#1647 = CARTESIAN_POINT ( 'NONE',  ( -0.3250000000000026756, 0.2000000000000000111, -1.200000000000000178 ) ) ;
#1648 = ORIENTED_EDGE ( 'NONE', *, *, #7659, .F. ) ;
#1649 = VERTEX_POINT ( 'NONE', #19 ) ;
#1650 = CARTESIAN_POINT ( 'NONE',  ( 1.199999999999999956, 0.2000000000000000111, -0.1250000000000002776 ) ) ;
#1651 = DIRECTION ( 'NONE',  ( 0.000000000000000000, 0.000000000000000000, -1.000000000000000000 ) ) ;
#1652 = VERTEX_POINT ( 'NONE', #2289 ) ;
#1653 = DIRECTION ( 'NONE',  ( -0.000000000000000000, -0.000000000000000000, -1.000000000000000000 ) ) ;
#1654 = EDGE_CURVE ( 'NONE', #6741, #2125, #6440, .T. ) ;
#1655 = DIRECTION ( 'NONE',  ( -0.000000000000000000, -1.000000000000000000, -0.000000000000000000 ) ) ;
#1656 = ADVANCED_FACE ( 'NONE', ( #1118 ), #606, .F. ) ;
#1657 = ADVANCED_FACE ( 'NONE', ( #2846 ), #7070, .F. ) ;
#1658 = ORIENTED_EDGE ( 'NONE', *, *, #4441, .T. ) ;
#1659 = ORIENTED_EDGE ( 'NONE', *, *, #1726, .T. ) ;
#1660 = CARTESIAN_POINT ( 'NONE',  ( 1.199999999999999956, 0.04999999999999999584, 0.3749999999999997224 ) ) ;
#1661 = FACE_OUTER_BOUND ( 'NONE', #1164, .T. ) ;
#1662 = FACE_OUTER_BOUND ( 'NONE', #3483, .T. ) ;
#1663 = AXIS2_PLACEMENT_3D ( 'NONE', #4042, #3969, #7524 ) ;
#1664 = SURFACE_SIDE_STYLE ('',( #7030 ) ) ;
#1665 = PRESENTATION_STYLE_ASSIGNMENT (( #1506 ) ) ;
#1666 = ORIENTED_EDGE ( 'NONE', *, *, #3566, .F. ) ;
#1667 = FACE_OUTER_BOUND ( 'NONE', #670, .T. ) ;
#1668 = ORIENTED_EDGE ( 'NONE', *, *, #5139, .T. ) ;
#1669 = ADVANCED_FACE ( 'NONE', ( #5357 ), #529, .F. ) ;
#1670 = CIRCLE ( 'NONE', #6539, 0.04999999999999991257 ) ;
#1671 = ORIENTED_EDGE ( 'NONE', *, *, #5812, .F. ) ;
#1672 = CARTESIAN_POINT ( 'NONE',  ( 1.199999999999999956, 0.2000000000000000111, -0.3750000000000002776 ) ) ;
#1673 = CARTESIAN_POINT ( 'NONE',  ( -0.8249999999999997335, 0.000000000000000000, 1.149999999999999689 ) ) ;
#1674 = VECTOR ( 'NONE', #3107, 1000.000000000000000 ) ;
#1675 = DIRECTION ( 'NONE',  ( 0.000000000000000000, -1.000000000000000000, 0.000000000000000000 ) ) ;
#1676 = LINE ( 'NONE', #2779, #3589 ) ;
#1677 = EDGE_LOOP ( 'NONE', ( #4753, #6613, #5182, #6794 ) ) ;
#1678 = LINE ( 'NONE', #4080, #6594 ) ;
#1679 = EDGE_CURVE ( 'NONE', #523, #7600, #1670, .T. ) ;
#1680 = AXIS2_PLACEMENT_3D ( 'NONE', #2198, #1645, #2900 ) ;
#1681 = DIRECTION ( 'NONE',  ( 0.000000000000000000, 0.000000000000000000, 1.000000000000000000 ) ) ;
#1682 = LINE ( 'NONE', #2784, #557 ) ;
#1683 = LINE ( 'NONE', #3970, #1822 ) ;
#1684 = DIRECTION ( 'NONE',  ( 0.000000000000000000, 1.000000000000000000, 0.000000000000000000 ) ) ;
#1685 = VERTEX_POINT ( 'NONE', #492 ) ;
#1686 = CIRCLE ( 'NONE', #308, 0.05000000000000012768 ) ;
#1687 = EDGE_LOOP ( 'NONE', ( #2531, #1850, #2647, #4052, #693, #5604 ) ) ;
#1688 = CARTESIAN_POINT ( 'NONE',  ( -1.199999999999999734, 0.2000000000000000111, -0.1249999999999998196 ) ) ;
#1689 = VERTEX_POINT ( 'NONE', #2917 ) ;
#1690 = VECTOR ( 'NONE', #7551, 1000.000000000000000 ) ;
#1691 = CIRCLE ( 'NONE', #6176, 0.04999999999999991257 ) ;
#1692 = DIRECTION ( 'NONE',  ( 0.000000000000000000, 0.000000000000000000, 1.000000000000000000 ) ) ;
#1693 = DIRECTION ( 'NONE',  ( -0.000000000000000000, 1.000000000000000000, -0.000000000000000000 ) ) ;
#1694 = ORIENTED_EDGE ( 'NONE', *, *, #6769, .T. ) ;
#1695 = ORIENTED_EDGE ( 'NONE', *, *, #5162, .T. ) ;
#1696 = MECHANICAL_DESIGN_GEOMETRIC_PRESENTATION_REPRESENTATION (  '', ( #6947 ), #4827 ) ;
#1697 = AXIS2_PLACEMENT_3D ( 'NONE', #5263, #2312, #7643 ) ;
#1698 =( NAMED_UNIT ( * ) SI_UNIT ( $, .STERADIAN. ) SOLID_ANGLE_UNIT ( ) );
#1699 = DIRECTION ( 'NONE',  ( -0.000000000000000000, -1.000000000000000000, -0.000000000000000000 ) ) ;
#1700 = EDGE_CURVE ( 'NONE', #401, #125, #5923, .T. ) ;
#1701 = ADVANCED_FACE ( 'NONE', ( #1079 ), #5964, .F. ) ;
#1702 = ADVANCED_FACE ( 'NONE', ( #5243 ), #2960, .T. ) ;
#1703 = CARTESIAN_POINT ( 'NONE',  ( 0.1250000000000000833, 0.05000000000000000278, -2.258754526011468290E-17 ) ) ;
#1704 = AXIS2_PLACEMENT_3D ( 'NONE', #4400, #7488, #4552 ) ;
#1705 = UNCERTAINTY_MEASURE_WITH_UNIT (LENGTH_MEASURE( 1.000000000000000082E-05 ), #3815, 'distance_accuracy_value', 'NONE');
#1707 = DIRECTION ( 'NONE',  ( 8.673617379883233989E-15, 0.000000000000000000, 1.000000000000000000 ) ) ;
#1706 = AXIS2_PLACEMENT_3D ( 'NONE', #4064, #2368, #4762 ) ;
#1708 = CARTESIAN_POINT ( 'NONE',  ( -0.8750000000000026645, 0.000000000000000000, -1.500000000000000000 ) ) ;
#1709 = DIRECTION ( 'NONE',  ( 0.000000000000000000, 1.000000000000000000, 0.000000000000000000 ) ) ;
#1710 = ORIENTED_EDGE ( 'NONE', *, *, #369, .F. ) ;
#1711 = LINE ( 'NONE', #5854, #3363 ) ;
#1712 = VECTOR ( 'NONE', #4471, 1000.000000000000000 ) ;
#1713 = VECTOR ( 'NONE', #3553, 1000.000000000000000 ) ;
#1715 = ORIENTED_EDGE ( 'NONE', *, *, #4649, .F. ) ;
#1714 = ORIENTED_EDGE ( 'NONE', *, *, #4918, .F. ) ;
#1716 = ADVANCED_BREP_SHAPE_REPRESENTATION ( 'CH343P', ( #7418, #2246, #4862, #4798, #737, #3319, #7460, #2181, #4784, #3285, #3274, #2019, #5876, #689, #7401, #4879, #7187, #3303, #5853, #4257 ), #2114 ) ;
#1717 = CIRCLE ( 'NONE', #4729, 0.04999999999999991257 ) ;
#1718 = CARTESIAN_POINT ( 'NONE',  ( -0.8750000000000029976, 0.04999999999999999584, -1.200000000000000178 ) ) ;
#1719 = DIRECTION ( 'NONE',  ( -1.000000000000000000, 0.000000000000000000, -0.000000000000000000 ) ) ;
#1720 = FACE_OUTER_BOUND ( 'NONE', #7668, .T. ) ;
#1721 = DIRECTION ( 'NONE',  ( 0.000000000000000000, -0.000000000000000000, -1.000000000000000000 ) ) ;
#1722 = CARTESIAN_POINT ( 'NONE',  ( -1.199999999999999734, 0.000000000000000000, -0.1749999999999997391 ) ) ;
#1723 = AXIS2_PLACEMENT_3D ( 'NONE', #6966, #5295, #6335 ) ;
#1724 = DIRECTION ( 'NONE',  ( 1.000000000000000000, -0.000000000000000000, -1.807003620809173153E-16 ) ) ;
#1725 = EDGE_CURVE ( 'NONE', #7416, #4502, #415, .T. ) ;
#1726 = EDGE_CURVE ( 'NONE', #3753, #4945, #6034, .T. ) ;
#1727 = LINE ( 'NONE', #746, #808 ) ;
#1728 = CARTESIAN_POINT ( 'NONE',  ( 0.8250000000000003997, 0.000000000000000000, 1.149999999999999689 ) ) ;
#1729 = CARTESIAN_POINT ( 'NONE',  ( -1.149999999999999689, 0.2000000000000000111, -0.3249999999999999001 ) ) ;
#1730 = VERTEX_POINT ( 'NONE', #4179 ) ;
#1731 = VECTOR ( 'NONE', #5175, 1000.000000000000000 ) ;
#1732 = EDGE_LOOP ( 'NONE', ( #2048, #2983, #1429, #2104 ) ) ;
#1733 = DIRECTION ( 'NONE',  ( -3.614007241618346306E-16, 0.000000000000000000, -1.000000000000000000 ) ) ;
#1734 = ORIENTED_EDGE ( 'NONE', *, *, #5596, .F. ) ;
#1735 = VECTOR ( 'NONE', #6674, 1000.000000000000000 ) ;
#1736 = DIRECTION ( 'NONE',  ( -1.000000000000000000, 0.000000000000000000, -0.000000000000000000 ) ) ;
#1737 = CARTESIAN_POINT ( 'NONE',  ( 0.6249999999999713562, 0.000000000000000000, -1.500000000000000000 ) ) ;
#1738 = VERTEX_POINT ( 'NONE', #7029 ) ;
#1739 = CARTESIAN_POINT ( 'NONE',  ( -1.199999999999999956, 0.2000000000000000111, -0.8749999999999997780 ) ) ;
#1740 = DIRECTION ( 'NONE',  ( -0.000000000000000000, 0.000000000000000000, -1.000000000000000000 ) ) ;
#1741 = CARTESIAN_POINT ( 'NONE',  ( 1.149999999999999911, 0.2000000000000000111, 0.3249999999999998446 ) ) ;
#1742 = PLANE ( 'NONE',  #541 ) ;
#1743 = ADVANCED_FACE ( 'NONE', ( #7661 ), #3187, .F. ) ;
#1744 = CARTESIAN_POINT ( 'NONE',  ( 0.6249999999999971134, 0.2000000000000000111, -1.200000000000000178 ) ) ;
#1745 = ORIENTED_EDGE ( 'NONE', *, *, #1700, .F. ) ;
#1746 = SURFACE_STYLE_FILL_AREA ( #609 ) ;
#1747 = ORIENTED_EDGE ( 'NONE', *, *, #1986, .T. ) ;
#1748 = CLOSED_SHELL ( 'NONE', ( #6238, #4385, #3476, #4916, #7348, #3211, #5487, #793 ) ) ;
#1749 = VERTEX_POINT ( 'NONE', #6747 ) ;
#1750 = DIRECTION ( 'NONE',  ( 0.000000000000000000, 0.000000000000000000, 1.000000000000000000 ) ) ;
#1751 = EDGE_CURVE ( 'NONE', #2754, #231, #5424, .T. ) ;
#1752 = DIRECTION ( 'NONE',  ( -0.000000000000000000, -1.000000000000000000, -0.000000000000000000 ) ) ;
#1753 = EDGE_CURVE ( 'NONE', #3653, #5736, #1931, .T. ) ;
#1754 = EDGE_CURVE ( 'NONE', #3160, #2156, #4260, .T. ) ;
#1755 = LINE ( 'NONE', #2496, #1450 ) ;
#1756 = CARTESIAN_POINT ( 'NONE',  ( -0.8750000000000000000, 0.000000000000000000, 0.8750000000000000000 ) ) ;
#1757 = ORIENTED_EDGE ( 'NONE', *, *, #1315, .T. ) ;
#1758 = CARTESIAN_POINT ( 'NONE',  ( -0.3750000000000112688, 0.2000000000000000111, -1.500000000000000000 ) ) ;
#1759 = CIRCLE ( 'NONE', #3010, 0.04999999999999991257 ) ;
#1760 = CARTESIAN_POINT ( 'NONE',  ( 0.3250000000000003997, 0.2000000000000000111, 1.149999999999999689 ) ) ;
#1761 = DIRECTION ( 'NONE',  ( 0.000000000000000000, 1.000000000000000000, 0.000000000000000000 ) ) ;
#1762 = VECTOR ( 'NONE', #7648, 1000.000000000000000 ) ;
#1763 = DIRECTION ( 'NONE',  ( 1.000000000000000000, 0.000000000000000000, 0.000000000000000000 ) ) ;
#1764 = FACE_OUTER_BOUND ( 'NONE', #833, .T. ) ;
#1765 = ORIENTED_EDGE ( 'NONE', *, *, #2996, .T. ) ;
#1766 = DIRECTION ( 'NONE',  ( -1.000000000000000000, 0.000000000000000000, 3.614007241618346799E-16 ) ) ;
#1767 = ORIENTED_EDGE ( 'NONE', *, *, #6482, .F. ) ;
#1768 = ORIENTED_EDGE ( 'NONE', *, *, #3042, .F. ) ;
#1769 = ORIENTED_EDGE ( 'NONE', *, *, #3570, .T. ) ;
#1770 = EDGE_CURVE ( 'NONE', #5450, #3972, #6666, .T. ) ;
#1771 = VECTOR ( 'NONE', #3466, 1000.000000000000000 ) ;
#1772 = ORIENTED_EDGE ( 'NONE', *, *, #4886, .T. ) ;
#1773 = DIRECTION ( 'NONE',  ( -0.000000000000000000, -1.000000000000000000, -0.000000000000000000 ) ) ;
#1774 = DIRECTION ( 'NONE',  ( -1.000000000000000000, -0.000000000000000000, 1.807003620809173153E-16 ) ) ;
#1775 = DIRECTION ( 'NONE',  ( 0.000000000000000000, 1.000000000000000000, 0.000000000000000000 ) ) ;
#1776 = ORIENTED_EDGE ( 'NONE', *, *, #5303, .T. ) ;
#1777 = ORIENTED_EDGE ( 'NONE', *, *, #1753, .F. ) ;
#1778 = CARTESIAN_POINT ( 'NONE',  ( -1.199999999999999734, 0.04999999999999999584, 0.1750000000000000999 ) ) ;
#1779 = CARTESIAN_POINT ( 'NONE',  ( -1.499999999999999778, 0.04999999999999969746, -0.3749999999999996669 ) ) ;
#1780 = UNCERTAINTY_MEASURE_WITH_UNIT (LENGTH_MEASURE( 1.000000000000000082E-05 ), #7653, 'distance_accuracy_value', 'NONE');
#1781 = CARTESIAN_POINT ( 'NONE',  ( -0.8249999999999997335, 0.2000000000000000111, 1.199999999999999734 ) ) ;
#1782 = DIRECTION ( 'NONE',  ( 0.000000000000000000, 1.000000000000000000, 0.000000000000000000 ) ) ;
#1783 = ORIENTED_EDGE ( 'NONE', *, *, #7389, .F. ) ;
#1784 = VECTOR ( 'NONE', #2899, 1000.000000000000000 ) ;
#1785 = DIRECTION ( 'NONE',  ( 3.614007241618346799E-16, 0.000000000000000000, 1.000000000000000000 ) ) ;
#1786 = PLANE ( 'NONE',  #2189 ) ;
#1787 = FACE_OUTER_BOUND ( 'NONE', #6147, .T. ) ;
#1788 = DIRECTION ( 'NONE',  ( 0.000000000000000000, 1.000000000000000000, 0.000000000000000000 ) ) ;
#1789 = ORIENTED_EDGE ( 'NONE', *, *, #7548, .F. ) ;
#1790 = VECTOR ( 'NONE', #4842, 1000.000000000000000 ) ;
#1791 = DIRECTION ( 'NONE',  ( 0.000000000000000000, 1.000000000000000000, 0.000000000000000000 ) ) ;
#1792 = EDGE_CURVE ( 'NONE', #7302, #5071, #3155, .T. ) ;
#1793 = EDGE_CURVE ( 'NONE', #3772, #2741, #5502, .T. ) ;
#1794 = ADVANCED_FACE ( 'NONE', ( #5574 ), #5998, .F. ) ;
#1795 = VECTOR ( 'NONE', #1445, 1000.000000000000000 ) ;
#1796 = LINE ( 'NONE', #4195, #1037 ) ;
#1797 = DIRECTION ( 'NONE',  ( -1.000000000000000000, 0.000000000000000000, 1.807003620809173399E-16 ) ) ;
#1798 = CARTESIAN_POINT ( 'NONE',  ( 0.6750000000000002665, 0.2000000000000000111, 1.199999999999999734 ) ) ;
#1799 = DIRECTION ( 'NONE',  ( 0.000000000000000000, 0.000000000000000000, -1.000000000000000000 ) ) ;
#1800 = ORIENTED_EDGE ( 'NONE', *, *, #1456, .T. ) ;
#1801 = LINE ( 'NONE', #5409, #6717 ) ;
#1802 = VERTEX_POINT ( 'NONE', #131 ) ;
#1803 = ORIENTED_EDGE ( 'NONE', *, *, #6336, .F. ) ;
#1804 = AXIS2_PLACEMENT_3D ( 'NONE', #3605, #7278, #5979 ) ;
#1805 = VERTEX_POINT ( 'NONE', #7297 ) ;
#1806 = ORIENTED_EDGE ( 'NONE', *, *, #4886, .F. ) ;
#1807 = CARTESIAN_POINT ( 'NONE',  ( 0.8750000000000003331, 0.000000000000000000, 1.199999999999999734 ) ) ;
#1808 = SURFACE_STYLE_USAGE ( .BOTH. , #7215 ) ;
#1809 = CIRCLE ( 'NONE', #181, 0.04999999999999991257 ) ;
#1810 = CARTESIAN_POINT ( 'NONE',  ( 0.1250000000000003608, 0.2000000000000000111, 1.499999999999999778 ) ) ;
#1811 = VERTEX_POINT ( 'NONE', #766 ) ;
#1812 = VERTEX_POINT ( 'NONE', #3743 ) ;
#1813 = LINE ( 'NONE', #6547, #7118 ) ;
#1814 = LINE ( 'NONE', #7259, #2629 ) ;
#1815 = VECTOR ( 'NONE', #1080, 1000.000000000000000 ) ;
#1816 = CARTESIAN_POINT ( 'NONE',  ( 0.6750000000000002665, 0.000000000000000000, 1.199999999999999734 ) ) ;
#1817 = DIRECTION ( 'NONE',  ( 0.000000000000000000, -0.000000000000000000, 1.000000000000000000 ) ) ;
#1818 = AXIS2_PLACEMENT_3D ( 'NONE', #5917, #6543, #1616 ) ;
#1819 = EDGE_CURVE ( 'NONE', #5071, #4396, #3074, .T. ) ;
#1820 = CYLINDRICAL_SURFACE ( 'NONE', #6960, 0.04999999999999991257 ) ;
#1821 = CARTESIAN_POINT ( 'NONE',  ( 1.149999999999999911, 0.2000000000000000111, -0.8250000000000003997 ) ) ;
#1822 = VECTOR ( 'NONE', #6973, 1000.000000000000000 ) ;
#1823 = ORIENTED_EDGE ( 'NONE', *, *, #4251, .F. ) ;
#1824 = VECTOR ( 'NONE', #2305, 1000.000000000000000 ) ;
#1825 = DIRECTION ( 'NONE',  ( 0.000000000000000000, 0.000000000000000000, 1.000000000000000000 ) ) ;
#1826 = CARTESIAN_POINT ( 'NONE',  ( -0.1750000000000025147, 0.2000000000000000111, -1.200000000000000178 ) ) ;
#1827 = LINE ( 'NONE', #3556, #4966 ) ;
#1828 = CARTESIAN_POINT ( 'NONE',  ( -1.500000000000000000, 0.2000000000000000111, -0.6249999999999996669 ) ) ;
#1829 = ORIENTED_EDGE ( 'NONE', *, *, #5200, .F. ) ;
#1830 = VECTOR ( 'NONE', #2230, 1000.000000000000000 ) ;
#1831 = AXIS2_PLACEMENT_3D ( 'NONE', #6041, #4185, #2344 ) ;
#1832 = CARTESIAN_POINT ( 'NONE',  ( -0.6750000000000024869, 0.2000000000000000111, -1.149999999999999911 ) ) ;
#1833 = VECTOR ( 'NONE', #1039, 1000.000000000000000 ) ;
#1834 = DIRECTION ( 'NONE',  ( 0.000000000000000000, 0.000000000000000000, -1.000000000000000000 ) ) ;
#1835 = DIRECTION ( 'NONE',  ( 0.000000000000000000, 1.000000000000000000, 0.000000000000000000 ) ) ;
#1836 = DIRECTION ( 'NONE',  ( -1.000000000000000000, 0.000000000000000000, 0.000000000000000000 ) ) ;
#1837 = CARTESIAN_POINT ( 'NONE',  ( -1.499999999999999778, 0.2000000000000000111, 0.3750000000000002776 ) ) ;
#1838 = ORIENTED_EDGE ( 'NONE', *, *, #3805, .T. ) ;
#1839 = ADVANCED_FACE ( 'NONE', ( #3700 ), #2523, .T. ) ;
#1840 = EDGE_CURVE ( 'NONE', #6218, #2822, #2601, .T. ) ;
#1841 = EDGE_CURVE ( 'NONE', #6765, #4089, #3626, .T. ) ;
#1842 = DIRECTION ( 'NONE',  ( 0.000000000000000000, 0.000000000000000000, -1.000000000000000000 ) ) ;
#1843 = ORIENTED_EDGE ( 'NONE', *, *, #2092, .T. ) ;
#1844 = AXIS2_PLACEMENT_3D ( 'NONE', #4473, #6294, #7435 ) ;
#1845 = VERTEX_POINT ( 'NONE', #1973 ) ;
#1846 = ORIENTED_EDGE ( 'NONE', *, *, #530, .F. ) ;
#1847 = LINE ( 'NONE', #7247, #4898 ) ;
#1848 = CARTESIAN_POINT ( 'NONE',  ( -1.499999999999999778, 0.2000000000000000111, -0.1249999999999997641 ) ) ;
#1849 = DIRECTION ( 'NONE',  ( 0.000000000000000000, 1.000000000000000000, 0.000000000000000000 ) ) ;
#1850 = ORIENTED_EDGE ( 'NONE', *, *, #5627, .F. ) ;
#1851 = EDGE_CURVE ( 'NONE', #2425, #3055, #4335, .T. ) ;
#1852 = ORIENTED_EDGE ( 'NONE', *, *, #3662, .F. ) ;
#1853 = DIRECTION ( 'NONE',  ( 0.000000000000000000, 1.000000000000000000, 0.000000000000000000 ) ) ;
#1854 = DIRECTION ( 'NONE',  ( 1.000000000000000000, 0.000000000000000000, -3.614007241618346799E-16 ) ) ;
#1855 = AXIS2_PLACEMENT_3D ( 'NONE', #6156, #806, #4456 ) ;
#1856 = CARTESIAN_POINT ( 'NONE',  ( -1.499999999999999778, 0.2000000000000000111, -0.1249999999999997641 ) ) ;
#1857 = DIRECTION ( 'NONE',  ( -0.000000000000000000, -1.000000000000000000, -0.000000000000000000 ) ) ;
#1858 = AXIS2_PLACEMENT_3D ( 'NONE', #2401, #4217, #1227 ) ;
#1859 = DIRECTION ( 'NONE',  ( 0.000000000000000000, 1.000000000000000000, 0.000000000000000000 ) ) ;
#1860 = EDGE_CURVE ( 'NONE', #1473, #138, #6152, .T. ) ;
#1861 = EDGE_CURVE ( 'NONE', #6997, #6880, #2488, .T. ) ;
#1862 = ORIENTED_EDGE ( 'NONE', *, *, #6158, .T. ) ;
#1863 = DIRECTION ( 'NONE',  ( -0.000000000000000000, -1.000000000000000000, -0.000000000000000000 ) ) ;
#1864 = CARTESIAN_POINT ( 'NONE',  ( -0.8750000000000029976, 0.000000000000000000, -1.200000000000000178 ) ) ;
#1865 = LINE ( 'NONE', #5330, #3469 ) ;
#1866 = PLANE ( 'NONE',  #3344 ) ;
#1867 = EDGE_LOOP ( 'NONE', ( #1846, #734, #3669, #628, #3811, #6324 ) ) ;
#1868 = PLANE ( 'NONE',  #1105 ) ;
#1869 = CARTESIAN_POINT ( 'NONE',  ( -1.199999999999999734, 0.2000000000000000111, -0.6749999999999997113 ) ) ;
#1870 = DIRECTION ( 'NONE',  ( -0.000000000000000000, -1.000000000000000000, -0.000000000000000000 ) ) ;
#1871 = CARTESIAN_POINT ( 'NONE',  ( 0.3749999999999800715, 0.2000000000000000111, -1.500000000000000000 ) ) ;
#1872 = DIRECTION ( 'NONE',  ( -1.000000000000000000, 0.000000000000000000, 3.614007241618346799E-16 ) ) ;
#1873 = CARTESIAN_POINT ( 'NONE',  ( 0.1749999999999973244, 0.2000000000000000111, -1.200000000000000178 ) ) ;
#1874 = EDGE_LOOP ( 'NONE', ( #664, #1409, #4703, #3800 ) ) ;
#1875 = FACE_OUTER_BOUND ( 'NONE', #40, .T. ) ;
#1876 = VECTOR ( 'NONE', #1740, 1000.000000000000000 ) ;
#1877 = VERTEX_POINT ( 'NONE', #7262 ) ;
#1878 = EDGE_LOOP ( 'NONE', ( #5378, #2269, #4262, #1609, #5566, #482 ) ) ;
#1879 = EDGE_CURVE ( 'NONE', #2095, #5660, #802, .T. ) ;
#1880 = DIRECTION ( 'NONE',  ( -0.000000000000000000, -1.000000000000000000, -0.000000000000000000 ) ) ;
#1881 = CIRCLE ( 'NONE', #3519, 0.04999999999999991257 ) ;
#1882 = PLANE ( 'NONE',  #2676 ) ;
#1883 =( NAMED_UNIT ( * ) SI_UNIT ( $, .STERADIAN. ) SOLID_ANGLE_UNIT ( ) );
#1884 = ORIENTED_EDGE ( 'NONE', *, *, #4705, .F. ) ;
#1885 = ORIENTED_EDGE ( 'NONE', *, *, #2807, .F. ) ;
#1886 = ORIENTED_EDGE ( 'NONE', *, *, #1860, .T. ) ;
#1887 = CARTESIAN_POINT ( 'NONE',  ( 0.1749999999999973244, 0.2000000000000000111, -1.200000000000000178 ) ) ;
#1888 = DIRECTION ( 'NONE',  ( 0.000000000000000000, 0.000000000000000000, -1.000000000000000000 ) ) ;
#1889 = AXIS2_PLACEMENT_3D ( 'NONE', #3385, #5308, #1736 ) ;
#1890 = EDGE_CURVE ( 'NONE', #6691, #4047, #7337, .T. ) ;
#1891 = EDGE_CURVE ( 'NONE', #2986, #351, #6160, .T. ) ;
#1892 = EDGE_CURVE ( 'NONE', #6166, #3172, #5189, .T. ) ;
#1893 = CARTESIAN_POINT ( 'NONE',  ( -0.1249999999999996531, 0.2000000000000000111, 1.499999999999999778 ) ) ;
#1894 = EDGE_CURVE ( 'NONE', #3325, #3608, #5691, .T. ) ;
#1895 = DIRECTION ( 'NONE',  ( 0.000000000000000000, 0.000000000000000000, -1.000000000000000000 ) ) ;
#1896 = ORIENTED_EDGE ( 'NONE', *, *, #164, .T. ) ;
#1897 = DIRECTION ( 'NONE',  ( 0.000000000000000000, 0.000000000000000000, -1.000000000000000000 ) ) ;
#1898 = DIRECTION ( 'NONE',  ( 8.673617379884037996E-14, -0.000000000000000000, 1.000000000000000000 ) ) ;
#1899 = ORIENTED_EDGE ( 'NONE', *, *, #7647, .F. ) ;
#1900 = ORIENTED_EDGE ( 'NONE', *, *, #2207, .F. ) ;
#1901 = PLANE ( 'NONE',  #811 ) ;
#1902 = EDGE_CURVE ( 'NONE', #2754, #6143, #6942, .T. ) ;
#1903 = CARTESIAN_POINT ( 'NONE',  ( -0.3250000000000026756, 0.000000000000000000, -1.149999999999999467 ) ) ;
#1904 = VERTEX_POINT ( 'NONE', #5037 ) ;
#1905 = LINE ( 'NONE', #6680, #5362 ) ;
#1906 = ORIENTED_EDGE ( 'NONE', *, *, #5303, .F. ) ;
#1907 = LINE ( 'NONE', #3561, #6912 ) ;
#1908 = CARTESIAN_POINT ( 'NONE',  ( -1.149999999999999467, 0.2000000000000000111, 0.8250000000000002887 ) ) ;
#1909 = VECTOR ( 'NONE', #3768, 1000.000000000000000 ) ;
#1910 = DIRECTION ( 'NONE',  ( 0.000000000000000000, 0.000000000000000000, -1.000000000000000000 ) ) ;
#1911 = DIRECTION ( 'NONE',  ( 0.000000000000000000, -1.000000000000000000, 0.000000000000000000 ) ) ;
#1912 = ORIENTED_EDGE ( 'NONE', *, *, #6528, .F. ) ;
#1913 = EDGE_CURVE ( 'NONE', #3855, #6668, #4801, .T. ) ;
#1914 = DIRECTION ( 'NONE',  ( -0.000000000000000000, -1.000000000000000000, -0.000000000000000000 ) ) ;
#1915 = EDGE_LOOP ( 'NONE', ( #610, #4287, #894, #2762, #7024 ) ) ;
#1916 = ORIENTED_EDGE ( 'NONE', *, *, #1243, .F. ) ;
#1917 = AXIS2_PLACEMENT_3D ( 'NONE', #5280, #2335, #2404 ) ;
#1918 = ORIENTED_EDGE ( 'NONE', *, *, #1679, .T. ) ;
#1919 = ORIENTED_EDGE ( 'NONE', *, *, #2030, .T. ) ;
#1920 = CARTESIAN_POINT ( 'NONE',  ( 0.1750000000000002109, 0.000000000000000000, 1.199999999999999734 ) ) ;
#1921 = PLANE ( 'NONE',  #3551 ) ;
#1922 = SURFACE_STYLE_FILL_AREA ( #4212 ) ;
#1923 = ORIENTED_EDGE ( 'NONE', *, *, #6597, .F. ) ;
#1924 = VECTOR ( 'NONE', #2037, 1000.000000000000000 ) ;
#1925 = ORIENTED_EDGE ( 'NONE', *, *, #4291, .F. ) ;
#1926 = ORIENTED_EDGE ( 'NONE', *, *, #5812, .T. ) ;
#1927 = CARTESIAN_POINT ( 'NONE',  ( -1.199999999999999734, 0.2000000000000000111, -0.1749999999999997391 ) ) ;
#1928 = DIRECTION ( 'NONE',  ( 0.000000000000000000, 1.000000000000000000, 0.000000000000000000 ) ) ;
#1929 = VECTOR ( 'NONE', #266, 1000.000000000000000 ) ;
#1930 = PLANE ( 'NONE',  #1451 ) ;
#1931 = LINE ( 'NONE', #4998, #159 ) ;
#1932 = ORIENTED_EDGE ( 'NONE', *, *, #4907, .T. ) ;
#1933 = CARTESIAN_POINT ( 'NONE',  ( -0.1750000000000025147, 0.000000000000000000, -1.149999999999999911 ) ) ;
#1934 = EDGE_CURVE ( 'NONE', #4319, #2772, #3388, .T. ) ;
#1935 = VECTOR ( 'NONE', #4303, 1000.000000000000000 ) ;
#1936 = EDGE_CURVE ( 'NONE', #2965, #1689, #5790, .T. ) ;
#1937 = EDGE_CURVE ( 'NONE', #5460, #5611, #2045, .T. ) ;
#1938 = DIRECTION ( 'NONE',  ( 0.000000000000000000, -1.000000000000000000, 0.000000000000000000 ) ) ;
#1939 = ORIENTED_EDGE ( 'NONE', *, *, #3660, .T. ) ;
#1940 = EDGE_LOOP ( 'NONE', ( #1507, #2170, #2034, #7456 ) ) ;
#1941 = COLOUR_RGB ( '',0.7921568627450980005, 0.8196078431372548767, 0.9333333333333333481 ) ;
#1942 = VECTOR ( 'NONE', #3348, 1000.000000000000000 ) ;
#1943 = DIRECTION ( 'NONE',  ( 0.000000000000000000, 1.000000000000000000, 0.000000000000000000 ) ) ;
#1944 = PLANE ( 'NONE',  #7589 ) ;
#1945 = ORIENTED_EDGE ( 'NONE', *, *, #291, .T. ) ;
#1946 = CARTESIAN_POINT ( 'NONE',  ( 0.1750000000000002109, 0.2000000000000000111, 1.199999999999999734 ) ) ;
#1947 = AXIS2_PLACEMENT_3D ( 'NONE', #6141, #2038, #277 ) ;
#1948 = AXIS2_PLACEMENT_3D ( 'NONE', #515, #6500, #5869 ) ;
#1949 = DIRECTION ( 'NONE',  ( 0.000000000000000000, 0.000000000000000000, 1.000000000000000000 ) ) ;
#1950 = VECTOR ( 'NONE', #2311, 1000.000000000000000 ) ;
#1951 = LINE ( 'NONE', #3640, #2053 ) ;
#1952 = AXIS2_PLACEMENT_3D ( 'NONE', #5389, #18, #7183 ) ;
#1953 = DIRECTION ( 'NONE',  ( 0.000000000000000000, -1.000000000000000000, 0.000000000000000000 ) ) ;
#1954 = CARTESIAN_POINT ( 'NONE',  ( 0.000000000000000000, 0.05000000000000000278, -0.8750000000000000000 ) ) ;
#1955 = ORIENTED_EDGE ( 'NONE', *, *, #6337, .F. ) ;
#1956 = FACE_OUTER_BOUND ( 'NONE', #2281, .T. ) ;
#1957 = ORIENTED_EDGE ( 'NONE', *, *, #2949, .T. ) ;
#1958 = VECTOR ( 'NONE', #7745, 1000.000000000000000 ) ;
#1959 = EDGE_CURVE ( 'NONE', #4692, #132, #3862, .T. ) ;
#1960 = ORIENTED_EDGE ( 'NONE', *, *, #7389, .T. ) ;
#1961 = EDGE_CURVE ( 'NONE', #2342, #1177, #3427, .T. ) ;
#1962 = LINE ( 'NONE', #948, #7525 ) ;
#1963 = SURFACE_STYLE_FILL_AREA ( #1334 ) ;
#1964 = FACE_OUTER_BOUND ( 'NONE', #7019, .T. ) ;
#1965 =( NAMED_UNIT ( * ) SI_UNIT ( $, .STERADIAN. ) SOLID_ANGLE_UNIT ( ) );
#1966 = ORIENTED_EDGE ( 'NONE', *, *, #6596, .F. ) ;
#1967 = ORIENTED_EDGE ( 'NONE', *, *, #5086, .T. ) ;
#1968 = ORIENTED_EDGE ( 'NONE', *, *, #5345, .T. ) ;
#1969 = FACE_OUTER_BOUND ( 'NONE', #1639, .T. ) ;
#1970 = DIRECTION ( 'NONE',  ( 0.000000000000000000, 0.000000000000000000, -1.000000000000000000 ) ) ;
#1971 = VECTOR ( 'NONE', #3798, 1000.000000000000000 ) ;
#1972 = LINE ( 'NONE', #4374, #1311 ) ;
#1973 = CARTESIAN_POINT ( 'NONE',  ( -1.149999999999999911, 0.2000000000000000111, -0.6749999999999997113 ) ) ;
#1974 = VERTEX_POINT ( 'NONE', #4409 ) ;
#1975 = DIRECTION ( 'NONE',  ( -8.673617379884037996E-14, 0.000000000000000000, -1.000000000000000000 ) ) ;
#1976 = AXIS2_PLACEMENT_3D ( 'NONE', #6604, #5369, #5975 ) ;
#1977 = CARTESIAN_POINT ( 'NONE',  ( 1.500000000000000000, 0.2000000000000000111, 0.8749999999999996669 ) ) ;
#1978 = ORIENTED_EDGE ( 'NONE', *, *, #1793, .T. ) ;
#1979 = CIRCLE ( 'NONE', #99, 0.04999999999999991257 ) ;
#1980 = ADVANCED_FACE ( 'NONE', ( #840 ), #957, .F. ) ;
#1981 = DIRECTION ( 'NONE',  ( -0.000000000000000000, -1.000000000000000000, -0.000000000000000000 ) ) ;
#1982 = DIRECTION ( 'NONE',  ( -1.000000000000000000, 0.000000000000000000, 3.614007241618346799E-16 ) ) ;
#1983 = VERTEX_POINT ( 'NONE', #367 ) ;
#1984 = DIRECTION ( 'NONE',  ( -1.807003620809173399E-16, 0.000000000000000000, -1.000000000000000000 ) ) ;
#1985 = PRESENTATION_LAYER_ASSIGNMENT (  '', '', ( #6991 ) ) ;
#1986 = EDGE_CURVE ( 'NONE', #3461, #3653, #6232, .T. ) ;
#1987 = ADVANCED_FACE ( 'NONE', ( #4558 ), #6190, .T. ) ;
#1988 = ADVANCED_FACE ( 'NONE', ( #916 ), #245, .T. ) ;
#1989 = DIRECTION ( 'NONE',  ( 0.000000000000000000, 1.000000000000000000, 0.000000000000000000 ) ) ;
#1990 = CARTESIAN_POINT ( 'NONE',  ( 0.8750000000000004441, 0.2000000000000000111, 1.499999999999999778 ) ) ;
#1991 = CARTESIAN_POINT ( 'NONE',  ( -0.8249999999999997335, 0.2000000000000000111, 1.149999999999999689 ) ) ;
#1992 = ORIENTED_EDGE ( 'NONE', *, *, #71, .T. ) ;
#1993 = DIRECTION ( 'NONE',  ( -0.000000000000000000, -1.000000000000000000, -0.000000000000000000 ) ) ;
#1994 = ORIENTED_EDGE ( 'NONE', *, *, #2138, .F. ) ;
#1995 = EDGE_LOOP ( 'NONE', ( #3930, #5001, #2942, #422 ) ) ;
#1996 = EDGE_LOOP ( 'NONE', ( #3020, #3223, #3243, #5168 ) ) ;
#1997 = FACE_OUTER_BOUND ( 'NONE', #5795, .T. ) ;
#1998 = CLOSED_SHELL ( 'NONE', ( #4204, #6436, #6407, #263, #2183, #5993, #42, #3661 ) ) ;
#1999 = LINE ( 'NONE', #3928, #6319 ) ;
#2000 = ORIENTED_EDGE ( 'NONE', *, *, #3687, .T. ) ;
#2001 = ORIENTED_EDGE ( 'NONE', *, *, #4410, .T. ) ;
#2002 = EDGE_CURVE ( 'NONE', #5590, #3172, #3309, .T. ) ;
#2003 = LINE ( 'NONE', #6307, #2866 ) ;
#2004 = CARTESIAN_POINT ( 'NONE',  ( 1.499999999999997780, 0.04999999999999999584, 0.6249999999999765743 ) ) ;
#2005 = AXIS2_PLACEMENT_3D ( 'NONE', #6318, #6752, #2646 ) ;
#2006 = CARTESIAN_POINT ( 'NONE',  ( 0.3250000000000003997, 0.2000000000000000111, 1.149999999999999689 ) ) ;
#2007 = PRODUCT ( 'CH343P', 'CH343P', '', ( #2203 ) ) ;
#2008 = CARTESIAN_POINT ( 'NONE',  ( 0.8750000000000004441, 0.2000000000000000111, 1.499999999999999778 ) ) ;
#2009 = FACE_OUTER_BOUND ( 'NONE', #2390, .T. ) ;
#2010 = VERTEX_POINT ( 'NONE', #7454 ) ;
#2011 = EDGE_LOOP ( 'NONE', ( #1967, #6101, #3923, #3270 ) ) ;
#2012 = AXIS2_PLACEMENT_3D ( 'NONE', #1871, #4975, #3341 ) ;
#2013 = DIRECTION ( 'NONE',  ( 0.000000000000000000, -0.000000000000000000, 1.000000000000000000 ) ) ;
#2014 = CARTESIAN_POINT ( 'NONE',  ( 1.500000000000000000, 0.2000000000000000111, 0.3749999999999996669 ) ) ;
#2015 = PLANE ( 'NONE',  #2005 ) ;
#2016 = ORIENTED_EDGE ( 'NONE', *, *, #6061, .F. ) ;
#2017 = AXIS2_PLACEMENT_3D ( 'NONE', #244, #4521, #2167 ) ;
#2018 = CARTESIAN_POINT ( 'NONE',  ( -1.499999999999999778, 0.2000000000000000111, 0.1250000000000002498 ) ) ;
#2019 = MANIFOLD_SOLID_BREP ( 'Boss-Extrude3[10]', #4765 ) ;
#2020 = DIRECTION ( 'NONE',  ( 1.000000000000000000, 0.000000000000000000, -4.264528545109778674E-14 ) ) ;
#2021 = ORIENTED_EDGE ( 'NONE', *, *, #337, .F. ) ;
#2022 = CARTESIAN_POINT ( 'NONE',  ( -1.199999999999999956, 0.8000000000000000444, -1.300000000000000266 ) ) ;
#2023 = ORIENTED_EDGE ( 'NONE', *, *, #6572, .T. ) ;
#2024 = VERTEX_POINT ( 'NONE', #522 ) ;
#2025 = DIRECTION ( 'NONE',  ( 0.000000000000000000, 0.000000000000000000, 1.000000000000000000 ) ) ;
#2026 = LINE ( 'NONE', #4506, #1712 ) ;
#2027 = CARTESIAN_POINT ( 'NONE',  ( 1.199999999999999734, 0.000000000000000000, -0.8250000000000003997 ) ) ;
#2028 = ORIENTED_EDGE ( 'NONE', *, *, #2613, .F. ) ;
#2029 = DIRECTION ( 'NONE',  ( -1.000000000000000000, 0.000000000000000000, 1.807003620809173399E-16 ) ) ;
#2030 = EDGE_CURVE ( 'NONE', #5984, #4733, #2091, .T. ) ;
#2031 = EDGE_CURVE ( 'NONE', #3255, #3518, #7101, .T. ) ;
#2032 = EDGE_CURVE ( 'NONE', #3972, #7376, #2836, .T. ) ;
#2033 = EDGE_CURVE ( 'NONE', #6878, #4792, #4133, .T. ) ;
#2034 = ORIENTED_EDGE ( 'NONE', *, *, #4298, .F. ) ;
#2035 = AXIS2_PLACEMENT_3D ( 'NONE', #2351, #6094, #5371 ) ;
#2036 = DIRECTION ( 'NONE',  ( 5.782411586589358664E-14, -0.000000000000000000, 1.000000000000000000 ) ) ;
#2037 = DIRECTION ( 'NONE',  ( -1.000000000000000000, -0.000000000000000000, -0.000000000000000000 ) ) ;
#2038 = DIRECTION ( 'NONE',  ( 0.000000000000000000, 1.000000000000000000, 0.000000000000000000 ) ) ;
#2039 = CARTESIAN_POINT ( 'NONE',  ( 0.1250000000000667799, 0.05000000000000000278, -7.228014483240560593E-15 ) ) ;
#2040 = ORIENTED_EDGE ( 'NONE', *, *, #3710, .T. ) ;
#2041 = ORIENTED_EDGE ( 'NONE', *, *, #5728, .T. ) ;
#2042 = VECTOR ( 'NONE', #3438, 1000.000000000000000 ) ;
#2043 = CARTESIAN_POINT ( 'NONE',  ( 1.500000000000000000, 0.2000000000000000111, -0.1250000000000002776 ) ) ;
#2044 = CARTESIAN_POINT ( 'NONE',  ( 1.199999999999999956, 0.2000000000000000111, -0.3250000000000003442 ) ) ;
#2045 = LINE ( 'NONE', #2008, #2672 ) ;
#2046 = CARTESIAN_POINT ( 'NONE',  ( 1.149999999999999911, 0.000000000000000000, 0.8249999999999997335 ) ) ;
#2047 = EDGE_LOOP ( 'NONE', ( #3845, #1632, #3714, #3636 ) ) ;
#2048 = ORIENTED_EDGE ( 'NONE', *, *, #2534, .T. ) ;
#2049 = CARTESIAN_POINT ( 'NONE',  ( 6.776263578034399015E-17, 0.05000000000000000278, 0.3749999999999999445 ) ) ;
#2050 = DIRECTION ( 'NONE',  ( 0.000000000000000000, 0.000000000000000000, -1.000000000000000000 ) ) ;
#2051 = VERTEX_POINT ( 'NONE', #7574 ) ;
#2052 = VERTEX_POINT ( 'NONE', #2322 ) ;
#2053 = VECTOR ( 'NONE', #2977, 1000.000000000000000 ) ;
#2054 = VERTEX_POINT ( 'NONE', #2947 ) ;
#2055 = EDGE_CURVE ( 'NONE', #4089, #2024, #4720, .T. ) ;
#2056 = CARTESIAN_POINT ( 'NONE',  ( 0.8750000000000003331, 0.04999999999999999584, 1.199999999999999734 ) ) ;
#2057 = AXIS2_PLACEMENT_3D ( 'NONE', #576, #27, #2495 ) ;
#2058 = CARTESIAN_POINT ( 'NONE',  ( 2.258754526011465763E-16, 0.05000000000000000278, 0.6249999999999997780 ) ) ;
#2059 = EDGE_LOOP ( 'NONE', ( #5375, #403, #6720, #5224 ) ) ;
#2060 = CARTESIAN_POINT ( 'NONE',  ( -0.8250000000000027311, 0.000000000000000000, -1.149999999999999467 ) ) ;
#2061 = ORIENTED_EDGE ( 'NONE', *, *, #7208, .T. ) ;
#2062 = VECTOR ( 'NONE', #7374, 1000.000000000000000 ) ;
#2063 = ORIENTED_EDGE ( 'NONE', *, *, #5112, .F. ) ;
#2064 = AXIS2_PLACEMENT_3D ( 'NONE', #6776, #830, #5647 ) ;
#2065 = DIRECTION ( 'NONE',  ( -0.000000000000000000, -0.000000000000000000, 1.000000000000000000 ) ) ;
#2066 = DIRECTION ( 'NONE',  ( -0.000000000000000000, -0.000000000000000000, -1.000000000000000000 ) ) ;
#2067 = DIRECTION ( 'NONE',  ( 0.000000000000000000, -0.000000000000000000, 1.000000000000000000 ) ) ;
#2068 = ORIENTED_EDGE ( 'NONE', *, *, #4193, .T. ) ;
#2069 = COLOUR_RGB ( '',0.7921568627450980005, 0.8196078431372548767, 0.9333333333333333481 ) ;
#2070 = AXIS2_PLACEMENT_3D ( 'NONE', #3017, #6132, #7166 ) ;
#2071 = CYLINDRICAL_SURFACE ( 'NONE', #847, 0.04999999999999991257 ) ;
#2072 = ORIENTED_EDGE ( 'NONE', *, *, #2905, .T. ) ;
#2073 = ORIENTED_EDGE ( 'NONE', *, *, #1961, .F. ) ;
#2074 = VERTEX_POINT ( 'NONE', #5271 ) ;
#2075 = ORIENTED_EDGE ( 'NONE', *, *, #3802, .F. ) ;
#2076 = CIRCLE ( 'NONE', #6455, 0.04999999999999991257 ) ;
#2077 = LINE ( 'NONE', #5147, #2408 ) ;
#2078 = EDGE_CURVE ( 'NONE', #4477, #6136, #6507, .T. ) ;
#2079 = ADVANCED_FACE ( 'NONE', ( #6471 ), #4677, .T. ) ;
#2080 = EDGE_CURVE ( 'NONE', #7654, #2661, #6542, .T. ) ;
#2081 = CARTESIAN_POINT ( 'NONE',  ( -0.3750000000000029421, 0.2000000000000000111, -1.200000000000000178 ) ) ;
#2082 = ORIENTED_EDGE ( 'NONE', *, *, #2235, .F. ) ;
#2083 = ORIENTED_EDGE ( 'NONE', *, *, #1024, .F. ) ;
#2084 = AXIS2_PLACEMENT_3D ( 'NONE', #3713, #6793, #220 ) ;
#2085 = VECTOR ( 'NONE', #3409, 1000.000000000000000 ) ;
#2086 = APPLICATION_PROTOCOL_DEFINITION ( 'draft international standard', 'automotive_design', 1998, #7381 ) ;
#2087 = CARTESIAN_POINT ( 'NONE',  ( -1.499999999999999556, 0.000000000000000000, 0.8750000000000003331 ) ) ;
#2088 = FILL_AREA_STYLE_COLOUR ( '', #5884 ) ;
#2089 = VECTOR ( 'NONE', #4378, 1000.000000000000000 ) ;
#2090 = EDGE_CURVE ( 'NONE', #5460, #3275, #7725, .T. ) ;
#2091 = LINE ( 'NONE', #439, #6164 ) ;
#2092 = EDGE_CURVE ( 'NONE', #1845, #6504, #3425, .T. ) ;
#2093 = EDGE_CURVE ( 'NONE', #2727, #1570, #5916, .T. ) ;
#2094 = FACE_OUTER_BOUND ( 'NONE', #3981, .T. ) ;
#2095 = VERTEX_POINT ( 'NONE', #2361 ) ;
#2096 = ORIENTED_EDGE ( 'NONE', *, *, #7545, .F. ) ;
#2097 = LINE ( 'NONE', #3983, #3986 ) ;
#2098 = DIRECTION ( 'NONE',  ( -0.000000000000000000, -1.000000000000000000, -0.000000000000000000 ) ) ;
#2099 = CARTESIAN_POINT ( 'NONE',  ( -0.3749999999999996669, 0.2000000000000000111, 1.499999999999999778 ) ) ;
#2100 = DIRECTION ( 'NONE',  ( 0.000000000000000000, 0.000000000000000000, 1.000000000000000000 ) ) ;
#2101 = VECTOR ( 'NONE', #5403, 1000.000000000000000 ) ;
#2102 = FACE_OUTER_BOUND ( 'NONE', #2527, .T. ) ;
#2103 = LINE ( 'NONE', #6123, #2212 ) ;
#2104 = ORIENTED_EDGE ( 'NONE', *, *, #381, .T. ) ;
#2105 = DIRECTION ( 'NONE',  ( 0.000000000000000000, -1.000000000000000000, 0.000000000000000000 ) ) ;
#2106 = ORIENTED_EDGE ( 'NONE', *, *, #934, .F. ) ;
#2107 = EDGE_CURVE ( 'NONE', #2806, #4477, #6925, .T. ) ;
#2108 = ADVANCED_FACE ( 'NONE', ( #7140 ), #5953, .F. ) ;
#2109 = ORIENTED_EDGE ( 'NONE', *, *, #2139, .F. ) ;
#2110 = LINE ( 'NONE', #1515, #6305 ) ;
#2111 = FACE_OUTER_BOUND ( 'NONE', #1878, .T. ) ;
#2112 = DIRECTION ( 'NONE',  ( 0.000000000000000000, 0.000000000000000000, -1.000000000000000000 ) ) ;
#2113 = ORIENTED_EDGE ( 'NONE', *, *, #945, .F. ) ;
#2114 =( GEOMETRIC_REPRESENTATION_CONTEXT ( 3 ) GLOBAL_UNCERTAINTY_ASSIGNED_CONTEXT ( ( #7293 ) ) GLOBAL_UNIT_ASSIGNED_CONTEXT ( ( #7492, #2243, #2720 ) ) REPRESENTATION_CONTEXT ( 'NONE', 'WORKASPACE' ) );
#2115 = LINE ( 'NONE', #1400, #6844 ) ;
#2116 = ORIENTED_EDGE ( 'NONE', *, *, #2714, .T. ) ;
#2117 = VERTEX_POINT ( 'NONE', #5840 ) ;
#2118 = ORIENTED_EDGE ( 'NONE', *, *, #1359, .T. ) ;
#2119 = PLANE ( 'NONE',  #7415 ) ;
#2120 = CARTESIAN_POINT ( 'NONE',  ( -1.149999999999999467, 0.05000000000000000278, 0.000000000000000000 ) ) ;
#2121 = DIRECTION ( 'NONE',  ( -2.891205793294679332E-14, -0.000000000000000000, -1.000000000000000000 ) ) ;
#2122 =( NAMED_UNIT ( * ) SI_UNIT ( $, .STERADIAN. ) SOLID_ANGLE_UNIT ( ) );
#2123 = EDGE_LOOP ( 'NONE', ( #7404, #3283, #5843, #7285, #1061, #918 ) ) ;
#2124 = ORIENTED_EDGE ( 'NONE', *, *, #3516, .T. ) ;
#2125 = VERTEX_POINT ( 'NONE', #2875 ) ;
#2126 = SHAPE_DEFINITION_REPRESENTATION ( #3140, #1716 ) ;
#2127 = LINE ( 'NONE', #243, #1007 ) ;
#2128 = ADVANCED_FACE ( 'NONE', ( #6430 ), #3467, .F. ) ;
#2129 = CARTESIAN_POINT ( 'NONE',  ( -1.149999999999999689, 0.2000000000000000111, -0.1749999999999997391 ) ) ;
#2130 = SURFACE_STYLE_FILL_AREA ( #2724 ) ;
#2131 = DIRECTION ( 'NONE',  ( -0.000000000000000000, -1.000000000000000000, -0.000000000000000000 ) ) ;
#2132 = ORIENTED_EDGE ( 'NONE', *, *, #111, .F. ) ;
#2133 = ORIENTED_EDGE ( 'NONE', *, *, #5229, .T. ) ;
#2134 = DIRECTION ( 'NONE',  ( -1.000000000000000000, -0.000000000000000000, 4.264528545109778674E-14 ) ) ;
#2135 = VERTEX_POINT ( 'NONE', #5527 ) ;
#2136 = PLANE ( 'NONE',  #5391 ) ;
#2137 = AXIS2_PLACEMENT_3D ( 'NONE', #7064, #526, #4101 ) ;
#2138 = EDGE_CURVE ( 'NONE', #3377, #6977, #1417, .T. ) ;
#2139 = EDGE_CURVE ( 'NONE', #2024, #2154, #4323, .T. ) ;
#2140 = ADVANCED_FACE ( 'NONE', ( #4211 ), #1921, .T. ) ;
#2141 = CARTESIAN_POINT ( 'NONE',  ( -1.499999999999999556, 0.2000000000000000111, 0.8750000000000003331 ) ) ;
#2142 = VECTOR ( 'NONE', #645, 1000.000000000000000 ) ;
#2143 =( NAMED_UNIT ( * ) SI_UNIT ( $, .STERADIAN. ) SOLID_ANGLE_UNIT ( ) );
#2144 = DIRECTION ( 'NONE',  ( 0.000000000000000000, 0.000000000000000000, -1.000000000000000000 ) ) ;
#2145 = EDGE_LOOP ( 'NONE', ( #7747, #7210, #432, #2633 ) ) ;
#2146 = DIRECTION ( 'NONE',  ( -0.000000000000000000, -1.000000000000000000, -0.000000000000000000 ) ) ;
#2147 = ORIENTED_EDGE ( 'NONE', *, *, #6091, .F. ) ;
#2148 = AXIS2_PLACEMENT_3D ( 'NONE', #4514, #789, #1485 ) ;
#2149 = ORIENTED_EDGE ( 'NONE', *, *, #5627, .T. ) ;
#2150 = CARTESIAN_POINT ( 'NONE',  ( 1.149999999999999911, 0.2000000000000000111, -0.8250000000000003997 ) ) ;
#2151 = LINE ( 'NONE', #2859, #3183 ) ;
#2152 = CARTESIAN_POINT ( 'NONE',  ( 4.811147140405168086E-14, 0.05000000000000000278, 0.6250000000000920375 ) ) ;
#2153 = LINE ( 'NONE', #6169, #3335 ) ;
#2154 = VERTEX_POINT ( 'NONE', #715 ) ;
#2155 = CARTESIAN_POINT ( 'NONE',  ( -1.149999999999999689, 0.04999999999999999584, -0.3249999999999999001 ) ) ;
#2156 = VERTEX_POINT ( 'NONE', #1848 ) ;
#2157 = VERTEX_POINT ( 'NONE', #2512 ) ;
#2158 = DIRECTION ( 'NONE',  ( -8.673617379884037996E-14, -0.000000000000000000, -1.000000000000000000 ) ) ;
#2159 = EDGE_CURVE ( 'NONE', #534, #2727, #4791, .T. ) ;
#2160 =( LENGTH_UNIT ( ) NAMED_UNIT ( * ) SI_UNIT ( .MILLI., .METRE. ) );
#2161 = CYLINDRICAL_SURFACE ( 'NONE', #2943, 0.04999999999999991257 ) ;
#2162 = DIRECTION ( 'NONE',  ( -5.782411586589358664E-14, 0.000000000000000000, -1.000000000000000000 ) ) ;
#2163 = ORIENTED_EDGE ( 'NONE', *, *, #6822, .T. ) ;
#2164 = ORIENTED_EDGE ( 'NONE', *, *, #3910, .T. ) ;
#2165 = CARTESIAN_POINT ( 'NONE',  ( 1.199999999999999956, 0.2000000000000000111, 0.8249999999999997335 ) ) ;
#2166 = AXIS2_PLACEMENT_3D ( 'NONE', #7044, #5866, #1054 ) ;
#2167 = DIRECTION ( 'NONE',  ( 0.000000000000000000, 0.000000000000000000, 1.000000000000000000 ) ) ;
#2168 = DIRECTION ( 'NONE',  ( 0.000000000000000000, 0.000000000000000000, 1.000000000000000000 ) ) ;
#2169 = DIRECTION ( 'NONE',  ( 0.000000000000000000, 0.000000000000000000, 1.000000000000000000 ) ) ;
#2170 = ORIENTED_EDGE ( 'NONE', *, *, #3570, .F. ) ;
#2171 = AXIS2_PLACEMENT_3D ( 'NONE', #6992, #3321, #5133 ) ;
#2172 = EDGE_LOOP ( 'NONE', ( #4921, #1992, #4789, #6805, #3643, #5247 ) ) ;
#2173 = DIRECTION ( 'NONE',  ( -0.000000000000000000, -1.000000000000000000, -0.000000000000000000 ) ) ;
#2174 = FACE_OUTER_BOUND ( 'NONE', #1604, .T. ) ;
#2175 = ORIENTED_EDGE ( 'NONE', *, *, #2946, .T. ) ;
#2176 = FACE_OUTER_BOUND ( 'NONE', #4810, .T. ) ;
#2177 = VECTOR ( 'NONE', #7614, 1000.000000000000000 ) ;
#2178 = PLANE ( 'NONE',  #2171 ) ;
#2179 = EDGE_CURVE ( 'NONE', #341, #3931, #7288, .T. ) ;
#2180 = DIRECTION ( 'NONE',  ( -0.000000000000000000, 0.000000000000000000, 1.000000000000000000 ) ) ;
#2181 = MANIFOLD_SOLID_BREP ( 'Boss-Extrude3[6]', #7383 ) ;
#2182 = EDGE_CURVE ( 'NONE', #389, #487, #5415, .T. ) ;
#2183 = ADVANCED_FACE ( 'NONE', ( #1220 ), #3732, .F. ) ;
#2184 = EDGE_LOOP ( 'NONE', ( #2275, #1885, #3120, #1776 ) ) ;
#2185 = AXIS2_PLACEMENT_3D ( 'NONE', #7678, #2867, #4666 ) ;
#2186 = DIRECTION ( 'NONE',  ( 1.000000000000000000, -0.000000000000000000, -0.000000000000000000 ) ) ;
#2187 = ORIENTED_EDGE ( 'NONE', *, *, #751, .F. ) ;
#2188 = ORIENTED_EDGE ( 'NONE', *, *, #7520, .T. ) ;
#2189 = AXIS2_PLACEMENT_3D ( 'NONE', #5476, #4186, #614 ) ;
#2190 = FACE_OUTER_BOUND ( 'NONE', #7617, .T. ) ;
#2191 = PLANE ( 'NONE',  #1559 ) ;
#2192 = DIRECTION ( 'NONE',  ( 0.000000000000000000, 0.000000000000000000, 1.000000000000000000 ) ) ;
#2193 = CARTESIAN_POINT ( 'NONE',  ( -1.149999999999999689, 0.000000000000000000, 0.3250000000000002887 ) ) ;
#2194 = ORIENTED_EDGE ( 'NONE', *, *, #722, .T. ) ;
#2195 = DIRECTION ( 'NONE',  ( 0.000000000000000000, 0.000000000000000000, 1.000000000000000000 ) ) ;
#2196 = ORIENTED_EDGE ( 'NONE', *, *, #6767, .T. ) ;
#2197 = DIRECTION ( 'NONE',  ( 0.000000000000000000, 1.000000000000000000, 0.000000000000000000 ) ) ;
#2198 = CARTESIAN_POINT ( 'NONE',  ( -0.3750000000000112688, 0.2000000000000000111, -1.500000000000000000 ) ) ;
#2199 = CIRCLE ( 'NONE', #3456, 0.04999999999999980849 ) ;
#2200 = DIRECTION ( 'NONE',  ( 0.000000000000000000, 0.000000000000000000, -1.000000000000000000 ) ) ;
#2201 = DIRECTION ( 'NONE',  ( 0.000000000000000000, 0.000000000000000000, 1.000000000000000000 ) ) ;
#2202 = VERTEX_POINT ( 'NONE', #4870 ) ;
#2203 = PRODUCT_CONTEXT ( 'NONE', #7381, 'mechanical' ) ;
#2204 = CARTESIAN_POINT ( 'NONE',  ( 0.8250000000000003997, 0.2000000000000000111, 1.199999999999999734 ) ) ;
#2205 = EDGE_CURVE ( 'NONE', #1501, #4574, #6140, .T. ) ;
#2206 = AXIS2_PLACEMENT_3D ( 'NONE', #4819, #3016, #108 ) ;
#2207 = EDGE_CURVE ( 'NONE', #7005, #5129, #5495, .T. ) ;
#2208 = AXIS2_PLACEMENT_3D ( 'NONE', #1647, #4712, #5374 ) ;
#2209 = EDGE_LOOP ( 'NONE', ( #7194, #3215, #4113, #414 ) ) ;
#2210 = DIRECTION ( 'NONE',  ( -0.000000000000000000, -1.000000000000000000, -0.000000000000000000 ) ) ;
#2211 = ORIENTED_EDGE ( 'NONE', *, *, #4151, .F. ) ;
#2212 = VECTOR ( 'NONE', #2690, 1000.000000000000000 ) ;
#2213 = AXIS2_PLACEMENT_3D ( 'NONE', #5823, #466, #1721 ) ;
#2214 = VERTEX_POINT ( 'NONE', #7249 ) ;
#2215 = CARTESIAN_POINT ( 'NONE',  ( 0.3749999999999800715, 0.2000000000000000111, -1.500000000000000000 ) ) ;
#2216 = LINE ( 'NONE', #4605, #4868 ) ;
#2217 = DIRECTION ( 'NONE',  ( 0.000000000000000000, 0.000000000000000000, 1.000000000000000000 ) ) ;
#2218 = STYLED_ITEM ( 'NONE', ( #1665 ), #5876 ) ;
#2219 = FACE_OUTER_BOUND ( 'NONE', #3729, .T. ) ;
#2220 = CARTESIAN_POINT ( 'NONE',  ( -0.1249999999999999167, 0.05000000000000000278, 2.258754526011465208E-17 ) ) ;
#2221 = DIRECTION ( 'NONE',  ( -0.7071067811865474617, -0.000000000000000000, 0.7071067811865474617 ) ) ;
#2222 = ORIENTED_EDGE ( 'NONE', *, *, #178, .F. ) ;
#2223 = PLANE ( 'NONE',  #7731 ) ;
#2224 = ORIENTED_EDGE ( 'NONE', *, *, #602, .F. ) ;
#2225 = EDGE_CURVE ( 'NONE', #4412, #3383, #3061, .T. ) ;
#2226 = ORIENTED_EDGE ( 'NONE', *, *, #4983, .F. ) ;
#2227 = VECTOR ( 'NONE', #740, 1000.000000000000000 ) ;
#2228 = LINE ( 'NONE', #417, #3087 ) ;
#2229 = DIRECTION ( 'NONE',  ( 0.000000000000000000, 1.000000000000000000, 0.000000000000000000 ) ) ;
#2230 = DIRECTION ( 'NONE',  ( 5.782411586589358664E-14, 0.000000000000000000, 1.000000000000000000 ) ) ;
#2231 = CARTESIAN_POINT ( 'NONE',  ( -1.199999999999999734, 0.2000000000000000111, -0.3249999999999999001 ) ) ;
#2232 = CARTESIAN_POINT ( 'NONE',  ( 0.1249999999999970718, 0.000000000000000000, -1.200000000000000178 ) ) ;
#2233 = ADVANCED_FACE ( 'NONE', ( #13 ), #1882, .F. ) ;
#2234 = EDGE_CURVE ( 'NONE', #5982, #5104, #758, .T. ) ;
#2235 = EDGE_CURVE ( 'NONE', #6580, #2517, #3803, .T. ) ;
#2236 = ORIENTED_EDGE ( 'NONE', *, *, #1128, .F. ) ;
#2237 = CARTESIAN_POINT ( 'NONE',  ( 0.8749999999999713562, 0.2000000000000000111, -1.500000000000000000 ) ) ;
#2238 = VECTOR ( 'NONE', #2596, 1000.000000000000000 ) ;
#2239 = DIRECTION ( 'NONE',  ( 0.000000000000000000, 0.000000000000000000, -1.000000000000000000 ) ) ;
#2240 = FACE_OUTER_BOUND ( 'NONE', #3964, .T. ) ;
#2241 = DIRECTION ( 'NONE',  ( 0.000000000000000000, 1.000000000000000000, 0.000000000000000000 ) ) ;
#2242 = ORIENTED_EDGE ( 'NONE', *, *, #4834, .F. ) ;
#2243 =( NAMED_UNIT ( * ) PLANE_ANGLE_UNIT ( ) SI_UNIT ( $, .RADIAN. ) );
#2244 = CARTESIAN_POINT ( 'NONE',  ( -1.199999999999999734, 0.2000000000000000111, -0.1749999999999997391 ) ) ;
#2245 = ORIENTED_EDGE ( 'NONE', *, *, #751, .T. ) ;
#2246 = MANIFOLD_SOLID_BREP ( 'Cut-Extrude2', #3386 ) ;
#2247 = LINE ( 'NONE', #7020, #4033 ) ;
#2248 = DIRECTION ( 'NONE',  ( -1.000000000000000000, 0.000000000000000000, 1.807003620809173399E-16 ) ) ;
#2249 = EDGE_CURVE ( 'NONE', #2154, #2202, #3310, .T. ) ;
#2250 = CARTESIAN_POINT ( 'NONE',  ( 0.8750000000000000000, 0.04999999999999999584, -0.8750000000000000000 ) ) ;
#2251 = ORIENTED_EDGE ( 'NONE', *, *, #7155, .T. ) ;
#2252 =( NAMED_UNIT ( * ) PLANE_ANGLE_UNIT ( ) SI_UNIT ( $, .RADIAN. ) );
#2253 = LINE ( 'NONE', #404, #626 ) ;
#2254 = DIRECTION ( 'NONE',  ( 1.000000000000000000, 0.000000000000000000, -1.807003620809173153E-16 ) ) ;
#2255 = CARTESIAN_POINT ( 'NONE',  ( -1.199999999999999734, 0.000000000000000000, -0.1749999999999997391 ) ) ;
#2256 = ADVANCED_FACE ( 'NONE', ( #3890 ), #2751, .T. ) ;
#2257 = CARTESIAN_POINT ( 'NONE',  ( -1.199999999999999734, 0.000000000000000000, 0.1250000000000001943 ) ) ;
#2258 = CLOSED_SHELL ( 'NONE', ( #5164, #1150, #2856, #6145, #1743, #1306, #1100, #3434 ) ) ;
#2259 = CYLINDRICAL_SURFACE ( 'NONE', #3094, 0.04999999999999991257 ) ;
#2260 = EDGE_LOOP ( 'NONE', ( #3292, #2941, #1474, #1862 ) ) ;
#2261 = DIRECTION ( 'NONE',  ( 1.000000000000000000, 0.000000000000000000, 0.000000000000000000 ) ) ;
#2262 = ORIENTED_EDGE ( 'NONE', *, *, #572, .T. ) ;
#2263 = ORIENTED_EDGE ( 'NONE', *, *, #6596, .T. ) ;
#2264 = VECTOR ( 'NONE', #3975, 1000.000000000000000 ) ;
#2265 = DIRECTION ( 'NONE',  ( 0.000000000000000000, 0.000000000000000000, 1.000000000000000000 ) ) ;
#2266 = CARTESIAN_POINT ( 'NONE',  ( -0.8750000000000000000, 0.000000000000000000, 0.8750000000000000000 ) ) ;
#2267 = DIRECTION ( 'NONE',  ( 2.891205793294679332E-14, 0.000000000000000000, 1.000000000000000000 ) ) ;
#2268 = FACE_OUTER_BOUND ( 'NONE', #2616, .T. ) ;
#2269 = ORIENTED_EDGE ( 'NONE', *, *, #3718, .F. ) ;
#2270 = CARTESIAN_POINT ( 'NONE',  ( -1.199999999999999956, 0.2000000000000000111, -0.8749999999999997780 ) ) ;
#2271 = CYLINDRICAL_SURFACE ( 'NONE', #1663, 0.1000000000000000472 ) ;
#2272 = CARTESIAN_POINT ( 'NONE',  ( 0.000000000000000000, 0.05000000000000000278, -1.149999999999999467 ) ) ;
#2273 = DIRECTION ( 'NONE',  ( 0.000000000000000000, -1.000000000000000000, 0.000000000000000000 ) ) ;
#2274 = PLANE ( 'NONE',  #4461 ) ;
#2275 = ORIENTED_EDGE ( 'NONE', *, *, #5912, .T. ) ;
#2276 = EDGE_CURVE ( 'NONE', #3057, #2483, #4551, .T. ) ;
#2277 = EDGE_CURVE ( 'NONE', #3393, #2971, #4988, .T. ) ;
#2278 = ORIENTED_EDGE ( 'NONE', *, *, #3660, .F. ) ;
#2279 = VERTEX_POINT ( 'NONE', #6262 ) ;
#2280 = CARTESIAN_POINT ( 'NONE',  ( -1.500000000000000000, 0.000000000000000000, -0.6249999999999996669 ) ) ;
#2281 = EDGE_LOOP ( 'NONE', ( #3552, #7255, #5815, #50 ) ) ;
#2282 = CARTESIAN_POINT ( 'NONE',  ( 1.500000000000000000, 0.04999999999999999584, -0.3750000000000003331 ) ) ;
#2283 = DIRECTION ( 'NONE',  ( 0.000000000000000000, 0.000000000000000000, 1.000000000000000000 ) ) ;
#2284 = ORIENTED_EDGE ( 'NONE', *, *, #3387, .T. ) ;
#2285 = ORIENTED_EDGE ( 'NONE', *, *, #1498, .F. ) ;
#2286 = SURFACE_SIDE_STYLE ('',( #3357 ) ) ;
#2287 = LINE ( 'NONE', #5883, #129 ) ;
#2288 = DIRECTION ( 'NONE',  ( -1.000000000000000000, 0.000000000000000000, -0.000000000000000000 ) ) ;
#2289 = CARTESIAN_POINT ( 'NONE',  ( 0.1249999999999800576, 0.2000000000000000111, -1.500000000000000000 ) ) ;
#2290 = VECTOR ( 'NONE', #6321, 1000.000000000000000 ) ;
#2291 = LINE ( 'NONE', #1001, #942 ) ;
#2292 = DIRECTION ( 'NONE',  ( 0.000000000000000000, 0.000000000000000000, 1.000000000000000000 ) ) ;
#2293 = VERTEX_POINT ( 'NONE', #196 ) ;
#2294 = CARTESIAN_POINT ( 'NONE',  ( 0.000000000000000000, 0.05000000000000000278, 1.149999999999999689 ) ) ;
#2295 = EDGE_LOOP ( 'NONE', ( #2163, #6815, #5020, #273 ) ) ;
#2296 = AXIS2_PLACEMENT_3D ( 'NONE', #4957, #3780, #3657 ) ;
#2297 = EDGE_CURVE ( 'NONE', #7439, #389, #6774, .T. ) ;
#2298 = EDGE_CURVE ( 'NONE', #6632, #6166, #4480, .T. ) ;
#2300 = ORIENTED_EDGE ( 'NONE', *, *, #1025, .T. ) ;
#2299 = EDGE_LOOP ( 'NONE', ( #5619, #5974, #4657, #5532 ) ) ;
#2301 = FACE_OUTER_BOUND ( 'NONE', #4336, .T. ) ;
#2302 = CYLINDRICAL_SURFACE ( 'NONE', #1059, 0.04999999999999991257 ) ;
#2303 = STYLED_ITEM ( 'NONE', ( #6656 ), #2181 ) ;
#2304 = CARTESIAN_POINT ( 'NONE',  ( -0.6750000000000000444, 0.2000000000000000111, -0.8750000000000000000 ) ) ;
#2305 = DIRECTION ( 'NONE',  ( 0.000000000000000000, 0.000000000000000000, 1.000000000000000000 ) ) ;
#2306 = ORIENTED_EDGE ( 'NONE', *, *, #1792, .T. ) ;
#2307 = DIRECTION ( 'NONE',  ( 0.000000000000000000, 1.000000000000000000, 0.000000000000000000 ) ) ;
#2308 = AXIS2_PLACEMENT_3D ( 'NONE', #6530, #35, #2500 ) ;
#2309 = CARTESIAN_POINT ( 'NONE',  ( 0.6749999999999973799, 0.04999999999999999584, -1.200000000000000178 ) ) ;
#2310 = CYLINDRICAL_SURFACE ( 'NONE', #1550, 0.05000000000000012768 ) ;
#2311 = DIRECTION ( 'NONE',  ( -0.000000000000000000, 0.000000000000000000, -1.000000000000000000 ) ) ;
#2312 = DIRECTION ( 'NONE',  ( 0.000000000000000000, 0.000000000000000000, 1.000000000000000000 ) ) ;
#2313 = AXIS2_PLACEMENT_3D ( 'NONE', #501, #1130, #7037 ) ;
#2314 = ORIENTED_EDGE ( 'NONE', *, *, #3390, .T. ) ;
#2315 = DIRECTION ( 'NONE',  ( 0.000000000000000000, 1.000000000000000000, 0.000000000000000000 ) ) ;
#2316 = ORIENTED_EDGE ( 'NONE', *, *, #1034, .T. ) ;
#2317 = VECTOR ( 'NONE', #3916, 1000.000000000000000 ) ;
#2318 = EDGE_CURVE ( 'NONE', #874, #3370, #2801, .T. ) ;
#2319 = AXIS2_PLACEMENT_3D ( 'NONE', #5850, #3439, #340 ) ;
#2320 = EDGE_CURVE ( 'NONE', #4538, #4442, #3850, .T. ) ;
#2321 = CARTESIAN_POINT ( 'NONE',  ( -3.731462476971273435E-14, 0.05000000000000000278, -0.8750000000000509592 ) ) ;
#2322 = CARTESIAN_POINT ( 'NONE',  ( -0.6249999999999995559, 0.04999999999999999584, 1.499999999999999778 ) ) ;
#2323 = CARTESIAN_POINT ( 'NONE',  ( -1.199999999999999734, 0.2000000000000000111, -0.6749999999999997113 ) ) ;
#2324 = COLOUR_RGB ( '',0.7921568627450980005, 0.8196078431372548767, 0.9333333333333333481 ) ;
#2325 = CIRCLE ( 'NONE', #3828, 0.05000000000000012768 ) ;
#2326 = DIRECTION ( 'NONE',  ( -1.000000000000000000, 0.000000000000000000, 0.000000000000000000 ) ) ;
#2327 = CARTESIAN_POINT ( 'NONE',  ( -0.8750000000000029976, 0.2000000000000000111, -1.200000000000000178 ) ) ;
#2328 = EDGE_CURVE ( 'NONE', #98, #2661, #3217, .T. ) ;
#2329 = EDGE_CURVE ( 'NONE', #499, #5207, #1564, .T. ) ;
#2330 = CARTESIAN_POINT ( 'NONE',  ( 0.6249999999999713562, 0.2000000000000000111, -1.500000000000000000 ) ) ;
#2331 = ADVANCED_FACE ( 'NONE', ( #871 ), #5562, .F. ) ;
#2332 = AXIS2_PLACEMENT_3D ( 'NONE', #5373, #2386, #4781 ) ;
#2333 = UNCERTAINTY_MEASURE_WITH_UNIT (LENGTH_MEASURE( 1.000000000000000082E-05 ), #3650, 'distance_accuracy_value', 'NONE');
#2335 = DIRECTION ( 'NONE',  ( 0.000000000000000000, 1.000000000000000000, 0.000000000000000000 ) ) ;
#2334 = AXIS2_PLACEMENT_3D ( 'NONE', #6523, #4039, #2894 ) ;
#2336 = FACE_OUTER_BOUND ( 'NONE', #3125, .T. ) ;
#2337 = ORIENTED_EDGE ( 'NONE', *, *, #2897, .F. ) ;
#2338 = SURFACE_STYLE_USAGE ( .BOTH. , #3628 ) ;
#2339 = ORIENTED_EDGE ( 'NONE', *, *, #3633, .F. ) ;
#2340 = VECTOR ( 'NONE', #3634, 1000.000000000000000 ) ;
#2342 = VERTEX_POINT ( 'NONE', #7487 ) ;
#2341 = ORIENTED_EDGE ( 'NONE', *, *, #3909, .T. ) ;
#2343 = VECTOR ( 'NONE', #7265, 1000.000000000000000 ) ;
#2344 = DIRECTION ( 'NONE',  ( 0.000000000000000000, 0.000000000000000000, 1.000000000000000000 ) ) ;
#2345 = CARTESIAN_POINT ( 'NONE',  ( 1.149999999999999911, 0.000000000000000000, 0.3249999999999998446 ) ) ;
#2346 = ADVANCED_FACE ( 'NONE', ( #2589 ), #2310, .T. ) ;
#2347 = DIRECTION ( 'NONE',  ( -1.000000000000000000, 0.000000000000000000, -0.000000000000000000 ) ) ;
#2348 = DIRECTION ( 'NONE',  ( 1.000000000000000000, 0.000000000000000000, 0.000000000000000000 ) ) ;
#2349 = CARTESIAN_POINT ( 'NONE',  ( -0.8250000000000027311, 0.2000000000000000111, -1.149999999999999467 ) ) ;
#2350 = VECTOR ( 'NONE', #5771, 1000.000000000000000 ) ;
#2351 = CARTESIAN_POINT ( 'NONE',  ( 1.500000000000000222, -4.242640687119283882, 1.499999999999999778 ) ) ;
#2352 = PLANE ( 'NONE',  #3442 ) ;
#2353 = DIRECTION ( 'NONE',  ( 0.000000000000000000, 0.000000000000000000, 1.000000000000000000 ) ) ;
#2354 = PLANE ( 'NONE',  #3584 ) ;
#2355 = ORIENTED_EDGE ( 'NONE', *, *, #1271, .F. ) ;
#2356 = DIRECTION ( 'NONE',  ( 0.000000000000000000, 1.000000000000000000, 0.000000000000000000 ) ) ;
#2357 = ORIENTED_EDGE ( 'NONE', *, *, #3644, .F. ) ;
#2358 = VERTEX_POINT ( 'NONE', #4748 ) ;
#2359 = AXIS2_PLACEMENT_3D ( 'NONE', #5083, #4924, #2050 ) ;
#2360 = FACE_OUTER_BOUND ( 'NONE', #7299, .T. ) ;
#2361 = CARTESIAN_POINT ( 'NONE',  ( -1.199999999999999734, 0.04999999999999999584, -0.1249999999999998196 ) ) ;
#2362 = LINE ( 'NONE', #6432, #1072 ) ;
#2363 = ORIENTED_EDGE ( 'NONE', *, *, #4011, .T. ) ;
#2364 = ORIENTED_EDGE ( 'NONE', *, *, #3802, .T. ) ;
#2365 = VECTOR ( 'NONE', #6587, 1000.000000000000000 ) ;
#2366 = DIRECTION ( 'NONE',  ( 0.000000000000000000, 1.000000000000000000, 0.000000000000000000 ) ) ;
#2367 = CARTESIAN_POINT ( 'NONE',  ( -0.8750000000000026645, 0.000000000000000000, -1.500000000000000000 ) ) ;
#2368 = DIRECTION ( 'NONE',  ( 0.000000000000000000, 0.000000000000000000, 1.000000000000000000 ) ) ;
#2369 = DIRECTION ( 'NONE',  ( 0.000000000000000000, 0.000000000000000000, 1.000000000000000000 ) ) ;
#2370 = DIRECTION ( 'NONE',  ( 0.000000000000000000, 0.000000000000000000, -1.000000000000000000 ) ) ;
#2371 = ADVANCED_FACE ( 'NONE', ( #7045 ), #2352, .T. ) ;
#2372 = EDGE_CURVE ( 'NONE', #7416, #3263, #4005, .T. ) ;
#2373 = EDGE_CURVE ( 'NONE', #158, #7272, #3178, .T. ) ;
#2374 = DIRECTION ( 'NONE',  ( 0.000000000000000000, -1.000000000000000000, 0.000000000000000000 ) ) ;
#2375 = ORIENTED_EDGE ( 'NONE', *, *, #1313, .T. ) ;
#2376 = CARTESIAN_POINT ( 'NONE',  ( -1.149999999999999689, 0.05000000000000000278, 0.000000000000000000 ) ) ;
#2377 = DIRECTION ( 'NONE',  ( -0.000000000000000000, 0.000000000000000000, 1.000000000000000000 ) ) ;
#2378 = CYLINDRICAL_SURFACE ( 'NONE', #2839, 0.1000000000000000472 ) ;
#2379 = DIRECTION ( 'NONE',  ( 3.614007241618346799E-16, 0.000000000000000000, 1.000000000000000000 ) ) ;
#2380 = EDGE_LOOP ( 'NONE', ( #4694, #6866, #122, #1226 ) ) ;
#2381 = DIRECTION ( 'NONE',  ( -0.000000000000000000, -1.000000000000000000, -0.000000000000000000 ) ) ;
#2382 = VECTOR ( 'NONE', #3472, 1000.000000000000000 ) ;
#2383 = DIRECTION ( 'NONE',  ( 0.000000000000000000, 1.000000000000000000, 0.000000000000000000 ) ) ;
#2384 = CARTESIAN_POINT ( 'NONE',  ( -1.149999999999999467, 0.04999999999999999584, 0.8250000000000002887 ) ) ;
#2385 = VECTOR ( 'NONE', #5227, 1000.000000000000000 ) ;
#2386 = DIRECTION ( 'NONE',  ( 1.000000000000000000, 0.000000000000000000, -5.782411586589358664E-14 ) ) ;
#2387 = CARTESIAN_POINT ( 'NONE',  ( -1.199999999999999512, 0.2000000000000000111, 0.6750000000000001554 ) ) ;
#2388 = ORIENTED_EDGE ( 'NONE', *, *, #7154, .F. ) ;
#2389 = PLANE ( 'NONE',  #4227 ) ;
#2390 = EDGE_LOOP ( 'NONE', ( #6612, #2226, #7603, #2196 ) ) ;
#2391 = ORIENTED_EDGE ( 'NONE', *, *, #6074, .F. ) ;
#2392 = ORIENTED_EDGE ( 'NONE', *, *, #6214, .T. ) ;
#2393 = VECTOR ( 'NONE', #3060, 1000.000000000000000 ) ;
#2394 = VERTEX_POINT ( 'NONE', #1606 ) ;
#2395 = EDGE_CURVE ( 'NONE', #1090, #5050, #2558, .T. ) ;
#2396 = DIRECTION ( 'NONE',  ( 0.000000000000000000, 1.000000000000000000, 0.000000000000000000 ) ) ;
#2397 = DIRECTION ( 'NONE',  ( 8.673617379884037996E-14, 0.000000000000000000, 1.000000000000000000 ) ) ;
#2398 = PRESENTATION_STYLE_ASSIGNMENT (( #14 ) ) ;
#2399 = EDGE_LOOP ( 'NONE', ( #4602, #4484, #5313, #4130 ) ) ;
#2400 = ORIENTED_EDGE ( 'NONE', *, *, #3379, .F. ) ;
#2401 = CARTESIAN_POINT ( 'NONE',  ( -1.199999999999999956, 0.7500000000000000000, -1.200000000000000178 ) ) ;
#2402 = CARTESIAN_POINT ( 'NONE',  ( 0.6249999999999713562, 0.2000000000000000111, -1.500000000000000000 ) ) ;
#2403 = FACE_OUTER_BOUND ( 'NONE', #2380, .T. ) ;
#2404 = DIRECTION ( 'NONE',  ( 0.000000000000000000, -0.000000000000000000, 1.000000000000000000 ) ) ;
#2405 = DIRECTION ( 'NONE',  ( 0.000000000000000000, -0.000000000000000000, 1.000000000000000000 ) ) ;
#2406 = DIRECTION ( 'NONE',  ( -0.000000000000000000, 0.000000000000000000, 1.000000000000000000 ) ) ;
#2407 = ORIENTED_EDGE ( 'NONE', *, *, #1644, .F. ) ;
#2408 = VECTOR ( 'NONE', #7091, 1000.000000000000000 ) ;
#2409 = EDGE_CURVE ( 'NONE', #233, #5927, #392, .T. ) ;
#2410 = EDGE_CURVE ( 'NONE', #4984, #4925, #4159, .T. ) ;
#2411 = EDGE_CURVE ( 'NONE', #3514, #5118, #1682, .T. ) ;
#2412 = LINE ( 'NONE', #1129, #1064 ) ;
#2413 = FACE_OUTER_BOUND ( 'NONE', #671, .T. ) ;
#2414 = CARTESIAN_POINT ( 'NONE',  ( -1.499999999999999778, 0.04999999999999999584, -0.1249999999999997641 ) ) ;
#2415 = DIRECTION ( 'NONE',  ( 1.000000000000000000, -0.000000000000000000, 3.642919299551479807E-14 ) ) ;
#2416 = ORIENTED_EDGE ( 'NONE', *, *, #7154, .T. ) ;
#2417 = AXIS2_PLACEMENT_3D ( 'NONE', #5734, #5767, #3978 ) ;
#2418 = DIRECTION ( 'NONE',  ( -1.000000000000000000, 0.000000000000000000, 0.000000000000000000 ) ) ;
#2419 = ADVANCED_FACE ( 'NONE', ( #4709 ), #3455, .F. ) ;
#2420 = VECTOR ( 'NONE', #6982, 1000.000000000000000 ) ;
#2421 = DIRECTION ( 'NONE',  ( 0.000000000000000000, -1.000000000000000000, 0.000000000000000000 ) ) ;
#2422 = CARTESIAN_POINT ( 'NONE',  ( 0.6250000000000003331, 0.04999999999999999584, 1.199999999999999734 ) ) ;
#2423 = CARTESIAN_POINT ( 'NONE',  ( 1.500000000000000000, 0.2000000000000000111, -0.1250000000000002776 ) ) ;
#2424 = CARTESIAN_POINT ( 'NONE',  ( -1.499999999999999556, 0.2000000000000000111, 0.8750000000000003331 ) ) ;
#2425 = VERTEX_POINT ( 'NONE', #3380 ) ;
#2426 = CARTESIAN_POINT ( 'NONE',  ( -1.149999999999999467, 0.000000000000000000, 0.8250000000000002887 ) ) ;
#2427 = ORIENTED_EDGE ( 'NONE', *, *, #6377, .F. ) ;
#2428 = CIRCLE ( 'NONE', #6431, 0.04999999999999991257 ) ;
#2429 = EDGE_LOOP ( 'NONE', ( #3045, #5541, #3110, #2116 ) ) ;
#2430 = EDGE_LOOP ( 'NONE', ( #6561, #6180, #7462, #4570 ) ) ;
#2431 = CARTESIAN_POINT ( 'NONE',  ( 1.199999999999999956, 0.2000000000000000111, 0.1749999999999996558 ) ) ;
#2432 = DIRECTION ( 'NONE',  ( -1.000000000000000000, -0.000000000000000000, -0.000000000000000000 ) ) ;
#2433 = AXIS2_PLACEMENT_3D ( 'NONE', #1826, #1274, #4229 ) ;
#2434 = CARTESIAN_POINT ( 'NONE',  ( -0.1750000000000025147, 0.2000000000000000111, -1.149999999999999911 ) ) ;
#2435 =( NAMED_UNIT ( * ) PLANE_ANGLE_UNIT ( ) SI_UNIT ( $, .RADIAN. ) );
#2436 = ORIENTED_EDGE ( 'NONE', *, *, #1959, .F. ) ;
#2437 = VERTEX_POINT ( 'NONE', #5179 ) ;
#2438 = ADVANCED_FACE ( 'NONE', ( #7007 ), #5221, .T. ) ;
#2439 = ADVANCED_FACE ( 'NONE', ( #7640 ), #5903, .F. ) ;
#2440 =( NAMED_UNIT ( * ) PLANE_ANGLE_UNIT ( ) SI_UNIT ( $, .RADIAN. ) );
#2441 = LINE ( 'NONE', #2367, #5633 ) ;
#2442 = AXIS2_PLACEMENT_3D ( 'NONE', #7533, #5038, #959 ) ;
#2443 = VECTOR ( 'NONE', #3382, 1000.000000000000000 ) ;
#2444 = DIRECTION ( 'NONE',  ( 0.000000000000000000, -1.000000000000000000, 0.000000000000000000 ) ) ;
#2445 = CARTESIAN_POINT ( 'NONE',  ( -1.499999999999999778, 0.2000000000000000111, 0.1250000000000002498 ) ) ;
#2446 = VECTOR ( 'NONE', #3691, 1000.000000000000000 ) ;
#2447 = AXIS2_PLACEMENT_3D ( 'NONE', #7356, #6292, #5716 ) ;
#2448 = CARTESIAN_POINT ( 'NONE',  ( -1.499999999999999778, 0.04999999999999969746, 1.499999999999999778 ) ) ;
#2449 = CARTESIAN_POINT ( 'NONE',  ( 1.199999999999999956, 0.2000000000000000111, -0.1750000000000001832 ) ) ;
#2450 = AXIS2_PLACEMENT_3D ( 'NONE', #1476, #2697, #3168 ) ;
#2451 = ORIENTED_EDGE ( 'NONE', *, *, #7619, .F. ) ;
#2452 = VECTOR ( 'NONE', #3084, 1000.000000000000000 ) ;
#2453 = LINE ( 'NONE', #7743, #2840 ) ;
#2454 = LINE ( 'NONE', #6086, #7312 ) ;
#2455 = DIRECTION ( 'NONE',  ( 0.000000000000000000, -1.000000000000000000, 0.000000000000000000 ) ) ;
#2456 = DIRECTION ( 'NONE',  ( -0.000000000000000000, 0.000000000000000000, -1.000000000000000000 ) ) ;
#2457 = ORIENTED_EDGE ( 'NONE', *, *, #1851, .T. ) ;
#2458 = AXIS2_PLACEMENT_3D ( 'NONE', #1318, #7234, #6522 ) ;
#2459 = VECTOR ( 'NONE', #6005, 1000.000000000000000 ) ;
#2460 = LINE ( 'NONE', #1320, #6217 ) ;
#2461 = ADVANCED_FACE ( 'NONE', ( #5792 ), #545, .F. ) ;
#2462 = COLOUR_RGB ( '',0.7921568627450980005, 0.8196078431372548767, 0.9333333333333333481 ) ;
#2463 = CARTESIAN_POINT ( 'NONE',  ( -1.149999999999999689, 0.04999999999999999584, 0.3250000000000002887 ) ) ;
#2464 = CARTESIAN_POINT ( 'NONE',  ( -1.149999999999999467, 0.2000000000000000111, 0.8250000000000002887 ) ) ;
#2465 = CARTESIAN_POINT ( 'NONE',  ( -1.149999999999999911, 0.2000000000000000111, -0.6749999999999997113 ) ) ;
#2466 = DIRECTION ( 'NONE',  ( -8.673617379884037996E-14, -0.000000000000000000, -1.000000000000000000 ) ) ;
#2467 = VERTEX_POINT ( 'NONE', #5261 ) ;
#2468 = CARTESIAN_POINT ( 'NONE',  ( -0.6249999999999996669, 0.2000000000000000111, 1.199999999999999734 ) ) ;
#2469 = VERTEX_POINT ( 'NONE', #429 ) ;
#2470 = AXIS2_PLACEMENT_3D ( 'NONE', #1558, #2029, #1481 ) ;
#2471 = EDGE_CURVE ( 'NONE', #4821, #2741, #2824, .T. ) ;
#2472 = EDGE_CURVE ( 'NONE', #627, #6741, #6929, .T. ) ;
#2473 = ORIENTED_EDGE ( 'NONE', *, *, #5059, .F. ) ;
#2474 = EDGE_CURVE ( 'NONE', #125, #1272, #1055, .T. ) ;
#2475 = ORIENTED_EDGE ( 'NONE', *, *, #5178, .F. ) ;
#2476 = ORIENTED_EDGE ( 'NONE', *, *, #7450, .T. ) ;
#2477 = LINE ( 'NONE', #629, #5644 ) ;
#2478 = VECTOR ( 'NONE', #777, 1000.000000000000000 ) ;
#2479 = CARTESIAN_POINT ( 'NONE',  ( 1.499999999999997780, 0.2000000000000000111, 0.6249999999999765743 ) ) ;
#2480 = CARTESIAN_POINT ( 'NONE',  ( -0.6749999999999996003, 0.2000000000000000111, 1.199999999999999734 ) ) ;
#2481 = EDGE_LOOP ( 'NONE', ( #6734, #4354, #749, #344 ) ) ;
#2482 = ORIENTED_EDGE ( 'NONE', *, *, #6237, .T. ) ;
#2483 = VERTEX_POINT ( 'NONE', #3497 ) ;
#2484 = CARTESIAN_POINT ( 'NONE',  ( 0.3250000000000003997, 0.000000000000000000, 1.199999999999999734 ) ) ;
#2485 = VECTOR ( 'NONE', #643, 1000.000000000000000 ) ;
#2486 = LINE ( 'NONE', #5501, #6835 ) ;
#2487 = EDGE_CURVE ( 'NONE', #1649, #6598, #1727, .T. ) ;
#2488 = LINE ( 'NONE', #6114, #5176 ) ;
#2489 = VECTOR ( 'NONE', #2326, 1000.000000000000000 ) ;
#2490 = ORIENTED_EDGE ( 'NONE', *, *, #4011, .F. ) ;
#2491 = CARTESIAN_POINT ( 'NONE',  ( -0.6750000000000024869, 0.2000000000000000111, -1.149999999999999911 ) ) ;
#2492 = DIRECTION ( 'NONE',  ( 0.000000000000000000, -1.000000000000000000, 0.000000000000000000 ) ) ;
#2493 = ORIENTED_EDGE ( 'NONE', *, *, #4388, .T. ) ;
#2494 = EDGE_CURVE ( 'NONE', #2604, #741, #3722, .T. ) ;
#2495 = DIRECTION ( 'NONE',  ( 5.782411586589358664E-14, 0.000000000000000000, 1.000000000000000000 ) ) ;
#2496 = CARTESIAN_POINT ( 'NONE',  ( -0.8249999999999997335, 0.2000000000000000111, 1.149999999999999689 ) ) ;
#2497 = ORIENTED_EDGE ( 'NONE', *, *, #3305, .T. ) ;
#2498 = DIRECTION ( 'NONE',  ( 0.000000000000000000, -1.000000000000000000, 0.000000000000000000 ) ) ;
#2499 = CARTESIAN_POINT ( 'NONE',  ( 1.500000000000000222, 0.04999999999999969746, 0.8749999999999996669 ) ) ;
#2500 = DIRECTION ( 'NONE',  ( 0.000000000000000000, 0.000000000000000000, -1.000000000000000000 ) ) ;
#2501 = DIRECTION ( 'NONE',  ( 0.000000000000000000, -1.000000000000000000, 0.000000000000000000 ) ) ;
#2502 = DIRECTION ( 'NONE',  ( 1.000000000000000000, 0.000000000000000000, -1.807003620809173153E-16 ) ) ;
#2503 = VERTEX_POINT ( 'NONE', #5372 ) ;
#2504 = CYLINDRICAL_SURFACE ( 'NONE', #595, 0.04999999999999991257 ) ;
#2505 = ORIENTED_EDGE ( 'NONE', *, *, #3516, .F. ) ;
#2506 = VECTOR ( 'NONE', #764, 1000.000000000000000 ) ;
#2507 = ORIENTED_EDGE ( 'NONE', *, *, #1913, .T. ) ;
#2508 = ORIENTED_EDGE ( 'NONE', *, *, #21, .T. ) ;
#2509 = DIRECTION ( 'NONE',  ( 0.000000000000000000, 0.000000000000000000, -1.000000000000000000 ) ) ;
#2510 = STYLED_ITEM ( 'NONE', ( #7409 ), #737 ) ;
#2511 = EDGE_CURVE ( 'NONE', #5320, #6997, #621, .T. ) ;
#2512 = CARTESIAN_POINT ( 'NONE',  ( 1.149999999999999911, 0.04999999999999999584, 0.8249999999999997335 ) ) ;
#2513 = EDGE_CURVE ( 'NONE', #5989, #6387, #4897, .T. ) ;
#2514 = ADVANCED_FACE ( 'NONE', ( #4237 ), #1209, .F. ) ;
#2515 = CARTESIAN_POINT ( 'NONE',  ( 1.199999999999999956, 0.2000000000000000111, -0.6250000000000003331 ) ) ;
#2516 = VERTEX_POINT ( 'NONE', #5939 ) ;
#2517 = VERTEX_POINT ( 'NONE', #2384 ) ;
#2518 = ORIENTED_EDGE ( 'NONE', *, *, #1271, .T. ) ;
#2519 = LINE ( 'NONE', #7291, #2992 ) ;
#2520 = DIRECTION ( 'NONE',  ( 0.000000000000000000, 0.000000000000000000, 1.000000000000000000 ) ) ;
#2521 = VECTOR ( 'NONE', #7723, 1000.000000000000000 ) ;
#2522 = DIRECTION ( 'NONE',  ( -0.000000000000000000, 0.000000000000000000, 1.000000000000000000 ) ) ;
#2523 = PLANE ( 'NONE',  #2296 ) ;
#2524 = ORIENTED_EDGE ( 'NONE', *, *, #3390, .F. ) ;
#2525 = PLANE ( 'NONE',  #7097 ) ;
#2526 = CYLINDRICAL_SURFACE ( 'NONE', #2359, 0.04999999999999991257 ) ;
#2527 = EDGE_LOOP ( 'NONE', ( #7742, #3504, #2746, #2664 ) ) ;
#2528 = ORIENTED_EDGE ( 'NONE', *, *, #3071, .T. ) ;
#2529 = FACE_OUTER_BOUND ( 'NONE', #1240, .T. ) ;
#2530 = CARTESIAN_POINT ( 'NONE',  ( 1.149999999999999911, 0.2000000000000000111, -0.3250000000000003442 ) ) ;
#2531 = ORIENTED_EDGE ( 'NONE', *, *, #4150, .F. ) ;
#2532 = CARTESIAN_POINT ( 'NONE',  ( 0.3250000000000003997, 0.2000000000000000111, 1.149999999999999689 ) ) ;
#2533 = ORIENTED_EDGE ( 'NONE', *, *, #3859, .F. ) ;
#2534 = EDGE_CURVE ( 'NONE', #4256, #1621, #1951, .T. ) ;
#2535 = EDGE_CURVE ( 'NONE', #5497, #5503, #2931, .T. ) ;
#2536 = VECTOR ( 'NONE', #7239, 1000.000000000000000 ) ;
#2537 = LINE ( 'NONE', #2141, #7298 ) ;
#2538 = CARTESIAN_POINT ( 'NONE',  ( 1.199999999999999734, 0.04999999999999999584, -0.6750000000000002665 ) ) ;
#2539 = AXIS2_PLACEMENT_3D ( 'NONE', #1781, #2999, #6477 ) ;
#2540 = FACE_OUTER_BOUND ( 'NONE', #5947, .T. ) ;
#2541 = LINE ( 'NONE', #6016, #7579 ) ;
#2542 = CARTESIAN_POINT ( 'NONE',  ( -1.499999999999999778, 0.2000000000000000111, 0.3750000000000002776 ) ) ;
#2543 = EDGE_LOOP ( 'NONE', ( #5183, #6703, #3876, #5893 ) ) ;
#2544 = AXIS2_PLACEMENT_3D ( 'NONE', #4757, #3579, #2283 ) ;
#2545 = ORIENTED_EDGE ( 'NONE', *, *, #5952, .T. ) ;
#2546 = ORIENTED_EDGE ( 'NONE', *, *, #1890, .F. ) ;
#2547 = CARTESIAN_POINT ( 'NONE',  ( 0.3750000000000003331, 0.2000000000000000111, 1.499999999999999778 ) ) ;
#2548 = CARTESIAN_POINT ( 'NONE',  ( -0.3749999999999996669, 0.2000000000000000111, 1.499999999999999778 ) ) ;
#2549 = CARTESIAN_POINT ( 'NONE',  ( -1.499999999999999778, 0.2000000000000000111, -0.1249999999999997641 ) ) ;
#2550 = DIRECTION ( 'NONE',  ( -0.000000000000000000, -1.000000000000000000, -0.000000000000000000 ) ) ;
#2551 = ORIENTED_EDGE ( 'NONE', *, *, #2949, .F. ) ;
#2552 = AXIS2_PLACEMENT_3D ( 'NONE', #2538, #6684, #7240 ) ;
#2553 = EDGE_LOOP ( 'NONE', ( #3725, #3619, #2624, #851, #6394, #2782 ) ) ;
#2554 = EDGE_LOOP ( 'NONE', ( #1695, #5612, #4804, #5005 ) ) ;
#2555 = CARTESIAN_POINT ( 'NONE',  ( 0.3250000000000003997, 0.000000000000000000, 1.149999999999999689 ) ) ;
#2556 = DIRECTION ( 'NONE',  ( 1.000000000000000000, 0.000000000000000000, -3.614007241618346306E-16 ) ) ;
#2557 = ADVANCED_FACE ( 'NONE', ( #107 ), #3014, .F. ) ;
#2558 = CIRCLE ( 'NONE', #7308, 0.04999999999999991257 ) ;
#2559 = CARTESIAN_POINT ( 'NONE',  ( 1.199999999999999956, 0.2000000000000000111, -0.1750000000000001832 ) ) ;
#2560 = DIRECTION ( 'NONE',  ( 0.000000000000000000, 0.000000000000000000, -1.000000000000000000 ) ) ;
#2561 = ORIENTED_EDGE ( 'NONE', *, *, #4604, .T. ) ;
#2562 = CARTESIAN_POINT ( 'NONE',  ( -1.199999999999999956, 0.000000000000000000, -0.6249999999999998890 ) ) ;
#2563 = VECTOR ( 'NONE', #1046, 1000.000000000000000 ) ;
#2564 = DIRECTION ( 'NONE',  ( -1.000000000000000000, 0.000000000000000000, 1.807003620809173399E-16 ) ) ;
#2565 = ADVANCED_FACE ( 'NONE', ( #74 ), #7163, .T. ) ;
#2566 = EDGE_CURVE ( 'NONE', #5641, #3085, #6014, .T. ) ;
#2567 = EDGE_CURVE ( 'NONE', #5555, #6464, #4274, .T. ) ;
#2568 = ORIENTED_EDGE ( 'NONE', *, *, #792, .T. ) ;
#2569 = VECTOR ( 'NONE', #238, 1000.000000000000000 ) ;
#2570 = LINE ( 'NONE', #1505, #6803 ) ;
#2571 = CARTESIAN_POINT ( 'NONE',  ( -0.6250000000000026645, 0.000000000000000000, -1.500000000000000000 ) ) ;
#2572 = ORIENTED_EDGE ( 'NONE', *, *, #3963, .T. ) ;
#2573 = LINE ( 'NONE', #3832, #3106 ) ;
#2574 = VERTEX_POINT ( 'NONE', #2422 ) ;
#2575 = VECTOR ( 'NONE', #6499, 1000.000000000000000 ) ;
#2576 = AXIS2_PLACEMENT_3D ( 'NONE', #5674, #268, #2658 ) ;
#2577 = EDGE_CURVE ( 'NONE', #5664, #3651, #2428, .T. ) ;
#2578 = AXIS2_PLACEMENT_3D ( 'NONE', #5254, #4038, #6494 ) ;
#2579 = PLANE ( 'NONE',  #1178 ) ;
#2580 = VECTOR ( 'NONE', #4852, 1000.000000000000000 ) ;
#2581 = FACE_OUTER_BOUND ( 'NONE', #2172, .T. ) ;
#2582 = CARTESIAN_POINT ( 'NONE',  ( -1.500000000000000000, 0.2000000000000000111, -0.6249999999999996669 ) ) ;
#2583 = LINE ( 'NONE', #823, #2593 ) ;
#2584 = ORIENTED_EDGE ( 'NONE', *, *, #4547, .F. ) ;
#2585 = AXIS2_PLACEMENT_3D ( 'NONE', #640, #3033, #7226 ) ;
#2586 = VERTEX_POINT ( 'NONE', #1908 ) ;
#2587 = ORIENTED_EDGE ( 'NONE', *, *, #721, .F. ) ;
#2588 = CARTESIAN_POINT ( 'NONE',  ( -1.149999999999999689, 0.2000000000000000111, 0.1750000000000000999 ) ) ;
#2589 = FACE_OUTER_BOUND ( 'NONE', #920, .T. ) ;
#2590 = CARTESIAN_POINT ( 'NONE',  ( -1.199999999999999512, 0.2000000000000000111, 0.8250000000000002887 ) ) ;
#2591 =( NAMED_UNIT ( * ) PLANE_ANGLE_UNIT ( ) SI_UNIT ( $, .RADIAN. ) );
#2592 = ORIENTED_EDGE ( 'NONE', *, *, #1455, .F. ) ;
#2593 = VECTOR ( 'NONE', #5021, 1000.000000000000000 ) ;
#2594 = EDGE_LOOP ( 'NONE', ( #7501, #4866, #2028, #1617 ) ) ;
#2595 = ORIENTED_EDGE ( 'NONE', *, *, #2677, .F. ) ;
#2596 = DIRECTION ( 'NONE',  ( 1.000000000000000000, -0.000000000000000000, -0.000000000000000000 ) ) ;
#2597 = CYLINDRICAL_SURFACE ( 'NONE', #3769, 0.04999999999999991257 ) ;
#2598 = UNCERTAINTY_MEASURE_WITH_UNIT (LENGTH_MEASURE( 1.000000000000000082E-05 ), #2755, 'distance_accuracy_value', 'NONE');
#2599 = AXIS2_PLACEMENT_3D ( 'NONE', #5204, #4691, #6444 ) ;
#2600 = DIRECTION ( 'NONE',  ( 3.614007241618346799E-16, 0.000000000000000000, 1.000000000000000000 ) ) ;
#2601 = LINE ( 'NONE', #728, #6790 ) ;
#2602 = CARTESIAN_POINT ( 'NONE',  ( -0.1249999999999996531, 0.2000000000000000111, 1.499999999999999778 ) ) ;
#2603 = ORIENTED_EDGE ( 'NONE', *, *, #463, .T. ) ;
#2604 = VERTEX_POINT ( 'NONE', #7202 ) ;
#2605 = CARTESIAN_POINT ( 'NONE',  ( 0.1749999999999973244, 0.2000000000000000111, -1.200000000000000178 ) ) ;
#2606 = AXIS2_PLACEMENT_3D ( 'NONE', #7710, #2307, #2195 ) ;
#2607 = CARTESIAN_POINT ( 'NONE',  ( 1.499999999999997780, 0.2000000000000000111, 0.6249999999999765743 ) ) ;
#2608 = LINE ( 'NONE', #3238, #1502 ) ;
#2609 = ORIENTED_EDGE ( 'NONE', *, *, #944, .T. ) ;
#2610 = VECTOR ( 'NONE', #4224, 1000.000000000000000 ) ;
#2611 = EDGE_CURVE ( 'NONE', #2051, #6079, #7182, .T. ) ;
#2612 = DIRECTION ( 'NONE',  ( 0.000000000000000000, 0.000000000000000000, 1.000000000000000000 ) ) ;
#2613 = EDGE_CURVE ( 'NONE', #6620, #3396, #3050, .T. ) ;
#2614 = ADVANCED_FACE ( 'NONE', ( #146 ), #5443, .T. ) ;
#2615 = DIRECTION ( 'NONE',  ( 1.000000000000000000, 0.000000000000000000, -3.614007241618346799E-16 ) ) ;
#2616 = EDGE_LOOP ( 'NONE', ( #5471, #6694, #3765, #4392 ) ) ;
#2617 = DIRECTION ( 'NONE',  ( -0.000000000000000000, -1.000000000000000000, -0.000000000000000000 ) ) ;
#2618 = ORIENTED_EDGE ( 'NONE', *, *, #3032, .T. ) ;
#2619 = CARTESIAN_POINT ( 'NONE',  ( -0.8750000000000000000, 0.2000000000000000111, 0.8750000000000000000 ) ) ;
#2620 = CARTESIAN_POINT ( 'NONE',  ( 1.500000000000000000, 0.2000000000000000111, 0.3749999999999996669 ) ) ;
#2621 = DIRECTION ( 'NONE',  ( -1.000000000000000000, 0.000000000000000000, -0.000000000000000000 ) ) ;
#2622 = CARTESIAN_POINT ( 'NONE',  ( -1.499999999999990896, 0.2000000000000000111, -0.8749999999999870104 ) ) ;
#2623 = ORIENTED_EDGE ( 'NONE', *, *, #1512, .T. ) ;
#2624 = ORIENTED_EDGE ( 'NONE', *, *, #7013, .T. ) ;
#2625 = CLOSED_SHELL ( 'NONE', ( #4665, #3184, #5977, #2655, #1087, #6969, #6002, #3159 ) ) ;
#2626 = ORIENTED_EDGE ( 'NONE', *, *, #2637, .F. ) ;
#2627 = DIRECTION ( 'NONE',  ( 0.000000000000000000, 1.000000000000000000, 0.000000000000000000 ) ) ;
#2628 = CARTESIAN_POINT ( 'NONE',  ( 0.6249999999999713562, 0.2000000000000000111, -1.500000000000000000 ) ) ;
#2629 = VECTOR ( 'NONE', #5422, 1000.000000000000000 ) ;
#2630 = DIRECTION ( 'NONE',  ( 0.000000000000000000, 1.000000000000000000, 0.000000000000000000 ) ) ;
#2631 = LINE ( 'NONE', #985, #2443 ) ;
#2632 = ORIENTED_EDGE ( 'NONE', *, *, #4963, .T. ) ;
#2633 = ORIENTED_EDGE ( 'NONE', *, *, #1243, .T. ) ;
#2634 = ORIENTED_EDGE ( 'NONE', *, *, #5670, .T. ) ;
#2635 = DIRECTION ( 'NONE',  ( 0.000000000000000000, 0.000000000000000000, -1.000000000000000000 ) ) ;
#2636 = DIRECTION ( 'NONE',  ( -1.000000000000000000, 0.000000000000000000, 0.000000000000000000 ) ) ;
#2637 = EDGE_CURVE ( 'NONE', #1621, #2811, #935, .T. ) ;
#2638 = CIRCLE ( 'NONE', #5514, 0.04999999999999991257 ) ;
#2639 =( NAMED_UNIT ( * ) SI_UNIT ( $, .STERADIAN. ) SOLID_ANGLE_UNIT ( ) );
#2640 = DIRECTION ( 'NONE',  ( -0.000000000000000000, -1.000000000000000000, -0.000000000000000000 ) ) ;
#2641 = CARTESIAN_POINT ( 'NONE',  ( 0.8250000000000003997, 0.2000000000000000111, 1.149999999999999689 ) ) ;
#2642 = ORIENTED_EDGE ( 'NONE', *, *, #6187, .T. ) ;
#2643 = ORIENTED_EDGE ( 'NONE', *, *, #4940, .F. ) ;
#2644 = FACE_OUTER_BOUND ( 'NONE', #5274, .T. ) ;
#2645 = DIRECTION ( 'NONE',  ( 1.807003620809173399E-16, 0.000000000000000000, 1.000000000000000000 ) ) ;
#2646 = DIRECTION ( 'NONE',  ( 0.000000000000000000, -0.000000000000000000, 1.000000000000000000 ) ) ;
#2647 = ORIENTED_EDGE ( 'NONE', *, *, #2031, .F. ) ;
#2648 = CARTESIAN_POINT ( 'NONE',  ( -1.199999999999999734, 0.2000000000000000111, 0.3250000000000002887 ) ) ;
#2649 = DIRECTION ( 'NONE',  ( 1.000000000000000000, 0.000000000000000000, -3.614007241618346799E-16 ) ) ;
#2650 = VERTEX_POINT ( 'NONE', #1324 ) ;
#2651 = CARTESIAN_POINT ( 'NONE',  ( -0.6750000000000000444, 0.000000000000000000, -0.8750000000000000000 ) ) ;
#2652 = EDGE_CURVE ( 'NONE', #2659, #4513, #6798, .T. ) ;
#2653 = ORIENTED_EDGE ( 'NONE', *, *, #602, .T. ) ;
#2654 = EDGE_CURVE ( 'NONE', #741, #5320, #3166, .T. ) ;
#2655 = ADVANCED_FACE ( 'NONE', ( #4425 ), #4974, .T. ) ;
#2656 = DIRECTION ( 'NONE',  ( 0.000000000000000000, 1.000000000000000000, 0.000000000000000000 ) ) ;
#2657 = LINE ( 'NONE', #1436, #3078 ) ;
#2658 = DIRECTION ( 'NONE',  ( 0.000000000000000000, 0.000000000000000000, 1.000000000000000000 ) ) ;
#2659 = VERTEX_POINT ( 'NONE', #1435 ) ;
#2660 = DIRECTION ( 'NONE',  ( -5.782411586589358664E-14, -0.000000000000000000, -1.000000000000000000 ) ) ;
#2661 = VERTEX_POINT ( 'NONE', #7354 ) ;
#2662 = VERTEX_POINT ( 'NONE', #6799 ) ;
#2663 = EDGE_CURVE ( 'NONE', #3160, #4146, #899, .T. ) ;
#2664 = ORIENTED_EDGE ( 'NONE', *, *, #4727, .T. ) ;
#2665 = VERTEX_POINT ( 'NONE', #5714 ) ;
#2666 = AXIS2_PLACEMENT_3D ( 'NONE', #699, #2383, #4779 ) ;
#2667 = PLANE ( 'NONE',  #2148 ) ;
#2668 = SURFACE_SIDE_STYLE ('',( #7400 ) ) ;
#2669 = CARTESIAN_POINT ( 'NONE',  ( 1.199999999999999956, 0.000000000000000000, 0.3249999999999998446 ) ) ;
#2670 = CARTESIAN_POINT ( 'NONE',  ( -0.8749999999999995559, 0.2000000000000000111, 1.499999999999999778 ) ) ;
#2671 = ORIENTED_EDGE ( 'NONE', *, *, #6012, .T. ) ;
#2672 = VECTOR ( 'NONE', #399, 1000.000000000000000 ) ;
#2673 = PLANE ( 'NONE',  #611 ) ;
#2674 = DIRECTION ( 'NONE',  ( 0.000000000000000000, 0.000000000000000000, 1.000000000000000000 ) ) ;
#2675 = DIRECTION ( 'NONE',  ( -0.000000000000000000, -1.000000000000000000, -0.000000000000000000 ) ) ;
#2676 = AXIS2_PLACEMENT_3D ( 'NONE', #6066, #119, #6106 ) ;
#2677 = EDGE_CURVE ( 'NONE', #6648, #3085, #4942, .T. ) ;
#2678 = PLANE ( 'NONE',  #3821 ) ;
#2679 = ORIENTED_EDGE ( 'NONE', *, *, #6392, .T. ) ;
#2680 = EDGE_CURVE ( 'NONE', #4984, #2010, #4389, .T. ) ;
#2681 = ORIENTED_EDGE ( 'NONE', *, *, #3150, .F. ) ;
#2682 = CARTESIAN_POINT ( 'NONE',  ( 1.199999999999999956, 0.2000000000000000111, -0.6250000000000003331 ) ) ;
#2683 = LINE ( 'NONE', #3158, #4996 ) ;
#2684 = CARTESIAN_POINT ( 'NONE',  ( -1.199999999999999956, 0.8000000000000000444, -1.200000000000000178 ) ) ;
#2685 = AXIS2_PLACEMENT_3D ( 'NONE', #7562, #5867, #2239 ) ;
#2686 = ORIENTED_EDGE ( 'NONE', *, *, #698, .T. ) ;
#2687 = DIRECTION ( 'NONE',  ( -0.7071067811865474617, -0.000000000000000000, 0.7071067811865474617 ) ) ;
#2688 = CARTESIAN_POINT ( 'NONE',  ( 0.1749999999999973244, 0.000000000000000000, -1.149999999999999467 ) ) ;
#2689 = CIRCLE ( 'NONE', #433, 0.04999999999999991257 ) ;
#2690 = DIRECTION ( 'NONE',  ( 0.000000000000000000, -1.000000000000000000, 0.000000000000000000 ) ) ;
#2691 = ORIENTED_EDGE ( 'NONE', *, *, #6205, .T. ) ;
#2692 = CARTESIAN_POINT ( 'NONE',  ( -1.499999999999999778, 0.2000000000000000111, 0.1250000000000002498 ) ) ;
#2693 = AXIS2_PLACEMENT_3D ( 'NONE', #1199, #537, #4228 ) ;
#2694 = ORIENTED_EDGE ( 'NONE', *, *, #2654, .F. ) ;
#2695 = COLOUR_RGB ( '',0.7921568627450980005, 0.8196078431372548767, 0.9333333333333333481 ) ;
#2696 = DIRECTION ( 'NONE',  ( 1.807003620809173153E-16, -0.000000000000000000, 1.000000000000000000 ) ) ;
#2697 = DIRECTION ( 'NONE',  ( 0.000000000000000000, 1.000000000000000000, 0.000000000000000000 ) ) ;
#2698 = CARTESIAN_POINT ( 'NONE',  ( 0.8750000000000000000, 0.2000000000000000111, -0.8750000000000000000 ) ) ;
#2699 = ORIENTED_EDGE ( 'NONE', *, *, #3594, .T. ) ;
#2700 = AXIS2_PLACEMENT_3D ( 'NONE', #2549, #7253, #1224 ) ;
#2701 = EDGE_CURVE ( 'NONE', #4412, #5555, #2110, .T. ) ;
#2702 = AXIS2_PLACEMENT_3D ( 'NONE', #2745, #6801, #2621 ) ;
#2703 = FACE_OUTER_BOUND ( 'NONE', #5079, .T. ) ;
#2704 = ORIENTED_EDGE ( 'NONE', *, *, #2055, .T. ) ;
#2705 = ORIENTED_EDGE ( 'NONE', *, *, #4338, .F. ) ;
#2706 = ORIENTED_EDGE ( 'NONE', *, *, #2249, .T. ) ;
#2707 = ORIENTED_EDGE ( 'NONE', *, *, #4249, .F. ) ;
#2708 = VECTOR ( 'NONE', #6513, 1000.000000000000000 ) ;
#2709 = DIRECTION ( 'NONE',  ( 1.000000000000000000, 0.000000000000000000, 0.000000000000000000 ) ) ;
#2710 = CARTESIAN_POINT ( 'NONE',  ( 2.258754526011466133E-17, 0.05000000000000000278, 0.1249999999999999722 ) ) ;
#2711 = CARTESIAN_POINT ( 'NONE',  ( 0.8250000000000003997, 0.000000000000000000, 1.199999999999999734 ) ) ;
#2712 = CYLINDRICAL_SURFACE ( 'NONE', #6316, 0.04999999999999980849 ) ;
#2713 = EDGE_CURVE ( 'NONE', #7719, #5836, #4504, .T. ) ;
#2714 = EDGE_CURVE ( 'NONE', #6675, #1513, #6761, .T. ) ;
#2715 = EDGE_CURVE ( 'NONE', #7256, #6632, #6289, .T. ) ;
#2716 = EDGE_LOOP ( 'NONE', ( #1710, #4368, #4030, #4572, #6537, #7505 ) ) ;
#2717 = ADVANCED_FACE ( 'NONE', ( #6167 ), #5671, .F. ) ;
#2718 = VECTOR ( 'NONE', #5822, 1000.000000000000000 ) ;
#2719 = VECTOR ( 'NONE', #2815, 1000.000000000000000 ) ;
#2720 =( NAMED_UNIT ( * ) SI_UNIT ( $, .STERADIAN. ) SOLID_ANGLE_UNIT ( ) );
#2721 = CARTESIAN_POINT ( 'NONE',  ( 1.500000000000000000, 0.2000000000000000111, -0.3750000000000003331 ) ) ;
#2722 = LINE ( 'NONE', #5154, #7264 ) ;
#2723 = AXIS2_PLACEMENT_3D ( 'NONE', #2919, #7185, #22 ) ;
#2724 = FILL_AREA_STYLE ('',( #4489 ) ) ;
#2725 = FACE_OUTER_BOUND ( 'NONE', #6653, .T. ) ;
#2726 = ORIENTED_EDGE ( 'NONE', *, *, #4206, .T. ) ;
#2727 = VERTEX_POINT ( 'NONE', #3206 ) ;
#2728 = CARTESIAN_POINT ( 'NONE',  ( -0.3749999999999996669, 0.2000000000000000111, 1.499999999999999778 ) ) ;
#2729 = FILL_AREA_STYLE_COLOUR ( '', #2987 ) ;
#2730 = DIRECTION ( 'NONE',  ( 1.807003620809173399E-16, -0.000000000000000000, 1.000000000000000000 ) ) ;
#2731 = VECTOR ( 'NONE', #750, 1000.000000000000000 ) ;
#2732 = FACE_OUTER_BOUND ( 'NONE', #271, .T. ) ;
#2733 = AXIS2_PLACEMENT_3D ( 'NONE', #343, #1984, #3913 ) ;
#2734 = DIRECTION ( 'NONE',  ( -1.000000000000000000, 0.000000000000000000, 0.000000000000000000 ) ) ;
#2735 = LINE ( 'NONE', #5775, #87 ) ;
#2736 = ORIENTED_EDGE ( 'NONE', *, *, #7315, .T. ) ;
#2737 = DIRECTION ( 'NONE',  ( -0.000000000000000000, -1.000000000000000000, -0.000000000000000000 ) ) ;
#2738 = ORIENTED_EDGE ( 'NONE', *, *, #7055, .F. ) ;
#2739 = COLOUR_RGB ( '',0.7921568627450980005, 0.8196078431372548767, 0.9333333333333333481 ) ;
#2740 = EDGE_CURVE ( 'NONE', #6387, #5576, #3755, .T. ) ;
#2741 = VERTEX_POINT ( 'NONE', #1475 ) ;
#2742 = CARTESIAN_POINT ( 'NONE',  ( 1.500000000000000000, 0.2000000000000000111, -0.3750000000000003331 ) ) ;
#2743 = DIRECTION ( 'NONE',  ( 0.000000000000000000, -0.000000000000000000, 1.000000000000000000 ) ) ;
#2744 = DIRECTION ( 'NONE',  ( 0.000000000000000000, 0.000000000000000000, -1.000000000000000000 ) ) ;
#2745 = CARTESIAN_POINT ( 'NONE',  ( -0.8750000000000000000, 0.2000000000000000111, 0.8750000000000000000 ) ) ;
#2746 = ORIENTED_EDGE ( 'NONE', *, *, #3490, .T. ) ;
#2747 = FACE_OUTER_BOUND ( 'NONE', #1488, .T. ) ;
#2748 = ORIENTED_EDGE ( 'NONE', *, *, #2093, .T. ) ;
#2749 = ORIENTED_EDGE ( 'NONE', *, *, #6939, .F. ) ;
#2750 = DIRECTION ( 'NONE',  ( 0.000000000000000000, 1.000000000000000000, 0.000000000000000000 ) ) ;
#2751 = PLANE ( 'NONE',  #4183 ) ;
#2752 = DIRECTION ( 'NONE',  ( -0.000000000000000000, -1.000000000000000000, -0.000000000000000000 ) ) ;
#2753 = FACE_OUTER_BOUND ( 'NONE', #3484, .T. ) ;
#2754 = VERTEX_POINT ( 'NONE', #6250 ) ;
#2755 =( LENGTH_UNIT ( ) NAMED_UNIT ( * ) SI_UNIT ( .MILLI., .METRE. ) );
#2756 = CARTESIAN_POINT ( 'NONE',  ( -0.3250000000000026756, 0.000000000000000000, -1.200000000000000178 ) ) ;
#2757 = EDGE_CURVE ( 'NONE', #2425, #5249, #303, .T. ) ;
#2758 = ADVANCED_FACE ( 'NONE', ( #182 ), #2579, .T. ) ;
#2759 = EDGE_CURVE ( 'NONE', #3681, #4202, #5100, .T. ) ;
#2760 =( NAMED_UNIT ( * ) PLANE_ANGLE_UNIT ( ) SI_UNIT ( $, .RADIAN. ) );
#2761 = DIRECTION ( 'NONE',  ( 0.000000000000000000, -1.000000000000000000, 0.000000000000000000 ) ) ;
#2762 = ORIENTED_EDGE ( 'NONE', *, *, #2759, .T. ) ;
#2763 = DIRECTION ( 'NONE',  ( 0.000000000000000000, -0.000000000000000000, 1.000000000000000000 ) ) ;
#2764 = VERTEX_POINT ( 'NONE', #861 ) ;
#2765 = AXIS2_PLACEMENT_3D ( 'NONE', #5315, #6359, #5277 ) ;
#2766 = DIRECTION ( 'NONE',  ( 0.000000000000000000, -1.000000000000000000, 0.000000000000000000 ) ) ;
#2767 = VECTOR ( 'NONE', #3825, 1000.000000000000000 ) ;
#2768 = DIRECTION ( 'NONE',  ( -3.614007241618346306E-16, 0.000000000000000000, -1.000000000000000000 ) ) ;
#2769 = CARTESIAN_POINT ( 'NONE',  ( -1.149999999999999467, 0.2000000000000000111, 0.6750000000000001554 ) ) ;
#2770 = ORIENTED_EDGE ( 'NONE', *, *, #2297, .T. ) ;
#2771 = CARTESIAN_POINT ( 'NONE',  ( -0.8749999999999996669, 0.04999999999999999584, 1.199999999999999734 ) ) ;
#2772 = VERTEX_POINT ( 'NONE', #7391 ) ;
#2773 = VECTOR ( 'NONE', #326, 1000.000000000000000 ) ;
#2774 = ORIENTED_EDGE ( 'NONE', *, *, #3058, .T. ) ;
#2775 = LINE ( 'NONE', #5170, #1690 ) ;
#2776 = CARTESIAN_POINT ( 'NONE',  ( 1.199999999999999734, 0.2000000000000000111, -0.6750000000000002665 ) ) ;
#2777 = ADVANCED_FACE ( 'NONE', ( #5634 ), #5051, .F. ) ;
#2778 = DIRECTION ( 'NONE',  ( 1.000000000000000000, -0.000000000000000000, 0.000000000000000000 ) ) ;
#2779 = CARTESIAN_POINT ( 'NONE',  ( -1.199999999999999956, 0.7500000000000000000, -1.300000000000000266 ) ) ;
#2780 = ADVANCED_FACE ( 'NONE', ( #3330 ), #2191, .T. ) ;
#2781 = CARTESIAN_POINT ( 'NONE',  ( 0.3249999999999975131, 0.2000000000000000111, -1.149999999999999911 ) ) ;
#2782 = ORIENTED_EDGE ( 'NONE', *, *, #7178, .T. ) ;
#2783 = FACE_OUTER_BOUND ( 'NONE', #6284, .T. ) ;
#2784 = CARTESIAN_POINT ( 'NONE',  ( -1.499999999999999778, 0.2000000000000000111, -0.1249999999999997641 ) ) ;
#2785 = LINE ( 'NONE', #5793, #3834 ) ;
#2786 = CARTESIAN_POINT ( 'NONE',  ( -1.500000000000000000, 0.04999999999999999584, -0.6249999999999996669 ) ) ;
#2787 = ORIENTED_EDGE ( 'NONE', *, *, #1099, .T. ) ;
#2788 = VERTEX_POINT ( 'NONE', #2266 ) ;
#2789 = CARTESIAN_POINT ( 'NONE',  ( 0.000000000000000000, 0.000000000000000000, 0.000000000000000000 ) ) ;
#2790 = CARTESIAN_POINT ( 'NONE',  ( 1.199999999999999956, 0.2000000000000000111, 0.6249999999999996669 ) ) ;
#2791 = CIRCLE ( 'NONE', #2666, 0.04999999999999991257 ) ;
#2792 = DIRECTION ( 'NONE',  ( 0.000000000000000000, -1.000000000000000000, 0.000000000000000000 ) ) ;
#2793 = DIRECTION ( 'NONE',  ( 0.000000000000000000, 1.000000000000000000, 0.000000000000000000 ) ) ;
#2794 = ORIENTED_EDGE ( 'NONE', *, *, #4676, .F. ) ;
#2795 = AXIS2_PLACEMENT_3D ( 'NONE', #7225, #1416, #3353 ) ;
#2796 = ORIENTED_EDGE ( 'NONE', *, *, #3276, .F. ) ;
#2797 = DIRECTION ( 'NONE',  ( 0.000000000000000000, 0.000000000000000000, -1.000000000000000000 ) ) ;
#2798 = EDGE_CURVE ( 'NONE', #2394, #5836, #976, .T. ) ;
#2799 = LINE ( 'NONE', #5193, #5741 ) ;
#2800 = ORIENTED_EDGE ( 'NONE', *, *, #7464, .F. ) ;
#2801 = CIRCLE ( 'NONE', #7176, 0.04999999999999980849 ) ;
#2802 = PLANE ( 'NONE',  #3836 ) ;
#2803 = CARTESIAN_POINT ( 'NONE',  ( -1.499999999999999778, 0.2000000000000000111, 0.3750000000000002776 ) ) ;
#2804 = CARTESIAN_POINT ( 'NONE',  ( 1.500000000000000222, 0.04999999999999969746, 1.499999999999999778 ) ) ;
#2805 = PLANE ( 'NONE',  #5591 ) ;
#2806 = VERTEX_POINT ( 'NONE', #6450 ) ;
#2807 = EDGE_CURVE ( 'NONE', #6850, #5946, #5821, .T. ) ;
#2808 = VECTOR ( 'NONE', #4780, 1000.000000000000000 ) ;
#2809 = EDGE_CURVE ( 'NONE', #4008, #5736, #3372, .T. ) ;
#2810 = CYLINDRICAL_SURFACE ( 'NONE', #5966, 0.05000000000000012768 ) ;
#2811 = VERTEX_POINT ( 'NONE', #7080 ) ;
#2812 = EDGE_CURVE ( 'NONE', #7560, #5320, #418, .T. ) ;
#2813 = ORIENTED_EDGE ( 'NONE', *, *, #4311, .T. ) ;
#2814 = VECTOR ( 'NONE', #3126, 1000.000000000000000 ) ;
#2815 = DIRECTION ( 'NONE',  ( -0.000000000000000000, -1.000000000000000000, -0.000000000000000000 ) ) ;
#2816 = DIRECTION ( 'NONE',  ( 0.000000000000000000, 0.000000000000000000, -1.000000000000000000 ) ) ;
#2817 = CARTESIAN_POINT ( 'NONE',  ( -0.3750000000000029421, 0.04999999999999999584, -1.200000000000000178 ) ) ;
#2818 = DIRECTION ( 'NONE',  ( 0.000000000000000000, 1.000000000000000000, 0.000000000000000000 ) ) ;
#2819 = CARTESIAN_POINT ( 'NONE',  ( 0.6250000000000004441, 0.2000000000000000111, 1.499999999999999778 ) ) ;
#2820 = MECHANICAL_DESIGN_GEOMETRIC_PRESENTATION_REPRESENTATION (  '', ( #4455 ), #3191 ) ;
#2821 = EDGE_CURVE ( 'NONE', #4269, #199, #2151, .T. ) ;
#2822 = VERTEX_POINT ( 'NONE', #1673 ) ;
#2823 = DIRECTION ( 'NONE',  ( 0.000000000000000000, 0.000000000000000000, 1.000000000000000000 ) ) ;
#2824 = LINE ( 'NONE', #4043, #3056 ) ;
#2825 = AXIS2_PLACEMENT_3D ( 'NONE', #4750, #6974, #6533 ) ;
#2826 = DIRECTION ( 'NONE',  ( 0.000000000000000000, 0.000000000000000000, 1.000000000000000000 ) ) ;
#2827 = DIRECTION ( 'NONE',  ( 0.000000000000000000, 1.000000000000000000, 0.000000000000000000 ) ) ;
#2828 = ORIENTED_EDGE ( 'NONE', *, *, #2032, .F. ) ;
#2829 = ORIENTED_EDGE ( 'NONE', *, *, #69, .F. ) ;
#2830 =( NAMED_UNIT ( * ) PLANE_ANGLE_UNIT ( ) SI_UNIT ( $, .RADIAN. ) );
#2831 = DIRECTION ( 'NONE',  ( -0.000000000000000000, -1.000000000000000000, -0.000000000000000000 ) ) ;
#2832 = CIRCLE ( 'NONE', #1323, 0.04999999999999980849 ) ;
#2833 = VECTOR ( 'NONE', #2348, 1000.000000000000000 ) ;
#2834 = ORIENTED_EDGE ( 'NONE', *, *, #6074, .T. ) ;
#2835 = DIRECTION ( 'NONE',  ( 1.807003620809173399E-16, -0.000000000000000000, 1.000000000000000000 ) ) ;
#2836 = LINE ( 'NONE', #4095, #6425 ) ;
#2837 =( NAMED_UNIT ( * ) PLANE_ANGLE_UNIT ( ) SI_UNIT ( $, .RADIAN. ) );
#2838 = EDGE_LOOP ( 'NONE', ( #4128, #5856, #1259, #1932 ) ) ;
#2839 = AXIS2_PLACEMENT_3D ( 'NONE', #5436, #6007, #650 ) ;
#2840 = VECTOR ( 'NONE', #5894, 1000.000000000000000 ) ;
#2841 = EDGE_LOOP ( 'NONE', ( #2887, #5796, #3177, #1086, #6576, #3797, #6220, #248, #5085, #3179, #3349, #1366, #3789, #3939, #4433, #4120, #6468, #1182, #2681, #1916 ) ) ;
#2842 = CARTESIAN_POINT ( 'NONE',  ( 1.199999999999999956, 0.04999999999999999584, 0.1749999999999996558 ) ) ;
#2843 = DIRECTION ( 'NONE',  ( 0.000000000000000000, -1.000000000000000000, 0.000000000000000000 ) ) ;
#2844 = AXIS2_PLACEMENT_3D ( 'NONE', #6593, #1233, #7417 ) ;
#2845 = PLANE ( 'NONE',  #4589 ) ;
#2846 = FACE_OUTER_BOUND ( 'NONE', #4783, .T. ) ;
#2847 = FILL_AREA_STYLE_COLOUR ( '', #4333 ) ;
#2848 = LINE ( 'NONE', #3440, #3214 ) ;
#2849 = ORIENTED_EDGE ( 'NONE', *, *, #1551, .T. ) ;
#2850 = VECTOR ( 'NONE', #5144, 1000.000000000000000 ) ;
#2851 = DIRECTION ( 'NONE',  ( 0.000000000000000000, 1.000000000000000000, 0.000000000000000000 ) ) ;
#2852 = ORIENTED_EDGE ( 'NONE', *, *, #7636, .F. ) ;
#2853 = ORIENTED_EDGE ( 'NONE', *, *, #6481, .T. ) ;
#2854 = AXIS2_PLACEMENT_3D ( 'NONE', #6721, #895, #5094 ) ;
#2855 = EDGE_CURVE ( 'NONE', #2920, #6326, #6051, .T. ) ;
#2856 = ADVANCED_FACE ( 'NONE', ( #7670 ), #5748, .F. ) ;
#2857 = ADVANCED_FACE ( 'NONE', ( #6371 ), #2302, .F. ) ;
#2858 = CARTESIAN_POINT ( 'NONE',  ( 1.199999999999999956, 0.2000000000000000111, -0.3250000000000003442 ) ) ;
#2859 = CARTESIAN_POINT ( 'NONE',  ( -1.199999999999999734, 0.2000000000000000111, 0.3750000000000002220 ) ) ;
#2860 = DIRECTION ( 'NONE',  ( 0.000000000000000000, 0.000000000000000000, 1.000000000000000000 ) ) ;
#2861 = PLANE ( 'NONE',  #5711 ) ;
#2862 = ORIENTED_EDGE ( 'NONE', *, *, #7734, .T. ) ;
#2863 = CARTESIAN_POINT ( 'NONE',  ( 1.149999999999999911, 0.2000000000000000111, -0.6750000000000002665 ) ) ;
#2864 = AXIS2_PLACEMENT_3D ( 'NONE', #3192, #1938, #5622 ) ;
#2865 = CARTESIAN_POINT ( 'NONE',  ( -1.199999999999999734, 0.2000000000000000111, -0.1749999999999997391 ) ) ;
#2866 = VECTOR ( 'NONE', #5119, 1000.000000000000000 ) ;
#2867 = DIRECTION ( 'NONE',  ( -0.000000000000000000, -1.000000000000000000, -0.000000000000000000 ) ) ;
#2868 = FACE_OUTER_BOUND ( 'NONE', #6153, .T. ) ;
#2869 = PLANE ( 'NONE',  #1697 ) ;
#2870 = ORIENTED_EDGE ( 'NONE', *, *, #366, .T. ) ;
#2871 = ORIENTED_EDGE ( 'NONE', *, *, #5250, .T. ) ;
#2872 = LINE ( 'NONE', #4050, #768 ) ;
#2873 = ORIENTED_EDGE ( 'NONE', *, *, #4816, .F. ) ;
#2874 = DIRECTION ( 'NONE',  ( 0.000000000000000000, 1.000000000000000000, 0.000000000000000000 ) ) ;
#2875 = CARTESIAN_POINT ( 'NONE',  ( -0.6750000000000024869, 0.2000000000000000111, -1.149999999999999911 ) ) ;
#2876 =( NAMED_UNIT ( * ) SI_UNIT ( $, .STERADIAN. ) SOLID_ANGLE_UNIT ( ) );
#2877 = ORIENTED_EDGE ( 'NONE', *, *, #4349, .T. ) ;
#2878 = ORIENTED_EDGE ( 'NONE', *, *, #3235, .F. ) ;
#2879 = EDGE_CURVE ( 'NONE', #4662, #1547, #4075, .T. ) ;
#2880 = DIRECTION ( 'NONE',  ( -1.000000000000000000, 0.000000000000000000, -0.000000000000000000 ) ) ;
#2881 = CARTESIAN_POINT ( 'NONE',  ( 0.1249999999999800576, 0.2000000000000000111, -1.500000000000000000 ) ) ;
#2882 = DIRECTION ( 'NONE',  ( 7.697835424647134493E-14, 0.000000000000000000, 1.000000000000000000 ) ) ;
#2883 = DIRECTION ( 'NONE',  ( 0.000000000000000000, -0.000000000000000000, 1.000000000000000000 ) ) ;
#2884 = SURFACE_STYLE_USAGE ( .BOTH. , #1664 ) ;
#2885 = CIRCLE ( 'NONE', #5874, 0.04999999999999991257 ) ;
#2886 = CARTESIAN_POINT ( 'NONE',  ( -0.6750000000000024869, 0.2000000000000000111, -1.200000000000000178 ) ) ;
#2887 = ORIENTED_EDGE ( 'NONE', *, *, #2234, .T. ) ;
#2888 = DIRECTION ( 'NONE',  ( 0.000000000000000000, -1.000000000000000000, 0.000000000000000000 ) ) ;
#2890 = ORIENTED_EDGE ( 'NONE', *, *, #5006, .T. ) ;
#2889 = ORIENTED_EDGE ( 'NONE', *, *, #7447, .F. ) ;
#2891 = DIRECTION ( 'NONE',  ( 0.000000000000000000, -1.000000000000000000, 0.000000000000000000 ) ) ;
#2892 = DIRECTION ( 'NONE',  ( 0.000000000000000000, -1.000000000000000000, 0.000000000000000000 ) ) ;
#2893 = PLANE ( 'NONE',  #5218 ) ;
#2894 = DIRECTION ( 'NONE',  ( 1.000000000000000000, 0.000000000000000000, -1.807003620809173399E-16 ) ) ;
#2895 = DIRECTION ( 'NONE',  ( 0.000000000000000000, 0.000000000000000000, 1.000000000000000000 ) ) ;
#2896 = EDGE_CURVE ( 'NONE', #2586, #5872, #3956, .T. ) ;
#2897 = EDGE_CURVE ( 'NONE', #1749, #5984, #3568, .T. ) ;
#2898 = ADVANCED_FACE ( 'NONE', ( #5862 ), #1554, .F. ) ;
#2899 = DIRECTION ( 'NONE',  ( 0.000000000000000000, 0.000000000000000000, -1.000000000000000000 ) ) ;
#2900 = DIRECTION ( 'NONE',  ( -2.891205793294679332E-14, 0.000000000000000000, -1.000000000000000000 ) ) ;
#2901 = CARTESIAN_POINT ( 'NONE',  ( -1.199999999999999956, 0.000000000000000000, -0.8749999999999997780 ) ) ;
#2902 = LINE ( 'NONE', #5942, #4828 ) ;
#2903 = VERTEX_POINT ( 'NONE', #1009 ) ;
#2904 = VERTEX_POINT ( 'NONE', #4037 ) ;
#2905 = EDGE_CURVE ( 'NONE', #7425, #7538, #5782, .T. ) ;
#2906 = ADVANCED_FACE ( 'NONE', ( #5210 ), #464, .F. ) ;
#2907 = DIRECTION ( 'NONE',  ( 0.000000000000000000, -0.000000000000000000, 1.000000000000000000 ) ) ;
#2908 = ADVANCED_FACE ( 'NONE', ( #4117 ), #3521, .T. ) ;
#2909 = ORIENTED_EDGE ( 'NONE', *, *, #7516, .T. ) ;
#2910 = DIRECTION ( 'NONE',  ( 0.000000000000000000, 0.000000000000000000, 1.000000000000000000 ) ) ;
#2911 = ORIENTED_EDGE ( 'NONE', *, *, #4508, .F. ) ;
#2912 = ORIENTED_EDGE ( 'NONE', *, *, #4843, .F. ) ;
#2913 = LINE ( 'NONE', #7105, #6605 ) ;
#2914 = DIRECTION ( 'NONE',  ( 0.000000000000000000, 1.000000000000000000, 0.000000000000000000 ) ) ;
#2915 = LINE ( 'NONE', #1191, #2708 ) ;
#2916 = EDGE_CURVE ( 'NONE', #5098, #5011, #6676, .T. ) ;
#2917 = CARTESIAN_POINT ( 'NONE',  ( -0.8250000000000027311, 0.000000000000000000, -1.149999999999999467 ) ) ;
#2918 = SURFACE_SIDE_STYLE ('',( #3064 ) ) ;
#2919 = CARTESIAN_POINT ( 'NONE',  ( -0.8750000000000026645, 0.2000000000000000111, -1.500000000000000000 ) ) ;
#2920 = VERTEX_POINT ( 'NONE', #1314 ) ;
#2921 = CARTESIAN_POINT ( 'NONE',  ( -1.199999999999999734, 0.2000000000000000111, 0.1750000000000000999 ) ) ;
#2922 = VECTOR ( 'NONE', #2640, 1000.000000000000000 ) ;
#2924 = ORIENTED_EDGE ( 'NONE', *, *, #163, .T. ) ;
#2923 = VERTEX_POINT ( 'NONE', #62 ) ;
#2925 = FACE_OUTER_BOUND ( 'NONE', #2011, .T. ) ;
#2926 = CARTESIAN_POINT ( 'NONE',  ( -0.6250000000000026645, 0.000000000000000000, -1.500000000000000000 ) ) ;
#2927 = VECTOR ( 'NONE', #5455, 1000.000000000000000 ) ;
#2928 = CARTESIAN_POINT ( 'NONE',  ( -0.1250000000000026090, 0.2000000000000000111, -1.200000000000000178 ) ) ;
#2929 = LINE ( 'NONE', #1756, #2833 ) ;
#2930 = DIRECTION ( 'NONE',  ( 0.000000000000000000, 1.000000000000000000, 0.000000000000000000 ) ) ;
#2931 = CIRCLE ( 'NONE', #1804, 0.04999999999999980849 ) ;
#2932 = CARTESIAN_POINT ( 'NONE',  ( 0.000000000000000000, 0.05000000000000000278, 1.149999999999999689 ) ) ;
#2933 = EDGE_CURVE ( 'NONE', #2806, #4733, #7706, .T. ) ;
#2934 = CARTESIAN_POINT ( 'NONE',  ( 1.199999999999999956, 0.2000000000000000111, 0.1749999999999996558 ) ) ;
#2935 = DIRECTION ( 'NONE',  ( -1.000000000000000000, 0.000000000000000000, 0.000000000000000000 ) ) ;
#2936 = FACE_OUTER_BOUND ( 'NONE', #1124, .T. ) ;
#2937 = EDGE_LOOP ( 'NONE', ( #1146, #5768, #1113, #535, #7650, #6851 ) ) ;
#2938 = DIRECTION ( 'NONE',  ( 0.000000000000000000, 0.000000000000000000, 1.000000000000000000 ) ) ;
#2939 = VECTOR ( 'NONE', #6278, 1000.000000000000000 ) ;
#2940 = EDGE_LOOP ( 'NONE', ( #5638, #7565, #5687, #709 ) ) ;
#2941 = ORIENTED_EDGE ( 'NONE', *, *, #6214, .F. ) ;
#2942 = ORIENTED_EDGE ( 'NONE', *, *, #7275, .T. ) ;
#2943 = AXIS2_PLACEMENT_3D ( 'NONE', #1524, #1446, #3806 ) ;
#2944 = VECTOR ( 'NONE', #1038, 1000.000000000000000 ) ;
#2945 = DIRECTION ( 'NONE',  ( -1.000000000000000000, 0.000000000000000000, 0.000000000000000000 ) ) ;
#2946 = EDGE_CURVE ( 'NONE', #3514, #2650, #3598, .T. ) ;
#2947 = CARTESIAN_POINT ( 'NONE',  ( -0.8749999999999995559, 0.2000000000000000111, 1.499999999999999778 ) ) ;
#2948 = ADVANCED_FACE ( 'NONE', ( #6635 ), #4739, .F. ) ;
#2949 = EDGE_CURVE ( 'NONE', #98, #5986, #100, .T. ) ;
#2950 = EDGE_CURVE ( 'NONE', #929, #1213, #3632, .T. ) ;
#2951 = SURFACE_STYLE_FILL_AREA ( #5877 ) ;
#2952 = VERTEX_POINT ( 'NONE', #2968 ) ;
#2953 = ORIENTED_EDGE ( 'NONE', *, *, #7224, .T. ) ;
#2954 = AXIS2_PLACEMENT_3D ( 'NONE', #2711, #5149, #3851 ) ;
#2955 = CIRCLE ( 'NONE', #6564, 0.04999999999999980849 ) ;
#2956 = CARTESIAN_POINT ( 'NONE',  ( -1.499999999999999778, 0.000000000000000000, -0.1249999999999997641 ) ) ;
#2957 = PLANE ( 'NONE',  #1706 ) ;
#2958 = VECTOR ( 'NONE', #1275, 1000.000000000000000 ) ;
#2960 = PLANE ( 'NONE',  #1917 ) ;
#2959 = AXIS2_PLACEMENT_3D ( 'NONE', #6665, #765, #7223 ) ;
#2961 = PLANE ( 'NONE',  #2723 ) ;
#2962 =( NAMED_UNIT ( * ) SI_UNIT ( $, .STERADIAN. ) SOLID_ANGLE_UNIT ( ) );
#2963 = CIRCLE ( 'NONE', #4352, 0.05000000000000012768 ) ;
#2964 = EDGE_CURVE ( 'NONE', #1287, #2754, #3040, .T. ) ;
#2965 = VERTEX_POINT ( 'NONE', #1864 ) ;
#2966 = VECTOR ( 'NONE', #4181, 1000.000000000000000 ) ;
#2967 = CYLINDRICAL_SURFACE ( 'NONE', #2693, 0.05000000000000012768 ) ;
#2968 = CARTESIAN_POINT ( 'NONE',  ( -1.499999999999999556, 0.000000000000000000, 0.8750000000000003331 ) ) ;
#2969 = DIRECTION ( 'NONE',  ( 0.000000000000000000, 0.000000000000000000, -1.000000000000000000 ) ) ;
#2970 = DIRECTION ( 'NONE',  ( -1.000000000000000000, 0.000000000000000000, 3.614007241618346799E-16 ) ) ;
#2971 = VERTEX_POINT ( 'NONE', #2345 ) ;
#2972 = CARTESIAN_POINT ( 'NONE',  ( -1.199999999999999734, 0.2000000000000000111, 0.3250000000000002887 ) ) ;
#2973 = ORIENTED_EDGE ( 'NONE', *, *, #6696, .F. ) ;
#2974 = EDGE_CURVE ( 'NONE', #5475, #1649, #679, .T. ) ;
#2975 = VECTOR ( 'NONE', #2797, 1000.000000000000000 ) ;
#2976 = PLANE ( 'NONE',  #6785 ) ;
#2977 = DIRECTION ( 'NONE',  ( -1.000000000000000000, 0.000000000000000000, 0.000000000000000000 ) ) ;
#2978 = DIRECTION ( 'NONE',  ( 0.000000000000000000, -1.000000000000000000, 0.000000000000000000 ) ) ;
#2979 = DIRECTION ( 'NONE',  ( 0.000000000000000000, -0.000000000000000000, 1.000000000000000000 ) ) ;
#2980 = ORIENTED_EDGE ( 'NONE', *, *, #2577, .T. ) ;
#2981 = AXIS2_PLACEMENT_3D ( 'NONE', #1013, #3524, #7557 ) ;
#2982 = DIRECTION ( 'NONE',  ( 0.000000000000000000, 0.000000000000000000, 1.000000000000000000 ) ) ;
#2983 = ORIENTED_EDGE ( 'NONE', *, *, #642, .F. ) ;
#2984 = ORIENTED_EDGE ( 'NONE', *, *, #4745, .T. ) ;
#2985 = EDGE_LOOP ( 'NONE', ( #6138, #4308, #6729, #6772 ) ) ;
#2986 = VERTEX_POINT ( 'NONE', #4153 ) ;
#2987 = COLOUR_RGB ( '',1.000000000000000000, 1.000000000000000000, 1.000000000000000000 ) ;
#2988 = CARTESIAN_POINT ( 'NONE',  ( -1.149999999999999911, 0.2000000000000000111, -0.8249999999999998446 ) ) ;
#2989 = SURFACE_STYLE_FILL_AREA ( #3649 ) ;
#2990 = ORIENTED_EDGE ( 'NONE', *, *, #4299, .T. ) ;
#2991 = ORIENTED_EDGE ( 'NONE', *, *, #5764, .F. ) ;
#2992 = VECTOR ( 'NONE', #2635, 1000.000000000000000 ) ;
#2993 = CARTESIAN_POINT ( 'NONE',  ( -0.8749999999999996669, 0.2000000000000000111, 1.199999999999999734 ) ) ;
#2994 = LINE ( 'NONE', #4330, #4889 ) ;
#2995 = ADVANCED_FACE ( 'NONE', ( #2413 ), #1901, .F. ) ;
#2996 = EDGE_CURVE ( 'NONE', #4146, #3383, #7270, .T. ) ;
#2997 = EDGE_CURVE ( 'NONE', #2920, #4912, #6006, .T. ) ;
#2998 = FACE_OUTER_BOUND ( 'NONE', #3572, .T. ) ;
#2999 = DIRECTION ( 'NONE',  ( 0.000000000000000000, 1.000000000000000000, 0.000000000000000000 ) ) ;
#3000 = CARTESIAN_POINT ( 'NONE',  ( -0.1249999999999996531, 0.2000000000000000111, 1.499999999999999778 ) ) ;
#3001 = CARTESIAN_POINT ( 'NONE',  ( -0.1250000000000112688, 0.2000000000000000111, -1.500000000000000000 ) ) ;
#3002 = CLOSED_SHELL ( 'NONE', ( #1219, #4747, #2233, #112 ) ) ;
#3003 = ORIENTED_EDGE ( 'NONE', *, *, #1281, .F. ) ;
#3004 = CYLINDRICAL_SURFACE ( 'NONE', #4332, 0.04999999999999980849 ) ;
#3005 = LINE ( 'NONE', #5399, #1308 ) ;
#3006 = CARTESIAN_POINT ( 'NONE',  ( 0.1749999999999973244, 0.2000000000000000111, -1.200000000000000178 ) ) ;
#3007 = LINE ( 'NONE', #5401, #1205 ) ;
#3008 = ORIENTED_EDGE ( 'NONE', *, *, #5582, .T. ) ;
#3009 = FACE_OUTER_BOUND ( 'NONE', #3239, .T. ) ;
#3010 = AXIS2_PLACEMENT_3D ( 'NONE', #1778, #3696, #3740 ) ;
#3011 = CARTESIAN_POINT ( 'NONE',  ( -0.6250000000000026645, 0.2000000000000000111, -1.200000000000000178 ) ) ;
#3012 = EDGE_CURVE ( 'NONE', #618, #2293, #7157, .T. ) ;
#3013 = EDGE_CURVE ( 'NONE', #1375, #5990, #2454, .T. ) ;
#3014 = CYLINDRICAL_SURFACE ( 'NONE', #4440, 0.05000000000000012768 ) ;
#3015 = MECHANICAL_DESIGN_GEOMETRIC_PRESENTATION_REPRESENTATION (  '', ( #2510 ), #5022 ) ;
#3016 = DIRECTION ( 'NONE',  ( 0.000000000000000000, 1.000000000000000000, 0.000000000000000000 ) ) ;
#3017 = CARTESIAN_POINT ( 'NONE',  ( 1.500000000000000000, 0.2000000000000000111, -0.8750000000000003331 ) ) ;
#3018 = ORIENTED_EDGE ( 'NONE', *, *, #6276, .T. ) ;
#3019 = DIRECTION ( 'NONE',  ( -1.807003620809173399E-16, 0.000000000000000000, -1.000000000000000000 ) ) ;
#3020 = ORIENTED_EDGE ( 'NONE', *, *, #4174, .T. ) ;
#3021 = ORIENTED_EDGE ( 'NONE', *, *, #2964, .F. ) ;
#3022 = VECTOR ( 'NONE', #2945, 1000.000000000000000 ) ;
#3023 = ORIENTED_EDGE ( 'NONE', *, *, #3431, .F. ) ;
#3024 = DIRECTION ( 'NONE',  ( 0.000000000000000000, 1.000000000000000000, 0.000000000000000000 ) ) ;
#3025 = SURFACE_STYLE_FILL_AREA ( #1067 ) ;
#3026 = ORIENTED_EDGE ( 'NONE', *, *, #4347, .T. ) ;
#3027 = ORIENTED_EDGE ( 'NONE', *, *, #6337, .T. ) ;
#3028 = LINE ( 'NONE', #4136, #6860 ) ;
#3029 = CARTESIAN_POINT ( 'NONE',  ( 0.3249999999999975131, 0.2000000000000000111, -1.149999999999999911 ) ) ;
#3030 = DIRECTION ( 'NONE',  ( 0.000000000000000000, -1.000000000000000000, 0.000000000000000000 ) ) ;
#3031 = DIRECTION ( 'NONE',  ( -1.000000000000000000, 0.000000000000000000, 1.807003620809173399E-16 ) ) ;
#3032 = EDGE_CURVE ( 'NONE', #6691, #3255, #6521, .T. ) ;
#3033 = DIRECTION ( 'NONE',  ( 0.000000000000000000, 1.000000000000000000, 0.000000000000000000 ) ) ;
#3034 = LINE ( 'NONE', #4145, #357 ) ;
#3035 = ORIENTED_EDGE ( 'NONE', *, *, #2002, .T. ) ;
#3036 = EDGE_LOOP ( 'NONE', ( #3280, #2224, #2194, #6489 ) ) ;
#3037 = VECTOR ( 'NONE', #3720, 1000.000000000000000 ) ;
#3038 = CARTESIAN_POINT ( 'NONE',  ( 1.500000000000000000, 0.000000000000000000, -0.3750000000000003331 ) ) ;
#3039 = ADVANCED_FACE ( 'NONE', ( #7744 ), #1786, .F. ) ;
#3040 = LINE ( 'NONE', #736, #2814 ) ;
#3041 = EDGE_CURVE ( 'NONE', #7469, #6068, #3005, .T. ) ;
#3042 = EDGE_CURVE ( 'NONE', #138, #7654, #3667, .T. ) ;
#3043 = PLANE ( 'NONE',  #7089 ) ;
#3044 = CARTESIAN_POINT ( 'NONE',  ( 0.8750000000000003331, 0.2000000000000000111, 1.199999999999999734 ) ) ;
#3045 = ORIENTED_EDGE ( 'NONE', *, *, #5163, .T. ) ;
#3046 = AXIS2_PLACEMENT_3D ( 'NONE', #1576, #1459, #3228 ) ;
#3047 = CARTESIAN_POINT ( 'NONE',  ( 1.500000000000000000, 0.000000000000000000, -0.6250000000000003331 ) ) ;
#3048 = VECTOR ( 'NONE', #6301, 1000.000000000000000 ) ;
#3049 = LINE ( 'NONE', #106, #4423 ) ;
#3050 = LINE ( 'NONE', #6053, #674 ) ;
#3051 = LINE ( 'NONE', #747, #3583 ) ;
#3052 = CARTESIAN_POINT ( 'NONE',  ( -0.1249999999999997086, 0.000000000000000000, 1.199999999999999734 ) ) ;
#3053 = ORIENTED_EDGE ( 'NONE', *, *, #137, .F. ) ;
#3054 = CARTESIAN_POINT ( 'NONE',  ( -0.8250000000000027311, 0.2000000000000000111, -1.200000000000000178 ) ) ;
#3055 = VERTEX_POINT ( 'NONE', #4419 ) ;
#3056 = VECTOR ( 'NONE', #4085, 1000.000000000000000 ) ;
#3057 = VERTEX_POINT ( 'NONE', #5662 ) ;
#3058 = EDGE_CURVE ( 'NONE', #1812, #5641, #6941, .T. ) ;
#3059 = EDGE_LOOP ( 'NONE', ( #560, #4192, #2632, #4594 ) ) ;
#3060 = DIRECTION ( 'NONE',  ( -1.000000000000000000, 0.000000000000000000, 0.000000000000000000 ) ) ;
#3061 = LINE ( 'NONE', #3689, #4934 ) ;
#3062 = VECTOR ( 'NONE', #853, 1000.000000000000000 ) ;
#3063 =( NAMED_UNIT ( * ) SI_UNIT ( $, .STERADIAN. ) SOLID_ANGLE_UNIT ( ) );
#3064 = SURFACE_STYLE_FILL_AREA ( #4254 ) ;
#3065 = ORIENTED_EDGE ( 'NONE', *, *, #1176, .T. ) ;
#3066 = ORIENTED_EDGE ( 'NONE', *, *, #1381, .T. ) ;
#3067 = EDGE_LOOP ( 'NONE', ( #7342, #5879, #3767, #6797 ) ) ;
#3068 = CARTESIAN_POINT ( 'NONE',  ( 1.199999999999999734, 0.2000000000000000111, -0.8250000000000003997 ) ) ;
#3069 = CARTESIAN_POINT ( 'NONE',  ( -0.6750000000000024869, 0.2000000000000000111, -1.200000000000000178 ) ) ;
#3070 = AXIS2_PLACEMENT_3D ( 'NONE', #2858, #5747, #383 ) ;
#3071 = EDGE_CURVE ( 'NONE', #4269, #5069, #1809, .T. ) ;
#3072 = VECTOR ( 'NONE', #5245, 1000.000000000000000 ) ;
#3073 = CARTESIAN_POINT ( 'NONE',  ( 1.149999999999999911, 0.2000000000000000111, -0.6750000000000002665 ) ) ;
#3074 = LINE ( 'NONE', #1304, #43 ) ;
#3075 = ORIENTED_EDGE ( 'NONE', *, *, #6045, .T. ) ;
#3076 = VECTOR ( 'NONE', #7205, 1000.000000000000000 ) ;
#3077 = CARTESIAN_POINT ( 'NONE',  ( -1.199999999999999734, 0.2000000000000000111, -0.6749999999999997113 ) ) ;
#3078 = VECTOR ( 'NONE', #183, 1000.000000000000000 ) ;
#3079 = ORIENTED_EDGE ( 'NONE', *, *, #6285, .T. ) ;
#3080 = VECTOR ( 'NONE', #2444, 1000.000000000000000 ) ;
#3081 = DIRECTION ( 'NONE',  ( 0.000000000000000000, 1.000000000000000000, 0.000000000000000000 ) ) ;
#3082 = CYLINDRICAL_SURFACE ( 'NONE', #458, 0.04999999999999980849 ) ;
#3083 = VERTEX_POINT ( 'NONE', #2056 ) ;
#3084 = DIRECTION ( 'NONE',  ( -1.000000000000000000, 0.000000000000000000, 0.000000000000000000 ) ) ;
#3085 = VERTEX_POINT ( 'NONE', #2688 ) ;
#3086 = COLOUR_RGB ( '',0.7921568627450980005, 0.8196078431372548767, 0.9333333333333333481 ) ;
#3087 = VECTOR ( 'NONE', #6449, 1000.000000000000000 ) ;
#3088 = LINE ( 'NONE', #1832, #2101 ) ;
#3089 = ORIENTED_EDGE ( 'NONE', *, *, #7647, .T. ) ;
#3090 = ADVANCED_FACE ( 'NONE', ( #2102 ), #140, .F. ) ;
#3091 = EDGE_CURVE ( 'NONE', #7196, #905, #2689, .T. ) ;
#3092 = EDGE_CURVE ( 'NONE', #1090, #4622, #174, .T. ) ;
#3093 = ADVANCED_FACE ( 'NONE', ( #3749 ), #5045, .F. ) ;
#3094 = AXIS2_PLACEMENT_3D ( 'NONE', #5202, #7543, #2144 ) ;
#3095 = CARTESIAN_POINT ( 'NONE',  ( 1.149999999999999911, 0.2000000000000000111, -0.8250000000000003997 ) ) ;
#3096 = DIRECTION ( 'NONE',  ( -2.891205793294679332E-14, -0.000000000000000000, -1.000000000000000000 ) ) ;
#3097 = DIRECTION ( 'NONE',  ( -8.673617379884037996E-14, 0.000000000000000000, -1.000000000000000000 ) ) ;
#3098 = CARTESIAN_POINT ( 'NONE',  ( 1.199999999999999734, 0.2000000000000000111, -0.6750000000000002665 ) ) ;
#3099 = DIRECTION ( 'NONE',  ( 0.000000000000000000, 0.000000000000000000, -1.000000000000000000 ) ) ;
#3100 = EDGE_LOOP ( 'NONE', ( #2364, #4981, #824, #6126 ) ) ;
#3101 = VECTOR ( 'NONE', #3293, 1000.000000000000000 ) ;
#3102 = EDGE_LOOP ( 'NONE', ( #6640, #2187, #5451, #2545 ) ) ;
#3103 = EDGE_LOOP ( 'NONE', ( #588, #2063, #3865, #440 ) ) ;
#3104 = ORIENTED_EDGE ( 'NONE', *, *, #3405, .F. ) ;
#3105 = CYLINDRICAL_SURFACE ( 'NONE', #3526, 0.05000000000000012768 ) ;
#3106 = VECTOR ( 'NONE', #179, 1000.000000000000000 ) ;
#3107 = DIRECTION ( 'NONE',  ( 1.000000000000000000, 0.000000000000000000, -1.807003620809173153E-16 ) ) ;
#3108 = DIRECTION ( 'NONE',  ( -0.000000000000000000, -1.000000000000000000, -0.000000000000000000 ) ) ;
#3109 = FACE_OUTER_BOUND ( 'NONE', #6082, .T. ) ;
#3110 = ORIENTED_EDGE ( 'NONE', *, *, #7013, .F. ) ;
#3111 = EDGE_LOOP ( 'NONE', ( #5236, #117, #322, #4888, #3201 ) ) ;
#3112 = ORIENTED_EDGE ( 'NONE', *, *, #2713, .T. ) ;
#3113 = LINE ( 'NONE', #3180, #4124 ) ;
#3114 = CARTESIAN_POINT ( 'NONE',  ( 0.1250000000000003608, 0.2000000000000000111, 1.499999999999999778 ) ) ;
#3115 = VECTOR ( 'NONE', #3903, 1000.000000000000114 ) ;
#3116 = LINE ( 'NONE', #1893, #4968 ) ;
#3117 = DIRECTION ( 'NONE',  ( 8.673617379884037996E-14, 0.000000000000000000, 1.000000000000000000 ) ) ;
#3118 = EDGE_CURVE ( 'NONE', #2661, #6892, #2570, .T. ) ;
#3119 = PRODUCT_DEFINITION_FORMATION_WITH_SPECIFIED_SOURCE ( 'ANY', '', #2007, .NOT_KNOWN. ) ;
#3120 = ORIENTED_EDGE ( 'NONE', *, *, #5881, .T. ) ;
#3121 = EDGE_CURVE ( 'NONE', #4047, #3518, #927, .T. ) ;
#3122 = LINE ( 'NONE', #4340, #2343 ) ;
#3123 = CYLINDRICAL_SURFACE ( 'NONE', #2864, 0.04999999999999980849 ) ;
#3124 = ORIENTED_EDGE ( 'NONE', *, *, #4534, .T. ) ;
#3125 = EDGE_LOOP ( 'NONE', ( #6614, #6890, #2524, #7283 ) ) ;
#3126 = DIRECTION ( 'NONE',  ( -1.000000000000000000, -0.000000000000000000, -0.000000000000000000 ) ) ;
#3127 = DIRECTION ( 'NONE',  ( -1.000000000000000000, 0.000000000000000000, -0.000000000000000000 ) ) ;
#3128 = VERTEX_POINT ( 'NONE', #6122 ) ;
#3129 = LINE ( 'NONE', #5480, #6350 ) ;
#3130 = DIRECTION ( 'NONE',  ( 7.697835424647134493E-14, -0.000000000000000000, 1.000000000000000000 ) ) ;
#3131 = CARTESIAN_POINT ( 'NONE',  ( 0.1749999999999973244, 0.2000000000000000111, -1.149999999999999467 ) ) ;
#3132 = DIRECTION ( 'NONE',  ( -1.000000000000000000, -0.000000000000000000, 3.614007241618346306E-16 ) ) ;
#3133 = CARTESIAN_POINT ( 'NONE',  ( -0.8750000000000000000, 0.2000000000000000111, -0.6750000000000000444 ) ) ;
#3134 = EDGE_LOOP ( 'NONE', ( #797, #1715, #1896, #760 ) ) ;
#3135 = EDGE_CURVE ( 'NONE', #5157, #3294, #3908, .T. ) ;
#3136 = ADVANCED_FACE ( 'NONE', ( #2529 ), #3787, .T. ) ;
#3137 = CYLINDRICAL_SURFACE ( 'NONE', #5359, 0.04999999999999991257 ) ;
#3138 = AXIS2_PLACEMENT_3D ( 'NONE', #1301, #5466, #1888 ) ;
#3139 = ORIENTED_EDGE ( 'NONE', *, *, #1891, .F. ) ;
#3140 = PRODUCT_DEFINITION_SHAPE ( 'NONE', 'NONE',  #5956 ) ;
#3141 = ORIENTED_EDGE ( 'NONE', *, *, #7711, .F. ) ;
#3142 = DIRECTION ( 'NONE',  ( 0.000000000000000000, -0.000000000000000000, 1.000000000000000000 ) ) ;
#3143 = AXIS2_PLACEMENT_3D ( 'NONE', #2756, #2315, #5153 ) ;
#3144 = DIRECTION ( 'NONE',  ( 0.000000000000000000, -1.000000000000000000, 0.000000000000000000 ) ) ;
#3145 = PRESENTATION_STYLE_ASSIGNMENT (( #4283 ) ) ;
#3146 = ORIENTED_EDGE ( 'NONE', *, *, #368, .T. ) ;
#3147 = EDGE_CURVE ( 'NONE', #7375, #5990, #1353, .T. ) ;
#3148 = EDGE_CURVE ( 'NONE', #425, #125, #1686, .T. ) ;
#3149 = ORIENTED_EDGE ( 'NONE', *, *, #550, .F. ) ;
#3150 = EDGE_CURVE ( 'NONE', #4144, #98, #810, .T. ) ;
#3151 = DIRECTION ( 'NONE',  ( -0.000000000000000000, -1.000000000000000000, -0.000000000000000000 ) ) ;
#3152 = DIRECTION ( 'NONE',  ( 0.000000000000000000, 1.000000000000000000, 0.000000000000000000 ) ) ;
#3153 = AXIS2_PLACEMENT_3D ( 'NONE', #1402, #869, #3345 ) ;
#3154 = LINE ( 'NONE', #1856, #3203 ) ;
#3155 = LINE ( 'NONE', #4222, #3167 ) ;
#3156 = ORIENTED_EDGE ( 'NONE', *, *, #1192, .T. ) ;
#3157 = CARTESIAN_POINT ( 'NONE',  ( -0.8750000000000026645, 0.04999999999999999584, -1.500000000000000000 ) ) ;
#3158 = CARTESIAN_POINT ( 'NONE',  ( -0.6249999999999996669, 0.2000000000000000111, 1.199999999999999734 ) ) ;
#3159 = ADVANCED_FACE ( 'NONE', ( #219 ), #6792, .F. ) ;
#3160 = VERTEX_POINT ( 'NONE', #3241 ) ;
#3161 = DIRECTION ( 'NONE',  ( -1.000000000000000000, 0.000000000000000000, 1.807003620809173153E-16 ) ) ;
#3162 = DIRECTION ( 'NONE',  ( 0.000000000000000000, 1.000000000000000000, 0.000000000000000000 ) ) ;
#3163 = ORIENTED_EDGE ( 'NONE', *, *, #870, .T. ) ;
#3164 = DIRECTION ( 'NONE',  ( 0.000000000000000000, 0.000000000000000000, 1.000000000000000000 ) ) ;
#3165 = VECTOR ( 'NONE', #6529, 1000.000000000000000 ) ;
#3166 = LINE ( 'NONE', #5141, #5321 ) ;
#3167 = VECTOR ( 'NONE', #4293, 1000.000000000000000 ) ;
#3168 = DIRECTION ( 'NONE',  ( 0.000000000000000000, 0.000000000000000000, 1.000000000000000000 ) ) ;
#3169 = LINE ( 'NONE', #6570, #1074 ) ;
#3170 = ORIENTED_EDGE ( 'NONE', *, *, #3594, .F. ) ;
#3171 = CARTESIAN_POINT ( 'NONE',  ( -0.3250000000000026756, 0.2000000000000000111, -1.149999999999999467 ) ) ;
#3172 = VERTEX_POINT ( 'NONE', #4462 ) ;
#3173 = EDGE_LOOP ( 'NONE', ( #5344, #933, #7268, #3222, #5294, #4243 ) ) ;
#3174 = FACE_OUTER_BOUND ( 'NONE', #5107, .T. ) ;
#3175 = DIRECTION ( 'NONE',  ( -1.000000000000000000, 0.000000000000000000, 0.000000000000000000 ) ) ;
#3176 = PLANE ( 'NONE',  #1704 ) ;
#3177 = ORIENTED_EDGE ( 'NONE', *, *, #187, .F. ) ;
#3178 = CIRCLE ( 'NONE', #2185, 0.04999999999999991257 ) ;
#3179 = ORIENTED_EDGE ( 'NONE', *, *, #1892, .T. ) ;
#3180 = CARTESIAN_POINT ( 'NONE',  ( -1.499999999999999778, 0.2000000000000000111, 0.1250000000000002498 ) ) ;
#3181 = DIRECTION ( 'NONE',  ( -0.000000000000000000, -1.000000000000000000, -0.000000000000000000 ) ) ;
#3182 = EDGE_CURVE ( 'NONE', #6295, #952, #257, .T. ) ;
#3183 = VECTOR ( 'NONE', #6962, 1000.000000000000000 ) ;
#3184 = ADVANCED_FACE ( 'NONE', ( #1470 ), #3874, .T. ) ;
#3185 = EDGE_CURVE ( 'NONE', #4634, #1292, #2291, .T. ) ;
#3186 = PLANE ( 'NONE',  #6633 ) ;
#3187 = PLANE ( 'NONE',  #4927 ) ;
#3188 = LINE ( 'NONE', #7120, #3840 ) ;
#3189 = ORIENTED_EDGE ( 'NONE', *, *, #309, .T. ) ;
#3190 = CYLINDRICAL_SURFACE ( 'NONE', #342, 0.05000000000000012768 ) ;
#3191 =( GEOMETRIC_REPRESENTATION_CONTEXT ( 3 ) GLOBAL_UNCERTAINTY_ASSIGNED_CONTEXT ( ( #2333 ) ) GLOBAL_UNIT_ASSIGNED_CONTEXT ( ( #3650, #2435, #7327 ) ) REPRESENTATION_CONTEXT ( 'NONE', 'WORKASPACE' ) );
#3192 = CARTESIAN_POINT ( 'NONE',  ( 1.199999999999999734, 0.2000000000000000111, -0.8250000000000003997 ) ) ;
#3193 = ORIENTED_EDGE ( 'NONE', *, *, #4940, .T. ) ;
#3194 = PLANE ( 'NONE',  #3630 ) ;
#3195 = ORIENTED_EDGE ( 'NONE', *, *, #3092, .T. ) ;
#3196 = AXIS2_PLACEMENT_3D ( 'NONE', #2424, #77, #5485 ) ;
#3197 = CARTESIAN_POINT ( 'NONE',  ( -1.499999999999999778, 0.04999999999999969746, -1.500000000000000222 ) ) ;
#3198 = DIRECTION ( 'NONE',  ( -0.000000000000000000, 0.000000000000000000, 1.000000000000000000 ) ) ;
#3199 = EDGE_LOOP ( 'NONE', ( #5040, #7243, #911, #786 ) ) ;
#3200 = DIRECTION ( 'NONE',  ( 1.000000000000000000, 0.000000000000000000, -1.807003620809173399E-16 ) ) ;
#3201 = ORIENTED_EDGE ( 'NONE', *, *, #7732, .F. ) ;
#3202 = VECTOR ( 'NONE', #6015, 1000.000000000000000 ) ;
#3203 = VECTOR ( 'NONE', #3030, 1000.000000000000000 ) ;
#3204 = ORIENTED_EDGE ( 'NONE', *, *, #4676, .T. ) ;
#3205 = CIRCLE ( 'NONE', #7712, 0.04999999999999991257 ) ;
#3206 = CARTESIAN_POINT ( 'NONE',  ( -1.199999999999999734, 0.2000000000000000111, 0.3750000000000002220 ) ) ;
#3207 = VECTOR ( 'NONE', #6990, 1000.000000000000000 ) ;
#3208 = LINE ( 'NONE', #5053, #4466 ) ;
#3209 = CARTESIAN_POINT ( 'NONE',  ( -0.3250000000000026756, 0.2000000000000000111, -1.200000000000000178 ) ) ;
#3210 = ORIENTED_EDGE ( 'NONE', *, *, #4348, .T. ) ;
#3211 = ADVANCED_FACE ( 'NONE', ( #377 ), #3364, .F. ) ;
#3212 = LINE ( 'NONE', #865, #7602 ) ;
#3213 = VERTEX_POINT ( 'NONE', #411 ) ;
#3214 = VECTOR ( 'NONE', #7663, 1000.000000000000000 ) ;
#3215 = ORIENTED_EDGE ( 'NONE', *, *, #6481, .F. ) ;
#3216 = DIRECTION ( 'NONE',  ( 0.000000000000000000, -0.000000000000000000, 1.000000000000000000 ) ) ;
#3217 = LINE ( 'NONE', #3346, #4807 ) ;
#3218 = FACE_OUTER_BOUND ( 'NONE', #7229, .T. ) ;
#3219 = CARTESIAN_POINT ( 'NONE',  ( 1.500000000000000000, 0.2000000000000000111, -0.1250000000000002776 ) ) ;
#3220 = ORIENTED_EDGE ( 'NONE', *, *, #5994, .T. ) ;
#3221 = VECTOR ( 'NONE', #1993, 1000.000000000000000 ) ;
#3222 = ORIENTED_EDGE ( 'NONE', *, *, #5901, .T. ) ;
#3223 = ORIENTED_EDGE ( 'NONE', *, *, #1851, .F. ) ;
#3224 = DIRECTION ( 'NONE',  ( 0.000000000000000000, 0.000000000000000000, -1.000000000000000000 ) ) ;
#3225 = CARTESIAN_POINT ( 'NONE',  ( 0.1249999999999800576, 0.2000000000000000111, -1.500000000000000000 ) ) ;
#3226 = AXIS2_PLACEMENT_3D ( 'NONE', #7674, #6496, #1052 ) ;
#3227 =( NAMED_UNIT ( * ) SI_UNIT ( $, .STERADIAN. ) SOLID_ANGLE_UNIT ( ) );
#3228 = DIRECTION ( 'NONE',  ( 0.000000000000000000, -0.000000000000000000, 1.000000000000000000 ) ) ;
#3229 = DIRECTION ( 'NONE',  ( -1.000000000000000000, 0.000000000000000000, 3.614007241618346799E-16 ) ) ;
#3230 = ORIENTED_EDGE ( 'NONE', *, *, #381, .F. ) ;
#3231 = LINE ( 'NONE', #1347, #839 ) ;
#3232 = AXIS2_PLACEMENT_3D ( 'NONE', #23, #2406, #4296 ) ;
#3233 = EDGE_CURVE ( 'NONE', #2202, #2074, #1627, .T. ) ;
#3234 = EDGE_CURVE ( 'NONE', #2054, #5989, #6402, .T. ) ;
#3235 = EDGE_CURVE ( 'NONE', #1877, #7654, #7662, .T. ) ;
#3236 = PLANE ( 'NONE',  #7111 ) ;
#3237 = ORIENTED_EDGE ( 'NONE', *, *, #2680, .F. ) ;
#3238 = CARTESIAN_POINT ( 'NONE',  ( 1.500000000000000000, 0.2000000000000000111, 0.1249999999999997363 ) ) ;
#3239 = EDGE_LOOP ( 'NONE', ( #3792, #6354, #5523, #7556 ) ) ;
#3240 = VECTOR ( 'NONE', #1188, 1000.000000000000000 ) ;
#3241 = CARTESIAN_POINT ( 'NONE',  ( -1.499999999999999778, 0.2000000000000000111, -0.3749999999999997224 ) ) ;
#3242 = CARTESIAN_POINT ( 'NONE',  ( -1.149999999999999911, 0.2000000000000000111, -0.6749999999999997113 ) ) ;
#3243 = ORIENTED_EDGE ( 'NONE', *, *, #2757, .T. ) ;
#3244 = EDGE_CURVE ( 'NONE', #5611, #995, #3322, .T. ) ;
#3245 = CARTESIAN_POINT ( 'NONE',  ( 1.500000000000000000, 0.000000000000000000, 0.8749999999999996669 ) ) ;
#3246 = ORIENTED_EDGE ( 'NONE', *, *, #6916, .F. ) ;
#3247 = ORIENTED_EDGE ( 'NONE', *, *, #95, .T. ) ;
#3248 = DIRECTION ( 'NONE',  ( 1.000000000000000000, 0.000000000000000000, -5.782411586589358664E-14 ) ) ;
#3249 = DIRECTION ( 'NONE',  ( 1.000000000000000000, -0.000000000000000000, -0.000000000000000000 ) ) ;
#3250 = DIRECTION ( 'NONE',  ( 0.000000000000000000, 1.000000000000000000, 0.000000000000000000 ) ) ;
#3251 = DIRECTION ( 'NONE',  ( 0.000000000000000000, -1.000000000000000000, 0.000000000000000000 ) ) ;
#3252 = ORIENTED_EDGE ( 'NONE', *, *, #603, .F. ) ;
#3253 = ORIENTED_EDGE ( 'NONE', *, *, #792, .F. ) ;
#3254 = EDGE_CURVE ( 'NONE', #6711, #487, #6953, .T. ) ;
#3255 = VERTEX_POINT ( 'NONE', #2257 ) ;
#3256 = ADVANCED_FACE ( 'NONE', ( #3477 ), #967, .F. ) ;
#3257 = CARTESIAN_POINT ( 'NONE',  ( -0.8749999999999995559, 0.2000000000000000111, 1.499999999999999778 ) ) ;
#3258 = CARTESIAN_POINT ( 'NONE',  ( 1.500000000000000000, 0.2000000000000000111, 0.8749999999999996669 ) ) ;
#3259 = AXIS2_PLACEMENT_3D ( 'NONE', #6241, #5581, #6275 ) ;
#3260 = DIRECTION ( 'NONE',  ( 0.000000000000000000, 1.000000000000000000, 0.000000000000000000 ) ) ;
#3261 = PLANE ( 'NONE',  #6058 ) ;
#3262 = VERTEX_POINT ( 'NONE', #1708 ) ;
#3263 = VERTEX_POINT ( 'NONE', #7508 ) ;
#3264 = DIRECTION ( 'NONE',  ( -0.000000000000000000, -1.000000000000000000, -0.000000000000000000 ) ) ;
#3265 = DIRECTION ( 'NONE',  ( 0.000000000000000000, 1.000000000000000000, 0.000000000000000000 ) ) ;
#3266 = VECTOR ( 'NONE', #7054, 1000.000000000000000 ) ;
#3267 = CARTESIAN_POINT ( 'NONE',  ( -0.1749999999999996281, 0.2000000000000000111, 1.199999999999999734 ) ) ;
#3268 = LINE ( 'NONE', #5654, #695 ) ;
#3269 = ORIENTED_EDGE ( 'NONE', *, *, #3431, .T. ) ;
#3270 = ORIENTED_EDGE ( 'NONE', *, *, #408, .T. ) ;
#3271 = FACE_OUTER_BOUND ( 'NONE', #996, .T. ) ;
#3272 = DIRECTION ( 'NONE',  ( -1.807003620809173399E-16, 0.000000000000000000, -1.000000000000000000 ) ) ;
#3273 = DIRECTION ( 'NONE',  ( -0.000000000000000000, -0.000000000000000000, -1.000000000000000000 ) ) ;
#3274 = MANIFOLD_SOLID_BREP ( 'Boss-Extrude3[9]', #3885 ) ;
#3275 = VERTEX_POINT ( 'NONE', #7542 ) ;
#3276 = EDGE_CURVE ( 'NONE', #3873, #3681, #3989, .T. ) ;
#3277 = CARTESIAN_POINT ( 'NONE',  ( 0.1749999999999973244, 0.2000000000000000111, -1.149999999999999467 ) ) ;
#3278 = CARTESIAN_POINT ( 'NONE',  ( 0.3250000000000003997, 0.000000000000000000, 1.199999999999999734 ) ) ;
#3279 = PLANE ( 'NONE',  #5468 ) ;
#3280 = ORIENTED_EDGE ( 'NONE', *, *, #6061, .T. ) ;
#3281 = CARTESIAN_POINT ( 'NONE',  ( -1.149999999999999911, 0.2000000000000000111, -0.6749999999999997113 ) ) ;
#3282 = ORIENTED_EDGE ( 'NONE', *, *, #2916, .T. ) ;
#3283 = ORIENTED_EDGE ( 'NONE', *, *, #310, .F. ) ;
#3284 = EDGE_CURVE ( 'NONE', #1260, #5300, #6993, .T. ) ;
#3285 = MANIFOLD_SOLID_BREP ( 'Boss-Extrude3[8]', #1748 ) ;
#3286 = EDGE_CURVE ( 'NONE', #3736, #7135, #5936, .T. ) ;
#3287 = ADVANCED_FACE ( 'NONE', ( #3109 ), #7366, .T. ) ;
#3288 = EDGE_CURVE ( 'NONE', #1538, #6546, #1691, .T. ) ;
#3289 = DIRECTION ( 'NONE',  ( -0.000000000000000000, -1.000000000000000000, -0.000000000000000000 ) ) ;
#3290 = CARTESIAN_POINT ( 'NONE',  ( 6.776263578034400247E-17, 0.05000000000000000278, 0.3750000000000000000 ) ) ;
#3291 = PLANE ( 'NONE',  #2702 ) ;
#3292 = ORIENTED_EDGE ( 'NONE', *, *, #915, .T. ) ;
#3293 = DIRECTION ( 'NONE',  ( 1.000000000000000000, -0.000000000000000000, -0.000000000000000000 ) ) ;
#3294 = VERTEX_POINT ( 'NONE', #1119 ) ;
#3295 = ORIENTED_EDGE ( 'NONE', *, *, #6649, .T. ) ;
#3296 = ORIENTED_EDGE ( 'NONE', *, *, #5272, .F. ) ;
#3297 = VERTEX_POINT ( 'NONE', #4401 ) ;
#3298 = VECTOR ( 'NONE', #1503, 1000.000000000000000 ) ;
#3299 = CARTESIAN_POINT ( 'NONE',  ( 0.6749999999999973799, 0.2000000000000000111, -1.200000000000000178 ) ) ;
#3300 =( NAMED_UNIT ( * ) SI_UNIT ( $, .STERADIAN. ) SOLID_ANGLE_UNIT ( ) );
#3301 = CARTESIAN_POINT ( 'NONE',  ( 1.199999999999999956, 0.2000000000000000111, 0.6749999999999996003 ) ) ;
#3302 = LINE ( 'NONE', #5685, #3577 ) ;
#3303 = MANIFOLD_SOLID_BREP ( 'Boss-Extrude3[16]', #6506 ) ;
#3304 = VERTEX_POINT ( 'NONE', #1257 ) ;
#3305 = EDGE_CURVE ( 'NONE', #7512, #1749, #5457, .T. ) ;
#3306 = AXIS2_PLACEMENT_3D ( 'NONE', #4731, #4650, #2369 ) ;
#3307 =( NAMED_UNIT ( * ) SI_UNIT ( $, .STERADIAN. ) SOLID_ANGLE_UNIT ( ) );
#3308 = CARTESIAN_POINT ( 'NONE',  ( -1.199999999999999512, 0.2000000000000000111, 0.6250000000000002220 ) ) ;
#3309 = LINE ( 'NONE', #6352, #925 ) ;
#3310 = CIRCLE ( 'NONE', #5428, 0.05000000000000012768 ) ;
#3311 = PLANE ( 'NONE',  #1432 ) ;
#3312 = ORIENTED_EDGE ( 'NONE', *, *, #6479, .F. ) ;
#3313 = ORIENTED_EDGE ( 'NONE', *, *, #1221, .F. ) ;
#3314 = DIRECTION ( 'NONE',  ( 0.000000000000000000, 0.000000000000000000, 1.000000000000000000 ) ) ;
#3315 = ADVANCED_FACE ( 'NONE', ( #85 ), #7254, .F. ) ;
#3316 =( LENGTH_UNIT ( ) NAMED_UNIT ( * ) SI_UNIT ( .MILLI., .METRE. ) );
#3317 = ORIENTED_EDGE ( 'NONE', *, *, #3091, .F. ) ;
#3318 = LINE ( 'NONE', #3397, #4017 ) ;
#3319 = MANIFOLD_SOLID_BREP ( 'Boss-Extrude3[4]', #1251 ) ;
#3320 = VECTOR ( 'NONE', #3289, 1000.000000000000000 ) ;
#3321 = DIRECTION ( 'NONE',  ( 0.000000000000000000, 1.000000000000000000, 0.000000000000000000 ) ) ;
#3322 = LINE ( 'NONE', #4028, #4200 ) ;
#3323 = VECTOR ( 'NONE', #6558, 1000.000000000000000 ) ;
#3324 =( NAMED_UNIT ( * ) SI_UNIT ( $, .STERADIAN. ) SOLID_ANGLE_UNIT ( ) );
#3325 = VERTEX_POINT ( 'NONE', #7564 ) ;
#3326 = LINE ( 'NONE', #5708, #3603 ) ;
#3327 = AXIS2_PLACEMENT_3D ( 'NONE', #4152, #3597, #1825 ) ;
#3328 =( GEOMETRIC_REPRESENTATION_CONTEXT ( 3 ) GLOBAL_UNCERTAINTY_ASSIGNED_CONTEXT ( ( #5848 ) ) GLOBAL_UNIT_ASSIGNED_CONTEXT ( ( #6322, #5809, #2143 ) ) REPRESENTATION_CONTEXT ( 'NONE', 'WORKASPACE' ) );
#3329 = CYLINDRICAL_SURFACE ( 'NONE', #682, 0.04999999999999991257 ) ;
#3330 = FACE_OUTER_BOUND ( 'NONE', #590, .T. ) ;
#3331 = DIRECTION ( 'NONE',  ( 1.000000000000000000, -0.000000000000000000, -1.807003620809173153E-16 ) ) ;
#3332 = CARTESIAN_POINT ( 'NONE',  ( 0.6250000000000004441, 0.2000000000000000111, 1.499999999999999778 ) ) ;
#3333 = VERTEX_POINT ( 'NONE', #7489 ) ;
#3334 =( GEOMETRIC_REPRESENTATION_CONTEXT ( 3 ) GLOBAL_UNCERTAINTY_ASSIGNED_CONTEXT ( ( #6550 ) ) GLOBAL_UNIT_ASSIGNED_CONTEXT ( ( #6657, #632, #3063 ) ) REPRESENTATION_CONTEXT ( 'NONE', 'WORKASPACE' ) );
#3335 = VECTOR ( 'NONE', #7394, 1000.000000000000000 ) ;
#3336 = LINE ( 'NONE', #4431, #1971 ) ;
#3337 = EDGE_CURVE ( 'NONE', #4184, #7600, #1295, .T. ) ;
#3338 = ADVANCED_FACE ( 'NONE', ( #7403 ), #278, .T. ) ;
#3339 = ADVANCED_FACE ( 'NONE', ( #4482 ), #6898, .T. ) ;
#3340 = ORIENTED_EDGE ( 'NONE', *, *, #7346, .T. ) ;
#3341 = DIRECTION ( 'NONE',  ( 5.782411586589358664E-14, 0.000000000000000000, 1.000000000000000000 ) ) ;
#3342 = VERTEX_POINT ( 'NONE', #394 ) ;
#3343 = VECTOR ( 'NONE', #7165, 1000.000000000000000 ) ;
#3344 = AXIS2_PLACEMENT_3D ( 'NONE', #5931, #2970, #2379 ) ;
#3345 = DIRECTION ( 'NONE',  ( -1.807003620809173399E-16, 0.000000000000000000, -1.000000000000000000 ) ) ;
#3346 = CARTESIAN_POINT ( 'NONE',  ( 1.500000000000000222, -4.242640687119283882, -1.500000000000000222 ) ) ;
#3347 = FACE_OUTER_BOUND ( 'NONE', #7011, .T. ) ;
#3348 = DIRECTION ( 'NONE',  ( -1.000000000000000000, 0.000000000000000000, 0.000000000000000000 ) ) ;
#3349 = ORIENTED_EDGE ( 'NONE', *, *, #1603, .F. ) ;
#3350 = VECTOR ( 'NONE', #4851, 1000.000000000000000 ) ;
#3351 = CARTESIAN_POINT ( 'NONE',  ( -0.8749999999999995559, 0.000000000000000000, 1.499999999999999778 ) ) ;
#3352 = SURFACE_STYLE_USAGE ( .BOTH. , #5573 ) ;
#3353 = DIRECTION ( 'NONE',  ( 0.000000000000000000, 0.000000000000000000, 1.000000000000000000 ) ) ;
#3354 = CARTESIAN_POINT ( 'NONE',  ( 1.500000000000000000, 0.2000000000000000111, -0.3750000000000003331 ) ) ;
#3355 = VERTEX_POINT ( 'NONE', #5115 ) ;
#3356 = DIRECTION ( 'NONE',  ( 0.000000000000000000, 0.000000000000000000, 1.000000000000000000 ) ) ;
#3357 = SURFACE_STYLE_FILL_AREA ( #4644 ) ;
#3358 = DIRECTION ( 'NONE',  ( 1.000000000000000000, 0.000000000000000000, -1.807003620809173399E-16 ) ) ;
#3359 = VECTOR ( 'NONE', #402, 1000.000000000000000 ) ;
#3360 = EDGE_CURVE ( 'NONE', #5050, #5207, #5150, .T. ) ;
#3361 = ADVANCED_FACE ( 'NONE', ( #2753 ), #6178, .T. ) ;
#3362 = CARTESIAN_POINT ( 'NONE',  ( 1.199999999999999956, 0.2000000000000000111, 0.3749999999999997224 ) ) ;
#3363 = VECTOR ( 'NONE', #7033, 1000.000000000000000 ) ;
#3364 = PLANE ( 'NONE',  #4948 ) ;
#3365 = FACE_OUTER_BOUND ( 'NONE', #3612, .T. ) ;
#3366 = ORIENTED_EDGE ( 'NONE', *, *, #4834, .T. ) ;
#3367 = LINE ( 'NONE', #1591, #7737 ) ;
#3368 = ORIENTED_EDGE ( 'NONE', *, *, #4413, .F. ) ;
#3369 = VECTOR ( 'NONE', #6713, 1000.000000000000000 ) ;
#3370 = VERTEX_POINT ( 'NONE', #873 ) ;
#3371 = CARTESIAN_POINT ( 'NONE',  ( -1.149999999999999689, 0.2000000000000000111, -0.3249999999999999001 ) ) ;
#3372 = LINE ( 'NONE', #1636, #7436 ) ;
#3373 = DIRECTION ( 'NONE',  ( 0.000000000000000000, -0.000000000000000000, 1.000000000000000000 ) ) ;
#3374 = DIRECTION ( 'NONE',  ( -3.642919299551479807E-14, -0.000000000000000000, 1.000000000000000000 ) ) ;
#3375 = CIRCLE ( 'NONE', #1612, 0.04999999999999991257 ) ;
#3376 = CARTESIAN_POINT ( 'NONE',  ( 1.149999999999999911, 0.2000000000000000111, 0.6749999999999996003 ) ) ;
#3377 = VERTEX_POINT ( 'NONE', #7528 ) ;
#3378 = FACE_OUTER_BOUND ( 'NONE', #831, .T. ) ;
#3379 = EDGE_CURVE ( 'NONE', #241, #5914, #909, .T. ) ;
#3380 = CARTESIAN_POINT ( 'NONE',  ( 0.1250000000000003053, 0.2000000000000000111, 1.199999999999999734 ) ) ;
#3381 = LINE ( 'NONE', #1103, #5938 ) ;
#3382 = DIRECTION ( 'NONE',  ( 0.000000000000000000, -1.000000000000000000, 0.000000000000000000 ) ) ;
#3383 = VERTEX_POINT ( 'NONE', #2786 ) ;
#3384 = PLANE ( 'NONE',  #4646 ) ;
#3385 = CARTESIAN_POINT ( 'NONE',  ( -0.6249999999999995559, 0.2000000000000000111, 1.499999999999999778 ) ) ;
#3386 = CLOSED_SHELL ( 'NONE', ( #2128, #1424, #5860, #5058, #6725, #7387, #1541, #5676, #2371, #1583, #549, #7397, #3502, #5113, #6117, #5837, #1399, #5729, #5678, #5813, #5463, #6841, #5859, #4812, #3093, #7390, #7686, #2079, #6625, #4112, #7593, #3952, #1657, #6246, #3256, #2614, #3622, #7153, #5032, #4577, #6437, #3530, #6036, #281, #4054, #6503, #6527, #165, #2857, #2140, #7414, #6641, #5015, #4110, #5584, #4874, #1701, #4034, #3090, #3338, #1360, #3361, #3870, #1264, #7344, #2908, #2898, #4053, #1624, #5786, #7248, #70, #5257, #5123, #5365, #1839, #6895, #480, #7081, #1987, #3709, #2758, #7592, #7434, #4527, #686, #1794, #2256, #6693, #1407, #2557, #4964, #7085, #6671, #481, #5014, #7276, #5302, #6360, #3339, #2461, #212, #6872, #6914, #1181, #4099, #5016, #1084, #4252, #6210, #4300 ) ) ;
#3387 = EDGE_CURVE ( 'NONE', #5559, #1983, #2631, .T. ) ;
#3388 = LINE ( 'NONE', #5124, #543 ) ;
#3389 = EDGE_CURVE ( 'NONE', #6619, #1527, #6303, .T. ) ;
#3390 = EDGE_CURVE ( 'NONE', #4377, #7534, #6934, .T. ) ;
#3391 = CYLINDRICAL_SURFACE ( 'NONE', #6063, 0.1000000000000000472 ) ;
#3392 = ORIENTED_EDGE ( 'NONE', *, *, #6285, .F. ) ;
#3393 = VERTEX_POINT ( 'NONE', #7444 ) ;
#3394 = PLANE ( 'NONE',  #5727 ) ;
#3395 = PLANE ( 'NONE',  #234 ) ;
#3396 = VERTEX_POINT ( 'NONE', #1447 ) ;
#3397 = CARTESIAN_POINT ( 'NONE',  ( 1.199999999999999956, 0.2000000000000000111, 0.3749999999999997224 ) ) ;
#3398 = VECTOR ( 'NONE', #5500, 1000.000000000000000 ) ;
#3399 = DIRECTION ( 'NONE',  ( -0.000000000000000000, -0.000000000000000000, 1.000000000000000000 ) ) ;
#3400 = PRESENTATION_LAYER_ASSIGNMENT (  '', '', ( #7641 ) ) ;
#3401 = PRESENTATION_STYLE_ASSIGNMENT (( #5283 ) ) ;
#3402 = ORIENTED_EDGE ( 'NONE', *, *, #7014, .F. ) ;
#3403 = CARTESIAN_POINT ( 'NONE',  ( 1.499999999999997780, 0.000000000000000000, 0.6249999999999765743 ) ) ;
#3404 = ORIENTED_EDGE ( 'NONE', *, *, #2809, .T. ) ;
#3405 = EDGE_CURVE ( 'NONE', #6271, #4008, #951, .T. ) ;
#3406 = ADVANCED_FACE ( 'NONE', ( #1487 ), #3261, .F. ) ;
#3407 = VECTOR ( 'NONE', #6310, 1000.000000000000000 ) ;
#3408 = ORIENTED_EDGE ( 'NONE', *, *, #4887, .T. ) ;
#3409 = DIRECTION ( 'NONE',  ( 0.000000000000000000, -1.000000000000000000, 0.000000000000000000 ) ) ;
#3410 = DIRECTION ( 'NONE',  ( -0.000000000000000000, -0.000000000000000000, -1.000000000000000000 ) ) ;
#3411 = DIRECTION ( 'NONE',  ( 0.000000000000000000, 0.000000000000000000, -1.000000000000000000 ) ) ;
#3412 = CARTESIAN_POINT ( 'NONE',  ( 0.1250000000000003608, 0.000000000000000000, 1.499999999999999778 ) ) ;
#3413 = DIRECTION ( 'NONE',  ( 0.000000000000000000, 0.000000000000000000, 1.000000000000000000 ) ) ;
#3414 = FACE_OUTER_BOUND ( 'NONE', #1305, .T. ) ;
#3415 = CARTESIAN_POINT ( 'NONE',  ( -1.199999999999999734, 0.2000000000000000111, 0.1750000000000000999 ) ) ;
#3416 = CARTESIAN_POINT ( 'NONE',  ( -0.3749999999999996669, 0.2000000000000000111, 1.499999999999999778 ) ) ;
#3417 = CARTESIAN_POINT ( 'NONE',  ( -1.199999999999999734, 0.2000000000000000111, -0.8249999999999998446 ) ) ;
#3418 = ORIENTED_EDGE ( 'NONE', *, *, #4626, .T. ) ;
#3419 = EDGE_LOOP ( 'NONE', ( #3066, #7421, #4853, #1042 ) ) ;
#3420 = FILL_AREA_STYLE_COLOUR ( '', #7494 ) ;
#3421 = CYLINDRICAL_SURFACE ( 'NONE', #4769, 0.05000000000000012768 ) ;
#3422 = CIRCLE ( 'NONE', #36, 0.05000000000000012768 ) ;
#3423 = ORIENTED_EDGE ( 'NONE', *, *, #3147, .T. ) ;
#3424 = DIRECTION ( 'NONE',  ( 0.000000000000000000, 1.000000000000000000, 0.000000000000000000 ) ) ;
#3425 = LINE ( 'NONE', #4169, #49 ) ;
#3426 = ORIENTED_EDGE ( 'NONE', *, *, #2740, .T. ) ;
#3427 = CIRCLE ( 'NONE', #4426, 0.04999999999999991257 ) ;
#3428 = DIRECTION ( 'NONE',  ( -0.000000000000000000, -1.000000000000000000, -0.000000000000000000 ) ) ;
#3429 = PLANE ( 'NONE',  #5370 ) ;
#3430 = CARTESIAN_POINT ( 'NONE',  ( -0.6249999999999995559, 0.2000000000000000111, 1.499999999999999778 ) ) ;
#3431 = EDGE_CURVE ( 'NONE', #2903, #4595, #3302, .T. ) ;
#3432 = ADVANCED_FACE ( 'NONE', ( #1567 ), #2712, .T. ) ;
#3433 = EDGE_CURVE ( 'NONE', #755, #6691, #317, .T. ) ;
#3434 = ADVANCED_FACE ( 'NONE', ( #1764 ), #1141, .F. ) ;
#3435 = VECTOR ( 'NONE', #2432, 1000.000000000000000 ) ;
#3436 = LINE ( 'NONE', #4609, #1580 ) ;
#3437 = UNCERTAINTY_MEASURE_WITH_UNIT (LENGTH_MEASURE( 1.000000000000000082E-05 ), #6583, 'distance_accuracy_value', 'NONE');
#3438 = DIRECTION ( 'NONE',  ( -0.000000000000000000, -1.000000000000000000, -0.000000000000000000 ) ) ;
#3439 = DIRECTION ( 'NONE',  ( 0.000000000000000000, -1.000000000000000000, 0.000000000000000000 ) ) ;
#3440 = CARTESIAN_POINT ( 'NONE',  ( 0.8750000000000003331, 0.2000000000000000111, 1.199999999999999734 ) ) ;
#3441 = VERTEX_POINT ( 'NONE', #3534 ) ;
#3442 = AXIS2_PLACEMENT_3D ( 'NONE', #1138, #1761, #4591 ) ;
#3443 = CARTESIAN_POINT ( 'NONE',  ( -1.499999999999999778, -4.242640687119283882, -1.500000000000000222 ) ) ;
#3444 = VERTEX_POINT ( 'NONE', #4088 ) ;
#3445 = ORIENTED_EDGE ( 'NONE', *, *, #1603, .T. ) ;
#3446 = DIRECTION ( 'NONE',  ( 0.000000000000000000, 0.000000000000000000, 1.000000000000000000 ) ) ;
#3447 = DIRECTION ( 'NONE',  ( 0.000000000000000000, 0.000000000000000000, 1.000000000000000000 ) ) ;
#3448 = LINE ( 'NONE', #2152, #2718 ) ;
#3449 = CARTESIAN_POINT ( 'NONE',  ( 0.8749999999999974465, 0.000000000000000000, -1.200000000000000178 ) ) ;
#3450 = ORIENTED_EDGE ( 'NONE', *, *, #3121, .F. ) ;
#3451 = LINE ( 'NONE', #6456, #5117 ) ;
#3452 = VECTOR ( 'NONE', #2761, 1000.000000000000000 ) ;
#3453 = DIRECTION ( 'NONE',  ( 0.000000000000000000, 0.000000000000000000, -1.000000000000000000 ) ) ;
#3454 = EDGE_CURVE ( 'NONE', #3894, #6887, #6820, .T. ) ;
#3455 = PLANE ( 'NONE',  #2685 ) ;
#3456 = AXIS2_PLACEMENT_3D ( 'NONE', #3417, #2241, #585 ) ;
#3457 = CARTESIAN_POINT ( 'NONE',  ( -1.499999999999999778, 0.2000000000000000111, -0.1249999999999997641 ) ) ;
#3458 = DIRECTION ( 'NONE',  ( -0.000000000000000000, -0.000000000000000000, -1.000000000000000000 ) ) ;
#3459 = ORIENTED_EDGE ( 'NONE', *, *, #3479, .F. ) ;
#3460 = ORIENTED_EDGE ( 'NONE', *, *, #5258, .F. ) ;
#3461 = VERTEX_POINT ( 'NONE', #5794 ) ;
#3462 = DIRECTION ( 'NONE',  ( 0.000000000000000000, -1.000000000000000000, 0.000000000000000000 ) ) ;
#3463 = VECTOR ( 'NONE', #1763, 1000.000000000000000 ) ;
#3464 = VECTOR ( 'NONE', #7555, 1000.000000000000000 ) ;
#3465 = ORIENTED_EDGE ( 'NONE', *, *, #1894, .T. ) ;
#3466 = DIRECTION ( 'NONE',  ( -0.000000000000000000, -1.000000000000000000, -0.000000000000000000 ) ) ;
#3467 = CYLINDRICAL_SURFACE ( 'NONE', #669, 0.1000000000000000472 ) ;
#3468 = ORIENTED_EDGE ( 'NONE', *, *, #3182, .T. ) ;
#3469 = VECTOR ( 'NONE', #5366, 1000.000000000000000 ) ;
#3470 = VECTOR ( 'NONE', #2522, 1000.000000000000000 ) ;
#3471 = VERTEX_POINT ( 'NONE', #431 ) ;
#3472 = DIRECTION ( 'NONE',  ( 5.782411586589358664E-14, 0.000000000000000000, 1.000000000000000000 ) ) ;
#3473 = VECTOR ( 'NONE', #5539, 1000.000000000000000 ) ;
#3474 = DIRECTION ( 'NONE',  ( -0.000000000000000000, -1.000000000000000000, -0.000000000000000000 ) ) ;
#3475 = LINE ( 'NONE', #3590, #1165 ) ;
#3476 = ADVANCED_FACE ( 'NONE', ( #3564 ), #2354, .F. ) ;
#3477 = FACE_OUTER_BOUND ( 'NONE', #7398, .T. ) ;
#3478 = EDGE_CURVE ( 'NONE', #6985, #5560, #1574, .T. ) ;
#3479 = EDGE_CURVE ( 'NONE', #5872, #474, #5453, .T. ) ;
#3480 = EDGE_LOOP ( 'NONE', ( #4718, #5397, #591, #7491 ) ) ;
#3481 = AXIS2_PLACEMENT_3D ( 'NONE', #5697, #3428, #3314 ) ;
#3482 = DIRECTION ( 'NONE',  ( 0.7071067811865475727, -0.000000000000000000, 0.7071067811865475727 ) ) ;
#3483 = EDGE_LOOP ( 'NONE', ( #4546, #7550, #371, #1666, #5438, #923 ) ) ;
#3485 = ORIENTED_EDGE ( 'NONE', *, *, #5880, .T. ) ;
#3484 = EDGE_LOOP ( 'NONE', ( #4628, #668, #2040, #89 ) ) ;
#3486 = VECTOR ( 'NONE', #5665, 1000.000000000000000 ) ;
#3487 = LINE ( 'NONE', #5861, #835 ) ;
#3488 = ADVANCED_FACE ( 'NONE', ( #2936 ), #4668, .T. ) ;
#3489 = CARTESIAN_POINT ( 'NONE',  ( -1.149999999999999467, 0.2000000000000000111, 0.8250000000000002887 ) ) ;
#3490 = EDGE_CURVE ( 'NONE', #4046, #5968, #955, .T. ) ;
#3491 = CARTESIAN_POINT ( 'NONE',  ( -0.6250000000000026645, 0.04999999999999969746, -1.500000000000000222 ) ) ;
#3492 = DIRECTION ( 'NONE',  ( 0.000000000000000000, 0.000000000000000000, -1.000000000000000000 ) ) ;
#3493 = LINE ( 'NONE', #4121, #5121 ) ;
#3494 = MECHANICAL_DESIGN_GEOMETRIC_PRESENTATION_REPRESENTATION (  '', ( #7486 ), #7230 ) ;
#3495 = PLANE ( 'NONE',  #5904 ) ;
#3496 = CIRCLE ( 'NONE', #5493, 0.1000000000000000472 ) ;
#3497 = CARTESIAN_POINT ( 'NONE',  ( -1.149999999999999689, 0.000000000000000000, 0.3250000000000002887 ) ) ;
#3498 = CARTESIAN_POINT ( 'NONE',  ( 0.6249999999999713562, 0.2000000000000000111, -1.500000000000000000 ) ) ;
#3499 = CYLINDRICAL_SURFACE ( 'NONE', #1948, 0.05000000000000012768 ) ;
#3500 = ORIENTED_EDGE ( 'NONE', *, *, #986, .F. ) ;
#3501 = LINE ( 'NONE', #990, #2385 ) ;
#3502 = ADVANCED_FACE ( 'NONE', ( #4127 ), #3499, .F. ) ;
#3503 = EDGE_CURVE ( 'NONE', #4429, #6517, #7047, .T. ) ;
#3504 = ORIENTED_EDGE ( 'NONE', *, *, #5910, .F. ) ;
#3505 = LINE ( 'NONE', #7573, #1771 ) ;
#3506 = CARTESIAN_POINT ( 'NONE',  ( -1.199999999999999734, 0.2000000000000000111, 0.3750000000000002220 ) ) ;
#3507 = ORIENTED_EDGE ( 'NONE', *, *, #338, .F. ) ;
#3508 = DIRECTION ( 'NONE',  ( 0.000000000000000000, 1.000000000000000000, 0.000000000000000000 ) ) ;
#3509 = DIRECTION ( 'NONE',  ( 2.891205793294679332E-14, 0.000000000000000000, 1.000000000000000000 ) ) ;
#3510 = CARTESIAN_POINT ( 'NONE',  ( 0.3750000000000003331, 0.2000000000000000111, 1.199999999999999734 ) ) ;
#3511 = CARTESIAN_POINT ( 'NONE',  ( 1.199999999999999956, 0.2000000000000000111, -0.1250000000000002776 ) ) ;
#3512 = VECTOR ( 'NONE', #924, 1000.000000000000000 ) ;
#3513 = FACE_OUTER_BOUND ( 'NONE', #434, .T. ) ;
#3514 = VERTEX_POINT ( 'NONE', #7716 ) ;
#3515 = FACE_OUTER_BOUND ( 'NONE', #6423, .T. ) ;
#3516 = EDGE_CURVE ( 'NONE', #5459, #929, #2902, .T. ) ;
#3518 = VERTEX_POINT ( 'NONE', #7607 ) ;
#3517 = ORIENTED_EDGE ( 'NONE', *, *, #1411, .T. ) ;
#3519 = AXIS2_PLACEMENT_3D ( 'NONE', #6744, #3813, #6150 ) ;
#3520 = CARTESIAN_POINT ( 'NONE',  ( -1.199999999999999734, 0.2000000000000000111, -0.8249999999999998446 ) ) ;
#3521 = PLANE ( 'NONE',  #6554 ) ;
#3522 = DIRECTION ( 'NONE',  ( 0.000000000000000000, -0.000000000000000000, 1.000000000000000000 ) ) ;
#3523 = LINE ( 'NONE', #3999, #3464 ) ;
#3524 = DIRECTION ( 'NONE',  ( 0.000000000000000000, 1.000000000000000000, 0.000000000000000000 ) ) ;
#3525 = VERTEX_POINT ( 'NONE', #1019 ) ;
#3526 = AXIS2_PLACEMENT_3D ( 'NONE', #4946, #5414, #4869 ) ;
#3527 = EDGE_CURVE ( 'NONE', #3297, #7510, #2199, .T. ) ;
#3528 = EDGE_CURVE ( 'NONE', #7281, #2952, #4, .T. ) ;
#3529 = EDGE_CURVE ( 'NONE', #3658, #6383, #6421, .T. ) ;
#3530 = ADVANCED_FACE ( 'NONE', ( #7680 ), #2869, .T. ) ;
#3531 = DIRECTION ( 'NONE',  ( 0.000000000000000000, 0.000000000000000000, 1.000000000000000000 ) ) ;
#3532 = DIRECTION ( 'NONE',  ( -0.000000000000000000, -1.000000000000000000, -0.000000000000000000 ) ) ;
#3533 = PLANE ( 'NONE',  #4342 ) ;
#3534 = CARTESIAN_POINT ( 'NONE',  ( 1.149999999999999911, 0.2000000000000000111, 0.8249999999999997335 ) ) ;
#3535 = ORIENTED_EDGE ( 'NONE', *, *, #2093, .F. ) ;
#3536 = ORIENTED_EDGE ( 'NONE', *, *, #5596, .T. ) ;
#3537 = EDGE_LOOP ( 'NONE', ( #5385, #4165, #1592, #4943, #3170, #1734 ) ) ;
#3538 = ORIENTED_EDGE ( 'NONE', *, *, #6188, .T. ) ;
#3539 = CARTESIAN_POINT ( 'NONE',  ( -1.499999999999990896, 0.2000000000000000111, -0.8749999999999870104 ) ) ;
#3540 = CARTESIAN_POINT ( 'NONE',  ( 1.500000000000000000, 0.2000000000000000111, 0.8749999999999996669 ) ) ;
#3541 = FILL_AREA_STYLE ('',( #1069 ) ) ;
#3542 = VECTOR ( 'NONE', #7200, 1000.000000000000000 ) ;
#3543 = DIRECTION ( 'NONE',  ( -0.000000000000000000, 1.000000000000000000, -0.000000000000000000 ) ) ;
#3544 = CARTESIAN_POINT ( 'NONE',  ( -0.8250000000000027311, 0.2000000000000000111, -1.149999999999999467 ) ) ;
#3545 = DIRECTION ( 'NONE',  ( 0.000000000000000000, 0.000000000000000000, -1.000000000000000000 ) ) ;
#3546 = DIRECTION ( 'NONE',  ( -0.000000000000000000, -1.000000000000000000, -0.000000000000000000 ) ) ;
#3547 = VECTOR ( 'NONE', #7110, 1000.000000000000000 ) ;
#3548 = ADVANCED_FACE ( 'NONE', ( #5299 ), #2274, .T. ) ;
#3549 = CARTESIAN_POINT ( 'NONE',  ( 0.3250000000000003997, 0.2000000000000000111, 1.199999999999999734 ) ) ;
#3550 = DIRECTION ( 'NONE',  ( 1.000000000000000000, 0.000000000000000000, -3.614007241618346306E-16 ) ) ;
#3551 = AXIS2_PLACEMENT_3D ( 'NONE', #2548, #4830, #6582 ) ;
#3552 = ORIENTED_EDGE ( 'NONE', *, *, #1936, .T. ) ;
#3553 = DIRECTION ( 'NONE',  ( -0.000000000000000000, -1.000000000000000000, -0.000000000000000000 ) ) ;
#3554 = DIRECTION ( 'NONE',  ( -3.614007241618346306E-16, 0.000000000000000000, -1.000000000000000000 ) ) ;
#3555 = VECTOR ( 'NONE', #3793, 1000.000000000000000 ) ;
#3556 = CARTESIAN_POINT ( 'NONE',  ( -0.8750000000000000000, 0.2000000000000000111, 0.8750000000000000000 ) ) ;
#3557 = FACE_OUTER_BOUND ( 'NONE', #382, .T. ) ;
#3558 = ORIENTED_EDGE ( 'NONE', *, *, #1265, .F. ) ;
#3559 = CARTESIAN_POINT ( 'NONE',  ( 0.8749999999999974465, 0.2000000000000000111, -1.200000000000000178 ) ) ;
#3560 = VECTOR ( 'NONE', #2816, 1000.000000000000000 ) ;
#3561 = CARTESIAN_POINT ( 'NONE',  ( -0.1249999999999996531, 0.000000000000000000, 1.499999999999999778 ) ) ;
#3562 = CARTESIAN_POINT ( 'NONE',  ( -0.6249999999999995559, 0.2000000000000000111, 1.499999999999999778 ) ) ;
#3563 = FACE_OUTER_BOUND ( 'NONE', #345, .T. ) ;
#3564 = FACE_OUTER_BOUND ( 'NONE', #1677, .T. ) ;
#3565 = EDGE_LOOP ( 'NONE', ( #4478, #2794, #1945, #1668 ) ) ;
#3566 = EDGE_CURVE ( 'NONE', #5531, #652, #2955, .T. ) ;
#3567 = LINE ( 'NONE', #1012, #3266 ) ;
#3568 = CIRCLE ( 'NONE', #563, 0.04999999999999991257 ) ;
#3569 = ADVANCED_FACE ( 'NONE', ( #659 ), #109, .F. ) ;
#3570 = EDGE_CURVE ( 'NONE', #5029, #612, #3724, .T. ) ;
#3571 = CARTESIAN_POINT ( 'NONE',  ( -1.499999999999999556, 0.2000000000000000111, 0.8750000000000003331 ) ) ;
#3572 = EDGE_LOOP ( 'NONE', ( #1658, #7437, #5326, #4617 ) ) ;
#3573 = ORIENTED_EDGE ( 'NONE', *, *, #5125, .T. ) ;
#3574 = ORIENTED_EDGE ( 'NONE', *, *, #7546, .F. ) ;
#3575 = EDGE_LOOP ( 'NONE', ( #4991, #1838, #2314, #4873, #4689, #5780 ) ) ;
#3576 = VECTOR ( 'NONE', #4253, 1000.000000000000000 ) ;
#3577 = VECTOR ( 'NONE', #319, 1000.000000000000000 ) ;
#3578 = DIRECTION ( 'NONE',  ( 0.000000000000000000, 0.000000000000000000, 1.000000000000000000 ) ) ;
#3579 = DIRECTION ( 'NONE',  ( 0.000000000000000000, 1.000000000000000000, 0.000000000000000000 ) ) ;
#3580 = SURFACE_SIDE_STYLE ('',( #1922 ) ) ;
#3581 = ORIENTED_EDGE ( 'NONE', *, *, #7635, .T. ) ;
#3582 = ORIENTED_EDGE ( 'NONE', *, *, #7209, .T. ) ;
#3583 = VECTOR ( 'NONE', #2501, 1000.000000000000000 ) ;
#3584 = AXIS2_PLACEMENT_3D ( 'NONE', #4593, #4161, #7094 ) ;
#3585 = DIRECTION ( 'NONE',  ( -0.000000000000000000, -1.000000000000000000, -0.000000000000000000 ) ) ;
#3586 = DIRECTION ( 'NONE',  ( -0.000000000000000000, -1.000000000000000000, -0.000000000000000000 ) ) ;
#3587 = CARTESIAN_POINT ( 'NONE',  ( 1.149999999999999911, 0.2000000000000000111, 0.6749999999999996003 ) ) ;
#3588 = VECTOR ( 'NONE', #2615, 1000.000000000000000 ) ;
#3590 = CARTESIAN_POINT ( 'NONE',  ( 1.149999999999999911, 0.000000000000000000, -0.3250000000000003442 ) ) ;
#3589 = VECTOR ( 'NONE', #1011, 1000.000000000000000 ) ;
#3591 = DIRECTION ( 'NONE',  ( 1.000000000000000000, 0.000000000000000000, -0.000000000000000000 ) ) ;
#3592 =( GEOMETRIC_REPRESENTATION_CONTEXT ( 3 ) GLOBAL_UNCERTAINTY_ASSIGNED_CONTEXT ( ( #4331 ) ) GLOBAL_UNIT_ASSIGNED_CONTEXT ( ( #4420, #1589, #6365 ) ) REPRESENTATION_CONTEXT ( 'NONE', 'WORKASPACE' ) );
#3593 = EDGE_CURVE ( 'NONE', #3922, #4089, #3169, .T. ) ;
#3594 = EDGE_CURVE ( 'NONE', #495, #401, #2541, .T. ) ;
#3595 = ORIENTED_EDGE ( 'NONE', *, *, #4918, .T. ) ;
#3596 = VECTOR ( 'NONE', #7282, 1000.000000000000000 ) ;
#3597 = DIRECTION ( 'NONE',  ( 0.000000000000000000, 1.000000000000000000, 0.000000000000000000 ) ) ;
#3598 = LINE ( 'NONE', #7191, #3323 ) ;
#3599 = DIRECTION ( 'NONE',  ( 0.000000000000000000, 0.000000000000000000, 1.000000000000000000 ) ) ;
#3600 = DIRECTION ( 'NONE',  ( 0.000000000000000000, 0.000000000000000000, 1.000000000000000000 ) ) ;
#3601 = ORIENTED_EDGE ( 'NONE', *, *, #3254, .F. ) ;
#3602 = DIRECTION ( 'NONE',  ( 8.673617379884037996E-14, 0.000000000000000000, 1.000000000000000000 ) ) ;
#3603 = VECTOR ( 'NONE', #2737, 1000.000000000000000 ) ;
#3604 = CARTESIAN_POINT ( 'NONE',  ( -0.6250000000000026645, 0.04999999999999999584, -1.200000000000000178 ) ) ;
#3605 = CARTESIAN_POINT ( 'NONE',  ( 1.199999999999999734, 0.000000000000000000, -0.6750000000000002665 ) ) ;
#3606 = CARTESIAN_POINT ( 'NONE',  ( 0.1249999999999970718, 0.2000000000000000111, -1.200000000000000178 ) ) ;
#3607 = DIRECTION ( 'NONE',  ( 0.000000000000000000, 1.000000000000000000, 0.000000000000000000 ) ) ;
#3608 = VERTEX_POINT ( 'NONE', #3052 ) ;
#3609 = VECTOR ( 'NONE', #3949, 1000.000000000000000 ) ;
#3610 = DIRECTION ( 'NONE',  ( -0.000000000000000000, -0.000000000000000000, 1.000000000000000000 ) ) ;
#3611 = ORIENTED_EDGE ( 'NONE', *, *, #2411, .F. ) ;
#3612 = EDGE_LOOP ( 'NONE', ( #1757, #6906, #2518, #2653 ) ) ;
#3613 = VERTEX_POINT ( 'NONE', #5981 ) ;
#3614 = VECTOR ( 'NONE', #4965, 1000.000000000000000 ) ;
#3615 = ADVANCED_FACE ( 'NONE', ( #1364 ), #3757, .F. ) ;
#3616 = DIRECTION ( 'NONE',  ( 0.000000000000000000, 0.000000000000000000, -1.000000000000000000 ) ) ;
#3617 = DIRECTION ( 'NONE',  ( 0.000000000000000000, 1.000000000000000000, 0.000000000000000000 ) ) ;
#3618 = ORIENTED_EDGE ( 'NONE', *, *, #1383, .F. ) ;
#3619 = ORIENTED_EDGE ( 'NONE', *, *, #3719, .T. ) ;
#3620 = LINE ( 'NONE', #2993, #1232 ) ;
#3621 = DIRECTION ( 'NONE',  ( -1.000000000000000000, -0.000000000000000000, -0.000000000000000000 ) ) ;
#3622 = ADVANCED_FACE ( 'NONE', ( #38 ), #5554, .F. ) ;
#3623 = EDGE_CURVE ( 'NONE', #5872, #6580, #4198, .T. ) ;
#3624 = DIRECTION ( 'NONE',  ( 0.000000000000000000, 0.000000000000000000, 1.000000000000000000 ) ) ;
#3625 = EDGE_CURVE ( 'NONE', #7246, #598, #782, .T. ) ;
#3626 = LINE ( 'NONE', #4920, #4180 ) ;
#3627 = LINE ( 'NONE', #5426, #2966 ) ;
#3628 = SURFACE_SIDE_STYLE ('',( #1746 ) ) ;
#3629 = EDGE_LOOP ( 'NONE', ( #3156, #110, #294, #5039 ) ) ;
#3630 = AXIS2_PLACEMENT_3D ( 'NONE', #5043, #1466, #3784 ) ;
#3631 = CARTESIAN_POINT ( 'NONE',  ( -1.500000000000000000, 0.000000000000000000, -0.6249999999999996669 ) ) ;
#3632 = LINE ( 'NONE', #4890, #5327 ) ;
#3633 = EDGE_CURVE ( 'NONE', #7376, #1904, #7318, .T. ) ;
#3634 = DIRECTION ( 'NONE',  ( 1.000000000000000000, 0.000000000000000000, -1.807003620809173153E-16 ) ) ;
#3635 = LINE ( 'NONE', #692, #2452 ) ;
#3636 = ORIENTED_EDGE ( 'NONE', *, *, #2807, .T. ) ;
#3637 = CARTESIAN_POINT ( 'NONE',  ( 1.199999999999999956, 0.2000000000000000111, 0.3249999999999998446 ) ) ;
#3638 = CIRCLE ( 'NONE', #3143, 0.05000000000000012768 ) ;
#3639 = DIRECTION ( 'NONE',  ( -1.807003620809173153E-16, 0.000000000000000000, -1.000000000000000000 ) ) ;
#3640 = CARTESIAN_POINT ( 'NONE',  ( 0.000000000000000000, 0.05000000000000000278, -0.6250000000000003331 ) ) ;
#3641 = CARTESIAN_POINT ( 'NONE',  ( -0.8249999999999997335, 0.2000000000000000111, 1.199999999999999734 ) ) ;
#3642 = DIRECTION ( 'NONE',  ( -0.000000000000000000, -1.000000000000000000, -0.000000000000000000 ) ) ;
#3643 = ORIENTED_EDGE ( 'NONE', *, *, #1890, .T. ) ;
#3644 = EDGE_CURVE ( 'NONE', #2772, #4821, #4314, .T. ) ;
#3645 = CYLINDRICAL_SURFACE ( 'NONE', #974, 0.05000000000000012768 ) ;
#3646 = ORIENTED_EDGE ( 'NONE', *, *, #1192, .F. ) ;
#3647 = ORIENTED_EDGE ( 'NONE', *, *, #6940, .F. ) ;
#3648 = LINE ( 'NONE', #6105, #1641 ) ;
#3649 = FILL_AREA_STYLE ('',( #4831 ) ) ;
#3650 =( LENGTH_UNIT ( ) NAMED_UNIT ( * ) SI_UNIT ( .MILLI., .METRE. ) );
#3651 = VERTEX_POINT ( 'NONE', #6686 ) ;
#3652 = ORIENTED_EDGE ( 'NONE', *, *, #6672, .T. ) ;
#3653 = VERTEX_POINT ( 'NONE', #5519 ) ;
#3654 = LINE ( 'NONE', #525, #2365 ) ;
#3655 = CARTESIAN_POINT ( 'NONE',  ( -1.199999999999999956, 0.8000000000000000444, -1.100000000000000089 ) ) ;
#3656 = DIRECTION ( 'NONE',  ( 1.000000000000000000, -0.000000000000000000, -0.000000000000000000 ) ) ;
#3657 = DIRECTION ( 'NONE',  ( -2.891205793294679332E-14, 0.000000000000000000, -1.000000000000000000 ) ) ;
#3658 = VERTEX_POINT ( 'NONE', #6097 ) ;
#3659 = CARTESIAN_POINT ( 'NONE',  ( -0.6249999999999995559, 0.2000000000000000111, 1.499999999999999778 ) ) ;
#3660 = EDGE_CURVE ( 'NONE', #2467, #4269, #5445, .T. ) ;
#3661 = ADVANCED_FACE ( 'NONE', ( #4359 ), #4239, .F. ) ;
#3662 = EDGE_CURVE ( 'NONE', #1461, #4701, #2325, .T. ) ;
#3663 = LINE ( 'NONE', #6001, #2485 ) ;
#3664 = EDGE_LOOP ( 'NONE', ( #4674, #6027, #706, #2457 ) ) ;
#3665 = VECTOR ( 'NONE', #3399, 1000.000000000000000 ) ;
#3666 = PLANE ( 'NONE',  #4081 ) ;
#3667 = LINE ( 'NONE', #688, #7695 ) ;
#3668 = CARTESIAN_POINT ( 'NONE',  ( 1.149999999999999911, 0.2000000000000000111, 0.3249999999999998446 ) ) ;
#3669 = ORIENTED_EDGE ( 'NONE', *, *, #3135, .F. ) ;
#3670 = CARTESIAN_POINT ( 'NONE',  ( -1.149999999999999467, 0.000000000000000000, 0.8250000000000002887 ) ) ;
#3671 = ORIENTED_EDGE ( 'NONE', *, *, #7496, .F. ) ;
#3672 = VECTOR ( 'NONE', #6269, 1000.000000000000000 ) ;
#3673 = CARTESIAN_POINT ( 'NONE',  ( -0.3250000000000026756, 0.04999999999999999584, -1.200000000000000178 ) ) ;
#3674 = PRESENTATION_LAYER_ASSIGNMENT (  '', '', ( #419 ) ) ;
#3675 = FACE_OUTER_BOUND ( 'NONE', #1448, .T. ) ;
#3676 = DIRECTION ( 'NONE',  ( -3.614007241618346306E-16, 0.000000000000000000, -1.000000000000000000 ) ) ;
#3677 = CARTESIAN_POINT ( 'NONE',  ( -1.499999999999999778, 0.2000000000000000111, 0.3750000000000002776 ) ) ;
#3678 = CARTESIAN_POINT ( 'NONE',  ( -6.776263578034401480E-17, 0.05000000000000000278, -0.3750000000000000555 ) ) ;
#3679 = ORIENTED_EDGE ( 'NONE', *, *, #850, .T. ) ;
#3680 = DIRECTION ( 'NONE',  ( -0.000000000000000000, -1.000000000000000000, -0.000000000000000000 ) ) ;
#3681 = VERTEX_POINT ( 'NONE', #3133 ) ;
#3682 = AXIS2_PLACEMENT_3D ( 'NONE', #7515, #1989, #4357 ) ;
#3683 = ORIENTED_EDGE ( 'NONE', *, *, #6870, .T. ) ;
#3684 = ORIENTED_EDGE ( 'NONE', *, *, #6144, .T. ) ;
#3685 = EDGE_CURVE ( 'NONE', #1234, #903, #1286, .T. ) ;
#3686 = ORIENTED_EDGE ( 'NONE', *, *, #5324, .T. ) ;
#3687 = EDGE_CURVE ( 'NONE', #612, #1215, #705, .T. ) ;
#3688 = LINE ( 'NONE', #2547, #3901 ) ;
#3689 = CARTESIAN_POINT ( 'NONE',  ( -1.500000000000000000, 0.2000000000000000111, -0.6249999999999996669 ) ) ;
#3690 = AXIS2_PLACEMENT_3D ( 'NONE', #3278, #1426, #6201 ) ;
#3691 = DIRECTION ( 'NONE',  ( 0.000000000000000000, 0.000000000000000000, 1.000000000000000000 ) ) ;
#3692 = FILL_AREA_STYLE_COLOUR ( '', #1565 ) ;
#3693 = ORIENTED_EDGE ( 'NONE', *, *, #4009, .T. ) ;
#3694 = ORIENTED_EDGE ( 'NONE', *, *, #550, .T. ) ;
#3695 = CARTESIAN_POINT ( 'NONE',  ( 1.500000000000000000, 0.2000000000000000111, -0.8750000000000003331 ) ) ;
#3696 = DIRECTION ( 'NONE',  ( -0.000000000000000000, -1.000000000000000000, -0.000000000000000000 ) ) ;
#3697 = VECTOR ( 'NONE', #3955, 1000.000000000000000 ) ;
#3698 = AXIS2_PLACEMENT_3D ( 'NONE', #4872, #4284, #6658 ) ;
#3699 = DIRECTION ( 'NONE',  ( 0.000000000000000000, 1.000000000000000000, 0.000000000000000000 ) ) ;
#3700 = FACE_OUTER_BOUND ( 'NONE', #476, .T. ) ;
#3701 = ORIENTED_EDGE ( 'NONE', *, *, #2107, .T. ) ;
#3702 = VECTOR ( 'NONE', #305, 1000.000000000000000 ) ;
#3703 = PLANE ( 'NONE',  #3717 ) ;
#3704 = LINE ( 'NONE', #7266, #6988 ) ;
#3705 = ORIENTED_EDGE ( 'NONE', *, *, #510, .T. ) ;
#3706 = VECTOR ( 'NONE', #3132, 1000.000000000000000 ) ;
#3707 = ORIENTED_EDGE ( 'NONE', *, *, #4907, .F. ) ;
#3708 = VECTOR ( 'NONE', #4139, 1000.000000000000000 ) ;
#3709 = ADVANCED_FACE ( 'NONE', ( #821 ), #4977, .F. ) ;
#3710 = EDGE_CURVE ( 'NONE', #5560, #4190, #3958, .T. ) ;
#3711 = EDGE_CURVE ( 'NONE', #1495, #4821, #6252, .T. ) ;
#3712 = DIRECTION ( 'NONE',  ( 0.000000000000000000, 0.000000000000000000, 1.000000000000000000 ) ) ;
#3713 = CARTESIAN_POINT ( 'NONE',  ( -0.3250000000000026756, 0.2000000000000000111, -1.200000000000000178 ) ) ;
#3714 = ORIENTED_EDGE ( 'NONE', *, *, #4625, .T. ) ;
#3715 = CIRCLE ( 'NONE', #2084, 0.05000000000000012768 ) ;
#3716 = LINE ( 'NONE', #5512, #2227 ) ;
#3717 = AXIS2_PLACEMENT_3D ( 'NONE', #5657, #6080, #844 ) ;
#3718 = EDGE_CURVE ( 'NONE', #7302, #4412, #3919, .T. ) ;
#3719 = EDGE_CURVE ( 'NONE', #3275, #6675, #194, .T. ) ;
#3720 = DIRECTION ( 'NONE',  ( 1.000000000000000000, 0.000000000000000000, 0.000000000000000000 ) ) ;
#3721 = EDGE_CURVE ( 'NONE', #3294, #4525, #350, .T. ) ;
#3722 = LINE ( 'NONE', #5405, #5190 ) ;
#3723 = LINE ( 'NONE', #3677, #5710 ) ;
#3724 = LINE ( 'NONE', #5407, #7452 ) ;
#3725 = ORIENTED_EDGE ( 'NONE', *, *, #2090, .T. ) ;
#3726 = CARTESIAN_POINT ( 'NONE',  ( -1.199999999999999956, 0.04999999999999999584, -0.6249999999999998890 ) ) ;
#3727 = VECTOR ( 'NONE', #6314, 1000.000000000000000 ) ;
#3728 = ORIENTED_EDGE ( 'NONE', *, *, #5880, .F. ) ;
#3729 = EDGE_LOOP ( 'NONE', ( #3340, #78, #7586, #4958 ) ) ;
#3730 = CYLINDRICAL_SURFACE ( 'NONE', #5517, 0.04999999999999991257 ) ;
#3731 = AXIS2_PLACEMENT_3D ( 'NONE', #1946, #1356, #3164 ) ;
#3732 = PLANE ( 'NONE',  #1168 ) ;
#3733 = FACE_OUTER_BOUND ( 'NONE', #1996, .T. ) ;
#3734 = SURFACE_SIDE_STYLE ('',( #717 ) ) ;
#3735 = VERTEX_POINT ( 'NONE', #939 ) ;
#3736 = VERTEX_POINT ( 'NONE', #5054 ) ;
#3737 = EDGE_LOOP ( 'NONE', ( #1114, #5824, #1449, #7170 ) ) ;
#3738 = EDGE_CURVE ( 'NONE', #2437, #929, #227, .T. ) ;
#3739 = CARTESIAN_POINT ( 'NONE',  ( -1.199999999999999734, 0.2000000000000000111, 0.1750000000000000999 ) ) ;
#3740 = DIRECTION ( 'NONE',  ( 0.000000000000000000, 0.000000000000000000, 1.000000000000000000 ) ) ;
#3741 = PRESENTATION_LAYER_ASSIGNMENT (  '', '', ( #483 ) ) ;
#3742 = DIRECTION ( 'NONE',  ( -1.000000000000000000, 0.000000000000000000, -0.000000000000000000 ) ) ;
#3743 = CARTESIAN_POINT ( 'NONE',  ( 0.1249999999999970718, 0.2000000000000000111, -1.200000000000000178 ) ) ;
#3744 = VECTOR ( 'NONE', #4288, 1000.000000000000000 ) ;
#3745 = ORIENTED_EDGE ( 'NONE', *, *, #6336, .T. ) ;
#3746 = LINE ( 'NONE', #769, #3846 ) ;
#3747 = LINE ( 'NONE', #7340, #4743 ) ;
#3748 = EDGE_LOOP ( 'NONE', ( #5513, #4459, #2984, #3220, #1004, #2068 ) ) ;
#3749 = FACE_OUTER_BOUND ( 'NONE', #7322, .T. ) ;
#3750 = FACE_OUTER_BOUND ( 'NONE', #6203, .T. ) ;
#3751 = VERTEX_POINT ( 'NONE', #901 ) ;
#3752 = CARTESIAN_POINT ( 'NONE',  ( -0.1250000000000112688, 0.000000000000000000, -1.500000000000000000 ) ) ;
#3753 = VERTEX_POINT ( 'NONE', #1991 ) ;
#3754 = CARTESIAN_POINT ( 'NONE',  ( -1.199999999999999734, 0.000000000000000000, 0.3750000000000002220 ) ) ;
#3755 = LINE ( 'NONE', #6129, #4318 ) ;
#3756 = DIRECTION ( 'NONE',  ( 0.000000000000000000, -1.000000000000000000, 0.000000000000000000 ) ) ;
#3757 = PLANE ( 'NONE',  #2070 ) ;
#3758 = ORIENTED_EDGE ( 'NONE', *, *, #7559, .T. ) ;
#3759 = DIRECTION ( 'NONE',  ( 0.000000000000000000, 0.000000000000000000, -1.000000000000000000 ) ) ;
#3760 = ORIENTED_EDGE ( 'NONE', *, *, #2511, .F. ) ;
#3761 = CIRCLE ( 'NONE', #2765, 0.04999999999999991257 ) ;
#3762 = ADVANCED_FACE ( 'NONE', ( #6334 ), #3291, .F. ) ;
#3763 = EDGE_CURVE ( 'NONE', #5249, #3940, #5636, .T. ) ;
#3764 = EDGE_CURVE ( 'NONE', #2279, #3514, #1397, .T. ) ;
#3765 = ORIENTED_EDGE ( 'NONE', *, *, #2974, .F. ) ;
#3766 = ORIENTED_EDGE ( 'NONE', *, *, #945, .T. ) ;
#3767 = ORIENTED_EDGE ( 'NONE', *, *, #848, .F. ) ;
#3768 = DIRECTION ( 'NONE',  ( -0.000000000000000000, -1.000000000000000000, -0.000000000000000000 ) ) ;
#3769 = AXIS2_PLACEMENT_3D ( 'NONE', #2044, #4995, #4446 ) ;
#3770 = CARTESIAN_POINT ( 'NONE',  ( -0.6250000000000026645, 0.2000000000000000111, -1.500000000000000000 ) ) ;
#3771 = DIRECTION ( 'NONE',  ( 0.000000000000000000, 0.000000000000000000, -1.000000000000000000 ) ) ;
#3772 = VERTEX_POINT ( 'NONE', #1437 ) ;
#3773 = ORIENTED_EDGE ( 'NONE', *, *, #6716, .F. ) ;
#3774 = ORIENTED_EDGE ( 'NONE', *, *, #7012, .T. ) ;
#3775 = DIRECTION ( 'NONE',  ( 0.000000000000000000, 0.000000000000000000, -1.000000000000000000 ) ) ;
#3776 = LINE ( 'NONE', #1490, #1634 ) ;
#3777 = VECTOR ( 'NONE', #4016, 1000.000000000000000 ) ;
#3778 = CARTESIAN_POINT ( 'NONE',  ( -0.8750000000000026645, 0.2000000000000000111, -1.500000000000000000 ) ) ;
#3779 = EDGE_CURVE ( 'NONE', #3894, #5590, #2153, .T. ) ;
#3780 = DIRECTION ( 'NONE',  ( 1.000000000000000000, 0.000000000000000000, -2.891205793294679332E-14 ) ) ;
#3781 = ORIENTED_EDGE ( 'NONE', *, *, #3042, .T. ) ;
#3782 = LINE ( 'NONE', #5621, #1587 ) ;
#3783 = FACE_BOUND ( 'NONE', #1091, .T. ) ;
#3784 = DIRECTION ( 'NONE',  ( 0.7071067811865474617, 0.000000000000000000, -0.7071067811865474617 ) ) ;
#3785 = ORIENTED_EDGE ( 'NONE', *, *, #2677, .T. ) ;
#3786 = EDGE_CURVE ( 'NONE', #548, #2469, #443, .T. ) ;
#3787 = PLANE ( 'NONE',  #5074 ) ;
#3788 = DIRECTION ( 'NONE',  ( 0.000000000000000000, 0.000000000000000000, 1.000000000000000000 ) ) ;
#3789 = ORIENTED_EDGE ( 'NONE', *, *, #2964, .T. ) ;
#3790 = LINE ( 'NONE', #5592, #4235 ) ;
#3791 = AXIS2_PLACEMENT_3D ( 'NONE', #2309, #5902, #5791 ) ;
#3792 = ORIENTED_EDGE ( 'NONE', *, *, #6871, .T. ) ;
#3793 = DIRECTION ( 'NONE',  ( -2.891205793294679332E-14, -0.000000000000000000, -1.000000000000000000 ) ) ;
#3794 = AXIS2_PLACEMENT_3D ( 'NONE', #7623, #565, #2883 ) ;
#3795 = CARTESIAN_POINT ( 'NONE',  ( -1.199999999999999956, 0.7500000000000000000, -1.200000000000000178 ) ) ;
#3796 = DIRECTION ( 'NONE',  ( -1.000000000000000000, -0.000000000000000000, 1.807003620809173153E-16 ) ) ;
#3797 = ORIENTED_EDGE ( 'NONE', *, *, #4649, .T. ) ;
#3798 = DIRECTION ( 'NONE',  ( 0.000000000000000000, -1.000000000000000000, 0.000000000000000000 ) ) ;
#3799 = VECTOR ( 'NONE', #3175, 1000.000000000000000 ) ;
#3800 = ORIENTED_EDGE ( 'NONE', *, *, #2997, .T. ) ;
#3801 = DIRECTION ( 'NONE',  ( -1.000000000000000000, 0.000000000000000000, 1.807003620809173153E-16 ) ) ;
#3802 = EDGE_CURVE ( 'NONE', #2214, #1292, #4960, .T. ) ;
#3803 = LINE ( 'NONE', #2120, #3937 ) ;
#3804 = ADVANCED_FACE ( 'NONE', ( #3842 ), #6212, .T. ) ;
#3805 = EDGE_CURVE ( 'NONE', #6267, #4377, #5940, .T. ) ;
#3806 = DIRECTION ( 'NONE',  ( 0.000000000000000000, 0.000000000000000000, -1.000000000000000000 ) ) ;
#3807 = CARTESIAN_POINT ( 'NONE',  ( -1.199999999999999734, 0.2000000000000000111, 0.1250000000000001943 ) ) ;
#3808 = ORIENTED_EDGE ( 'NONE', *, *, #3805, .F. ) ;
#3809 = AXIS2_PLACEMENT_3D ( 'NONE', #2464, #4857, #702 ) ;
#3810 = ORIENTED_EDGE ( 'NONE', *, *, #4635, .F. ) ;
#3811 = ORIENTED_EDGE ( 'NONE', *, *, #685, .F. ) ;
#3812 = DIRECTION ( 'NONE',  ( 0.000000000000000000, 0.000000000000000000, -1.000000000000000000 ) ) ;
#3813 = DIRECTION ( 'NONE',  ( 0.000000000000000000, 1.000000000000000000, 0.000000000000000000 ) ) ;
#3814 = AXIS2_PLACEMENT_3D ( 'NONE', #6755, #4498, #297 ) ;
#3815 =( LENGTH_UNIT ( ) NAMED_UNIT ( * ) SI_UNIT ( .MILLI., .METRE. ) );
#3816 = CARTESIAN_POINT ( 'NONE',  ( 0.8249999999999975131, 0.2000000000000000111, -1.149999999999999911 ) ) ;
#3817 = DIRECTION ( 'NONE',  ( 1.000000000000000000, 0.000000000000000000, -0.000000000000000000 ) ) ;
#3818 = ORIENTED_EDGE ( 'NONE', *, *, #3284, .F. ) ;
#3819 = ORIENTED_EDGE ( 'NONE', *, *, #2652, .T. ) ;
#3820 = LINE ( 'NONE', #6787, #970 ) ;
#3821 = AXIS2_PLACEMENT_3D ( 'NONE', #1532, #5618, #4411 ) ;
#3822 = AXIS2_PLACEMENT_3D ( 'NONE', #2480, #198, #1372 ) ;
#3823 = CARTESIAN_POINT ( 'NONE',  ( -0.7750000000000001332, 0.05000000000000000278, -0.7750000000000001332 ) ) ;
#3824 = DIRECTION ( 'NONE',  ( 0.000000000000000000, 1.000000000000000000, 0.000000000000000000 ) ) ;
#3825 = DIRECTION ( 'NONE',  ( 1.000000000000000000, 0.000000000000000000, 0.000000000000000000 ) ) ;
#3826 = ORIENTED_EDGE ( 'NONE', *, *, #4149, .F. ) ;
#3827 = CIRCLE ( 'NONE', #67, 0.05000000000000012768 ) ;
#3828 = AXIS2_PLACEMENT_3D ( 'NONE', #748, #1327, #6728 ) ;
#3829 = DIRECTION ( 'NONE',  ( 0.000000000000000000, 0.000000000000000000, -1.000000000000000000 ) ) ;
#3830 = LINE ( 'NONE', #2530, #4097 ) ;
#3831 = ORIENTED_EDGE ( 'NONE', *, *, #5765, .F. ) ;
#3832 = CARTESIAN_POINT ( 'NONE',  ( 1.500000000000000222, 0.04999999999999969746, 1.499999999999999778 ) ) ;
#3833 = EDGE_CURVE ( 'NONE', #6098, #6443, #4472, .T. ) ;
#3834 = VECTOR ( 'NONE', #1056, 1000.000000000000000 ) ;
#3835 = EDGE_CURVE ( 'NONE', #1983, #7482, #5103, .T. ) ;
#3836 = AXIS2_PLACEMENT_3D ( 'NONE', #1035, #2288, #4685 ) ;
#3837 = ORIENTED_EDGE ( 'NONE', *, *, #1819, .T. ) ;
#3838 = VECTOR ( 'NONE', #1675, 1000.000000000000000 ) ;
#3839 = CARTESIAN_POINT ( 'NONE',  ( -0.1250000000000112688, 0.2000000000000000111, -1.500000000000000000 ) ) ;
#3840 = VECTOR ( 'NONE', #5433, 1000.000000000000000 ) ;
#3841 = DIRECTION ( 'NONE',  ( 0.000000000000000000, 1.000000000000000000, 0.000000000000000000 ) ) ;
#3842 = FACE_OUTER_BOUND ( 'NONE', #1394, .T. ) ;
#3843 = EDGE_LOOP ( 'NONE', ( #5957, #5506, #1391, #663, #6019, #6891 ) ) ;
#3844 = CARTESIAN_POINT ( 'NONE',  ( 0.8249999999999975131, 0.2000000000000000111, -1.149999999999999911 ) ) ;
#3845 = ORIENTED_EDGE ( 'NONE', *, *, #4149, .T. ) ;
#3846 = VECTOR ( 'NONE', #1975, 1000.000000000000000 ) ;
#3847 = ORIENTED_EDGE ( 'NONE', *, *, #7155, .F. ) ;
#3848 = ORIENTED_EDGE ( 'NONE', *, *, #2373, .F. ) ;
#3849 = DIRECTION ( 'NONE',  ( -0.000000000000000000, -1.000000000000000000, -0.000000000000000000 ) ) ;
#3850 = LINE ( 'NONE', #316, #3799 ) ;
#3851 = DIRECTION ( 'NONE',  ( 0.000000000000000000, 0.000000000000000000, 1.000000000000000000 ) ) ;
#3852 = CARTESIAN_POINT ( 'NONE',  ( -1.499999999999999556, 0.2000000000000000111, 0.8750000000000003331 ) ) ;
#3853 = ORIENTED_EDGE ( 'NONE', *, *, #3135, .T. ) ;
#3854 = VECTOR ( 'NONE', #270, 1000.000000000000000 ) ;
#3855 = VERTEX_POINT ( 'NONE', #4507 ) ;
#3856 = ORIENTED_EDGE ( 'NONE', *, *, #1879, .T. ) ;
#3857 = LINE ( 'NONE', #3695, #3744 ) ;
#3858 = CARTESIAN_POINT ( 'NONE',  ( 0.1749999999999973244, 0.2000000000000000111, -1.149999999999999467 ) ) ;
#3859 = EDGE_CURVE ( 'NONE', #1802, #6580, #7704, .T. ) ;
#3860 = VECTOR ( 'NONE', #581, 1000.000000000000000 ) ;
#3861 = FACE_OUTER_BOUND ( 'NONE', #2985, .T. ) ;
#3862 = LINE ( 'NONE', #3816, #3672 ) ;
#3863 = DIRECTION ( 'NONE',  ( 0.000000000000000000, 0.000000000000000000, 1.000000000000000000 ) ) ;
#3864 = ORIENTED_EDGE ( 'NONE', *, *, #1223, .T. ) ;
#3865 = ORIENTED_EDGE ( 'NONE', *, *, #6811, .T. ) ;
#3866 = DIRECTION ( 'NONE',  ( 0.000000000000000000, 1.000000000000000000, 0.000000000000000000 ) ) ;
#3867 = PRESENTATION_LAYER_ASSIGNMENT (  '', '', ( #607 ) ) ;
#3868 = DIRECTION ( 'NONE',  ( 0.000000000000000000, 0.000000000000000000, -1.000000000000000000 ) ) ;
#3869 = CARTESIAN_POINT ( 'NONE',  ( -1.499999999999999556, 0.2000000000000000111, 0.8750000000000003331 ) ) ;
#3870 = ADVANCED_FACE ( 'NONE', ( #1096 ), #2861, .F. ) ;
#3871 = EDGE_CURVE ( 'NONE', #3396, #4525, #3523, .T. ) ;
#3872 = EDGE_CURVE ( 'NONE', #4418, #2986, #1676, .T. ) ;
#3873 = VERTEX_POINT ( 'NONE', #5293 ) ;
#3874 = CYLINDRICAL_SURFACE ( 'NONE', #3946, 0.04999999999999991257 ) ;
#3875 = LINE ( 'NONE', #1390, #6578 ) ;
#3876 = ORIENTED_EDGE ( 'NONE', *, *, #2905, .F. ) ;
#3877 = LINE ( 'NONE', #3281, #3486 ) ;
#3878 = ORIENTED_EDGE ( 'NONE', *, *, #2107, .F. ) ;
#3879 = EDGE_CURVE ( 'NONE', #2923, #2279, #5215, .T. ) ;
#3880 = CARTESIAN_POINT ( 'NONE',  ( 0.8250000000000003997, 0.2000000000000000111, 1.149999999999999689 ) ) ;
#3881 = CARTESIAN_POINT ( 'NONE',  ( 0.000000000000000000, 0.000000000000000000, 0.000000000000000000 ) ) ;
#3882 = CARTESIAN_POINT ( 'NONE',  ( -0.6749999999999996003, 0.2000000000000000111, 1.149999999999999689 ) ) ;
#3883 = LINE ( 'NONE', #189, #5962 ) ;
#3884 = ORIENTED_EDGE ( 'NONE', *, *, #309, .F. ) ;
#3885 = CLOSED_SHELL ( 'NONE', ( #1552, #452, #2419, #551, #2331, #1669, #5393, #1126 ) ) ;
#3886 = VERTEX_POINT ( 'NONE', #4661 ) ;
#3887 = ORIENTED_EDGE ( 'NONE', *, *, #408, .F. ) ;
#3888 = PLANE ( 'NONE',  #3153 ) ;
#3889 = EDGE_CURVE ( 'NONE', #2788, #7560, #2929, .T. ) ;
#3890 = FACE_OUTER_BOUND ( 'NONE', #3103, .T. ) ;
#3891 = VECTOR ( 'NONE', #6707, 1000.000000000000000 ) ;
#3892 = FACE_OUTER_BOUND ( 'NONE', #1374, .T. ) ;
#3893 = DIRECTION ( 'NONE',  ( 1.000000000000000000, 0.000000000000000000, -3.614007241618346799E-16 ) ) ;
#3894 = VERTEX_POINT ( 'NONE', #5897 ) ;
#3895 = EDGE_LOOP ( 'NONE', ( #144, #1433, #1939, #6009 ) ) ;
#3896 = FACE_OUTER_BOUND ( 'NONE', #5368, .T. ) ;
#3897 = DIRECTION ( 'NONE',  ( 0.000000000000000000, 1.000000000000000000, 0.000000000000000000 ) ) ;
#3898 = CARTESIAN_POINT ( 'NONE',  ( 0.1249999999999800576, 0.2000000000000000111, -1.500000000000000000 ) ) ;
#3899 = ORIENTED_EDGE ( 'NONE', *, *, #1179, .T. ) ;
#3900 = VERTEX_POINT ( 'NONE', #7039 ) ;
#3901 = VECTOR ( 'NONE', #3616, 1000.000000000000000 ) ;
#3902 = CARTESIAN_POINT ( 'NONE',  ( 1.500000000000000000, 0.2000000000000000111, 0.8749999999999996669 ) ) ;
#3903 = DIRECTION ( 'NONE',  ( 0.7071067811865474617, 0.000000000000000000, -0.7071067811865474617 ) ) ;
#3904 = ORIENTED_EDGE ( 'NONE', *, *, #2249, .F. ) ;
#3905 = FACE_OUTER_BOUND ( 'NONE', #2299, .T. ) ;
#3906 = LINE ( 'NONE', #6952, #2042 ) ;
#3907 = EDGE_CURVE ( 'NONE', #2010, #7281, #386, .T. ) ;
#3908 = LINE ( 'NONE', #5544, #2939 ) ;
#3909 = EDGE_CURVE ( 'NONE', #7035, #4418, #7583, .T. ) ;
#3910 = EDGE_CURVE ( 'NONE', #2483, #3355, #7633, .T. ) ;
#3911 = CARTESIAN_POINT ( 'NONE',  ( 1.199999999999999956, 0.2000000000000000111, 0.6749999999999996003 ) ) ;
#3912 = ORIENTED_EDGE ( 'NONE', *, *, #2139, .T. ) ;
#3913 = DIRECTION ( 'NONE',  ( -1.000000000000000000, 0.000000000000000000, 1.807003620809173399E-16 ) ) ;
#3914 = ORIENTED_EDGE ( 'NONE', *, *, #6636, .F. ) ;
#3915 = ORIENTED_EDGE ( 'NONE', *, *, #2235, .T. ) ;
#3916 = DIRECTION ( 'NONE',  ( -0.000000000000000000, -0.000000000000000000, 1.000000000000000000 ) ) ;
#3917 = DIRECTION ( 'NONE',  ( -1.000000000000000000, 0.000000000000000000, 2.891205793294679332E-14 ) ) ;
#3918 = DIRECTION ( 'NONE',  ( 0.000000000000000000, 1.000000000000000000, 0.000000000000000000 ) ) ;
#3919 = LINE ( 'NONE', #2582, #5704 ) ;
#3920 = VECTOR ( 'NONE', #6139, 1000.000000000000000 ) ;
#3921 = CARTESIAN_POINT ( 'NONE',  ( 0.1250000000000003608, 0.2000000000000000111, 1.499999999999999778 ) ) ;
#3922 = VERTEX_POINT ( 'NONE', #3449 ) ;
#3923 = ORIENTED_EDGE ( 'NONE', *, *, #3527, .F. ) ;
#3924 = ORIENTED_EDGE ( 'NONE', *, *, #1654, .F. ) ;
#3925 = AXIS2_PLACEMENT_3D ( 'NONE', #470, #4158, #4856 ) ;
#3926 = CARTESIAN_POINT ( 'NONE',  ( 1.199999999999999956, 0.2000000000000000111, 0.1749999999999996558 ) ) ;
#3927 = DIRECTION ( 'NONE',  ( 1.000000000000000000, 0.000000000000000000, -8.673617379884037996E-14 ) ) ;
#3928 = CARTESIAN_POINT ( 'NONE',  ( 0.3750000000000003331, 0.2000000000000000111, 1.199999999999999734 ) ) ;
#3929 = DIRECTION ( 'NONE',  ( 0.000000000000000000, -1.000000000000000000, 0.000000000000000000 ) ) ;
#3930 = ORIENTED_EDGE ( 'NONE', *, *, #232, .T. ) ;
#3931 = VERTEX_POINT ( 'NONE', #7672 ) ;
#3932 = VECTOR ( 'NONE', #676, 1000.000000000000000 ) ;
#3933 = LINE ( 'NONE', #3351, #7618 ) ;
#3934 = DIRECTION ( 'NONE',  ( 0.000000000000000000, 0.000000000000000000, -1.000000000000000000 ) ) ;
#3935 = ADVANCED_FACE ( 'NONE', ( #2268 ), #6964, .T. ) ;
#3936 = EDGE_CURVE ( 'NONE', #4733, #3613, #5949, .T. ) ;
#3937 = VECTOR ( 'NONE', #6175, 1000.000000000000000 ) ;
#3938 = CARTESIAN_POINT ( 'NONE',  ( -0.6750000000000024869, 0.04999999999999999584, -1.149999999999999911 ) ) ;
#3939 = ORIENTED_EDGE ( 'NONE', *, *, #1902, .T. ) ;
#3940 = VERTEX_POINT ( 'NONE', #6412 ) ;
#3941 = DIRECTION ( 'NONE',  ( -3.614007241618346799E-16, 0.000000000000000000, -1.000000000000000000 ) ) ;
#3942 = ORIENTED_EDGE ( 'NONE', *, *, #7450, .F. ) ;
#3943 = FACE_OUTER_BOUND ( 'NONE', #3173, .T. ) ;
#3944 = LINE ( 'NONE', #1626, #7041 ) ;
#3945 = SURFACE_SIDE_STYLE ('',( #5199 ) ) ;
#3946 = AXIS2_PLACEMENT_3D ( 'NONE', #6243, #890, #1543 ) ;
#3947 = DIRECTION ( 'NONE',  ( 0.000000000000000000, 0.000000000000000000, 1.000000000000000000 ) ) ;
#3948 = VERTEX_POINT ( 'NONE', #1050 ) ;
#3949 = DIRECTION ( 'NONE',  ( -8.673617379883233989E-15, -0.000000000000000000, -1.000000000000000000 ) ) ;
#3950 = EDGE_LOOP ( 'NONE', ( #1258, #7077, #6102, #787 ) ) ;
#3951 = PRESENTATION_LAYER_ASSIGNMENT (  '', '', ( #7578 ) ) ;
#3952 = ADVANCED_FACE ( 'NONE', ( #503 ), #540, .T. ) ;
#3953 = VERTEX_POINT ( 'NONE', #3412 ) ;
#3954 = PRESENTATION_LAYER_ASSIGNMENT (  '', '', ( #5448 ) ) ;
#3955 = DIRECTION ( 'NONE',  ( 0.000000000000000000, 0.000000000000000000, 1.000000000000000000 ) ) ;
#3956 = LINE ( 'NONE', #3489, #3560 ) ;
#3957 = CARTESIAN_POINT ( 'NONE',  ( -1.499999999999999778, 0.2000000000000000111, 0.1250000000000002498 ) ) ;
#3958 = LINE ( 'NONE', #3332, #6951 ) ;
#3959 = AXIS2_PLACEMENT_3D ( 'NONE', #472, #2935, #2353 ) ;
#3960 = AXIS2_PLACEMENT_3D ( 'NONE', #4900, #4276, #6647 ) ;
#3961 = DIRECTION ( 'NONE',  ( -0.000000000000000000, 0.000000000000000000, 1.000000000000000000 ) ) ;
#3962 = EDGE_CURVE ( 'NONE', #3262, #2965, #1163, .T. ) ;
#3963 = EDGE_CURVE ( 'NONE', #6326, #4035, #7599, .T. ) ;
#3964 = EDGE_LOOP ( 'NONE', ( #3912, #58, #4438, #4751 ) ) ;
#3965 = ADVANCED_FACE ( 'NONE', ( #1638 ), #7083, .F. ) ;
#3966 = ORIENTED_EDGE ( 'NONE', *, *, #6573, .T. ) ;
#3967 = CIRCLE ( 'NONE', #6709, 0.04999999999999991257 ) ;
#3968 = VECTOR ( 'NONE', #4292, 1000.000000000000000 ) ;
#3969 = DIRECTION ( 'NONE',  ( 0.000000000000000000, 1.000000000000000000, 0.000000000000000000 ) ) ;
#3970 = CARTESIAN_POINT ( 'NONE',  ( 1.500000000000000000, 0.2000000000000000111, -0.8750000000000003331 ) ) ;
#3971 = DIRECTION ( 'NONE',  ( -0.000000000000000000, -1.000000000000000000, -0.000000000000000000 ) ) ;
#3972 = VERTEX_POINT ( 'NONE', #4119 ) ;
#3973 = ORIENTED_EDGE ( 'NONE', *, *, #6572, .F. ) ;
#3974 = VECTOR ( 'NONE', #5965, 1000.000000000000000 ) ;
#3975 = DIRECTION ( 'NONE',  ( 0.000000000000000000, 0.000000000000000000, -1.000000000000000000 ) ) ;
#3976 = DIRECTION ( 'NONE',  ( 0.000000000000000000, 1.000000000000000000, 0.000000000000000000 ) ) ;
#3977 = VECTOR ( 'NONE', #1544, 1000.000000000000000 ) ;
#3978 = DIRECTION ( 'NONE',  ( 0.000000000000000000, 0.000000000000000000, 1.000000000000000000 ) ) ;
#3979 = EDGE_CURVE ( 'NONE', #240, #2117, #703, .T. ) ;
#3980 = LINE ( 'NONE', #3354, #4098 ) ;
#3981 = EDGE_LOOP ( 'NONE', ( #5624, #778, #251, #15 ) ) ;
#3982 = ADVANCED_FACE ( 'NONE', ( #7193 ), #1239, .F. ) ;
#3983 = CARTESIAN_POINT ( 'NONE',  ( -0.3250000000000026756, 0.2000000000000000111, -1.149999999999999467 ) ) ;
#3984 = SURFACE_SIDE_STYLE ('',( #1537 ) ) ;
#3985 = DIRECTION ( 'NONE',  ( 1.000000000000000000, 0.000000000000000000, -0.000000000000000000 ) ) ;
#3986 = VECTOR ( 'NONE', #442, 1000.000000000000000 ) ;
#3987 = DIRECTION ( 'NONE',  ( 1.000000000000000000, 0.000000000000000000, -0.000000000000000000 ) ) ;
#3988 = CIRCLE ( 'NONE', #3731, 0.04999999999999991257 ) ;
#3989 = LINE ( 'NONE', #6364, #5699 ) ;
#3990 = LINE ( 'NONE', #4612, #5226 ) ;
#3991 = ORIENTED_EDGE ( 'NONE', *, *, #5667, .T. ) ;
#3992 = DIRECTION ( 'NONE',  ( 0.000000000000000000, 0.000000000000000000, -1.000000000000000000 ) ) ;
#3993 = EDGE_LOOP ( 'NONE', ( #2787, #1044, #1373, #5106 ) ) ;
#3994 = MECHANICAL_DESIGN_GEOMETRIC_PRESENTATION_REPRESENTATION (  '', ( #483 ), #6478 ) ;
#3995 = VERTEX_POINT ( 'NONE', #4268 ) ;
#3996 = LINE ( 'NONE', #5713, #6458 ) ;
#3997 = DIRECTION ( 'NONE',  ( 0.000000000000000000, 1.000000000000000000, 0.000000000000000000 ) ) ;
#3998 = FACE_OUTER_BOUND ( 'NONE', #3664, .T. ) ;
#3999 = CARTESIAN_POINT ( 'NONE',  ( -1.500000000000000000, 0.2000000000000000111, -0.6249999999999996669 ) ) ;
#4000 = COLOUR_RGB ( '',0.7921568627450980005, 0.8196078431372548767, 0.9333333333333333481 ) ;
#4001 = CARTESIAN_POINT ( 'NONE',  ( -1.199999999999999734, 0.2000000000000000111, 0.3250000000000002887 ) ) ;
#4002 = FILL_AREA_STYLE_COLOUR ( '', #6254 ) ;
#4003 = ORIENTED_EDGE ( 'NONE', *, *, #1024, .T. ) ;
#4004 = LINE ( 'NONE', #2237, #6283 ) ;
#4005 = LINE ( 'NONE', #6378, #7558 ) ;
#4006 = CARTESIAN_POINT ( 'NONE',  ( -0.3750000000000112688, 0.2000000000000000111, -1.500000000000000000 ) ) ;
#4007 = CARTESIAN_POINT ( 'NONE',  ( 0.6749999999999973799, 0.000000000000000000, -1.200000000000000178 ) ) ;
#4008 = VERTEX_POINT ( 'NONE', #64 ) ;
#4009 = EDGE_CURVE ( 'NONE', #5576, #2052, #6639, .T. ) ;
#4010 = ADVANCED_FACE ( 'NONE', ( #1277 ), #4231, .F. ) ;
#4011 = EDGE_CURVE ( 'NONE', #1685, #2052, #3635, .T. ) ;
#4012 = ORIENTED_EDGE ( 'NONE', *, *, #665, .T. ) ;
#4013 = DIRECTION ( 'NONE',  ( 0.000000000000000000, 1.000000000000000000, 0.000000000000000000 ) ) ;
#4014 = CARTESIAN_POINT ( 'NONE',  ( 1.499999999999997780, 0.2000000000000000111, 0.6249999999999765743 ) ) ;
#4015 = ORIENTED_EDGE ( 'NONE', *, *, #1176, .F. ) ;
#4016 = DIRECTION ( 'NONE',  ( 1.000000000000000000, 0.000000000000000000, 0.000000000000000000 ) ) ;
#4017 = VECTOR ( 'NONE', #2843, 1000.000000000000000 ) ;
#4018 = CARTESIAN_POINT ( 'NONE',  ( 1.500000000000000000, 0.2000000000000000111, -0.3750000000000003331 ) ) ;
#4019 = CARTESIAN_POINT ( 'NONE',  ( -1.149999999999999689, 0.2000000000000000111, -0.1749999999999997391 ) ) ;
#4020 = EDGE_LOOP ( 'NONE', ( #3282, #4714, #6586, #1610, #7472, #2508 ) ) ;
#4021 = EDGE_LOOP ( 'NONE', ( #2416, #3149, #1783, #7428 ) ) ;
#4022 = PLANE ( 'NONE',  #6590 ) ;
#4023 = DIRECTION ( 'NONE',  ( -0.000000000000000000, -0.000000000000000000, 1.000000000000000000 ) ) ;
#4024 = CARTESIAN_POINT ( 'NONE',  ( 1.500000000000000000, 0.2000000000000000111, -0.1250000000000002776 ) ) ;
#4025 = CIRCLE ( 'NONE', #3259, 0.04999999999999991257 ) ;
#4026 = CARTESIAN_POINT ( 'NONE',  ( 1.199999999999999956, 0.2000000000000000111, -0.1750000000000001832 ) ) ;
#4027 = PLANE ( 'NONE',  #7549 ) ;
#4028 = CARTESIAN_POINT ( 'NONE',  ( 0.8750000000000004441, 0.000000000000000000, 1.499999999999999778 ) ) ;
#4029 = CARTESIAN_POINT ( 'NONE',  ( -0.1249999999999996531, 0.000000000000000000, 1.499999999999999778 ) ) ;
#4030 = ORIENTED_EDGE ( 'NONE', *, *, #4311, .F. ) ;
#4031 = CARTESIAN_POINT ( 'NONE',  ( -1.199999999999999734, 0.04999999999999999584, -0.6749999999999997113 ) ) ;
#4032 = ORIENTED_EDGE ( 'NONE', *, *, #1499, .F. ) ;
#4033 = VECTOR ( 'NONE', #1653, 1000.000000000000000 ) ;
#4034 = ADVANCED_FACE ( 'NONE', ( #3557 ), #1866, .T. ) ;
#4035 = VERTEX_POINT ( 'NONE', #3670 ) ;
#4036 = DIRECTION ( 'NONE',  ( 0.000000000000000000, 1.000000000000000000, 0.000000000000000000 ) ) ;
#4037 = CARTESIAN_POINT ( 'NONE',  ( -1.149999999999999689, 0.2000000000000000111, -0.1749999999999997391 ) ) ;
#4038 = DIRECTION ( 'NONE',  ( 0.000000000000000000, 1.000000000000000000, 0.000000000000000000 ) ) ;
#4039 = DIRECTION ( 'NONE',  ( 1.807003620809173399E-16, 0.000000000000000000, 1.000000000000000000 ) ) ;
#4040 = DIRECTION ( 'NONE',  ( 0.000000000000000000, 0.000000000000000000, -1.000000000000000000 ) ) ;
#4041 = ORIENTED_EDGE ( 'NONE', *, *, #2471, .F. ) ;
#4042 = CARTESIAN_POINT ( 'NONE',  ( -1.199999999999999956, 0.7500000000000000000, -1.200000000000000178 ) ) ;
#4043 = CARTESIAN_POINT ( 'NONE',  ( 0.8750000000000000000, 0.05000000000000000278, 0.000000000000000000 ) ) ;
#4044 = LINE ( 'NONE', #7046, #73 ) ;
#4045 = CARTESIAN_POINT ( 'NONE',  ( 0.6750000000000002665, 0.2000000000000000111, 1.199999999999999734 ) ) ;
#4046 = VERTEX_POINT ( 'NONE', #3044 ) ;
#4047 = VERTEX_POINT ( 'NONE', #617 ) ;
#4048 = ORIENTED_EDGE ( 'NONE', *, *, #4271, .F. ) ;
#4049 = DIRECTION ( 'NONE',  ( 0.000000000000000000, -1.000000000000000000, 0.000000000000000000 ) ) ;
#4050 = CARTESIAN_POINT ( 'NONE',  ( 1.199999999999999956, 0.2000000000000000111, -0.6250000000000003331 ) ) ;
#4051 = VECTOR ( 'NONE', #1724, 1000.000000000000000 ) ;
#4052 = ORIENTED_EDGE ( 'NONE', *, *, #944, .F. ) ;
#4053 = ADVANCED_FACE ( 'NONE', ( #578 ), #5437, .T. ) ;
#4054 = ADVANCED_FACE ( 'NONE', ( #7235 ), #6048, .F. ) ;
#4055 = EDGE_CURVE ( 'NONE', #389, #1482, #6560, .T. ) ;
#4056 = DIRECTION ( 'NONE',  ( 0.000000000000000000, -1.000000000000000000, 0.000000000000000000 ) ) ;
#4057 = DIRECTION ( 'NONE',  ( 0.000000000000000000, 0.000000000000000000, 1.000000000000000000 ) ) ;
#4058 = PRESENTATION_STYLE_ASSIGNMENT (( #5347 ) ) ;
#4059 = ORIENTED_EDGE ( 'NONE', *, *, #6286, .F. ) ;
#4060 = AXIS2_PLACEMENT_3D ( 'NONE', #1492, #5617, #285 ) ;
#4061 = DIRECTION ( 'NONE',  ( 0.000000000000000000, 1.000000000000000000, 0.000000000000000000 ) ) ;
#4062 = LINE ( 'NONE', #2881, #2382 ) ;
#4063 = EDGE_CURVE ( 'NONE', #6741, #1689, #3007, .T. ) ;
#4064 = CARTESIAN_POINT ( 'NONE',  ( 0.3250000000000003997, 0.2000000000000000111, 1.149999999999999689 ) ) ;
#4065 = DIRECTION ( 'NONE',  ( 0.000000000000000000, 0.000000000000000000, -1.000000000000000000 ) ) ;
#4066 = CARTESIAN_POINT ( 'NONE',  ( 1.500000000000000000, 0.2000000000000000111, 0.1249999999999997363 ) ) ;
#4067 = DIRECTION ( 'NONE',  ( 0.000000000000000000, 1.000000000000000000, 0.000000000000000000 ) ) ;
#4068 = VERTEX_POINT ( 'NONE', #5355 ) ;
#4069 = AXIS2_PLACEMENT_3D ( 'NONE', #2934, #4125, #6972 ) ;
#4070 = FACE_OUTER_BOUND ( 'NONE', #1021, .T. ) ;
#4071 = VERTEX_POINT ( 'NONE', #1154 ) ;
#4072 = VERTEX_POINT ( 'NONE', #3587 ) ;
#4073 = VECTOR ( 'NONE', #5329, 1000.000000000000000 ) ;
#4074 = CARTESIAN_POINT ( 'NONE',  ( -1.499999999999999778, 0.04999999999999796274, -1.500000000000000222 ) ) ;
#4075 = LINE ( 'NONE', #4698, #5440 ) ;
#4076 = EDGE_CURVE ( 'NONE', #5968, #6985, #5885, .T. ) ;
#4077 = CARTESIAN_POINT ( 'NONE',  ( 1.149999999999999911, 0.2000000000000000111, -0.6750000000000002665 ) ) ;
#4078 = DIRECTION ( 'NONE',  ( 0.000000000000000000, 0.000000000000000000, -1.000000000000000000 ) ) ;
#4079 = EDGE_CURVE ( 'NONE', #3873, #6997, #7146, .T. ) ;
#4080 = CARTESIAN_POINT ( 'NONE',  ( 0.3750000000000003331, 0.2000000000000000111, 1.499999999999999778 ) ) ;
#4081 = AXIS2_PLACEMENT_3D ( 'NONE', #7156, #6557, #1785 ) ;
#4082 = STYLED_ITEM ( 'NONE', ( #155 ), #3303 ) ;
#4083 = DIRECTION ( 'NONE',  ( 1.000000000000000000, 0.000000000000000000, -0.000000000000000000 ) ) ;
#4084 = VECTOR ( 'NONE', #5456, 1000.000000000000000 ) ;
#4085 = DIRECTION ( 'NONE',  ( 0.000000000000000000, 0.000000000000000000, 1.000000000000000000 ) ) ;
#4086 = VECTOR ( 'NONE', #2502, 1000.000000000000000 ) ;
#4087 = FACE_OUTER_BOUND ( 'NONE', #6453, .T. ) ;
#4088 = CARTESIAN_POINT ( 'NONE',  ( -0.3249999999999997891, 0.2000000000000000111, 1.149999999999999689 ) ) ;
#4089 = VERTEX_POINT ( 'NONE', #7735 ) ;
#4090 = ORIENTED_EDGE ( 'NONE', *, *, #7251, .F. ) ;
#4091 = DIRECTION ( 'NONE',  ( -0.000000000000000000, -1.000000000000000000, -0.000000000000000000 ) ) ;
#4092 = VECTOR ( 'NONE', #3331, 1000.000000000000000 ) ;
#4093 = ORIENTED_EDGE ( 'NONE', *, *, #3718, .T. ) ;
#4094 = CARTESIAN_POINT ( 'NONE',  ( -1.499999999999999778, 0.2000000000000000111, 0.1250000000000002498 ) ) ;
#4095 = CARTESIAN_POINT ( 'NONE',  ( 1.500000000000000000, 0.000000000000000000, 0.1249999999999997363 ) ) ;
#4096 = CARTESIAN_POINT ( 'NONE',  ( 1.149999999999999911, 0.2000000000000000111, -0.6750000000000002665 ) ) ;
#4097 = VECTOR ( 'NONE', #893, 1000.000000000000000 ) ;
#4098 = VECTOR ( 'NONE', #6943, 1000.000000000000000 ) ;
#4099 = ADVANCED_FACE ( 'NONE', ( #7658 ), #2845, .T. ) ;
#4100 = CARTESIAN_POINT ( 'NONE',  ( 1.499999999999997780, 0.000000000000000000, 0.6249999999999765743 ) ) ;
#4101 = DIRECTION ( 'NONE',  ( -0.000000000000000000, 0.000000000000000000, -1.000000000000000000 ) ) ;
#4102 = DIRECTION ( 'NONE',  ( -1.807003620809173399E-16, 0.000000000000000000, -1.000000000000000000 ) ) ;
#4103 = LINE ( 'NONE', #1193, #1291 ) ;
#4104 = DIRECTION ( 'NONE',  ( 0.000000000000000000, -1.000000000000000000, 0.000000000000000000 ) ) ;
#4105 = CARTESIAN_POINT ( 'NONE',  ( -0.3749999999999996669, 0.04999999999999999584, 1.199999999999999734 ) ) ;
#4106 = ORIENTED_EDGE ( 'NONE', *, *, #2276, .F. ) ;
#4107 = CIRCLE ( 'NONE', #1343, 0.04999999999999991257 ) ;
#4108 = ADVANCED_FACE ( 'NONE', ( #5279 ), #5196, .T. ) ;
#4109 = EDGE_CURVE ( 'NONE', #2662, #2024, #6399, .T. ) ;
#4110 = ADVANCED_FACE ( 'NONE', ( #2219 ), #2957, .T. ) ;
#4111 = CARTESIAN_POINT ( 'NONE',  ( -0.1750000000000025147, 0.04999999999999999584, -1.149999999999999911 ) ) ;
#4112 = ADVANCED_FACE ( 'NONE', ( #1661 ), #2802, .T. ) ;
#4114 = EDGE_LOOP ( 'NONE', ( #4680, #5145, #4226, #5717 ) ) ;
#4113 = ORIENTED_EDGE ( 'NONE', *, *, #2715, .T. ) ;
#4115 = VECTOR ( 'NONE', #6642, 1000.000000000000000 ) ;
#4116 = CARTESIAN_POINT ( 'NONE',  ( 1.149999999999999911, 0.2000000000000000111, -0.1750000000000001832 ) ) ;
#4117 = FACE_OUTER_BOUND ( 'NONE', #1995, .T. ) ;
#4118 = CARTESIAN_POINT ( 'NONE',  ( 1.199999999999999956, 0.2000000000000000111, 0.1749999999999996558 ) ) ;
#4119 = CARTESIAN_POINT ( 'NONE',  ( 1.500000000000000000, 0.000000000000000000, 0.3749999999999996669 ) ) ;
#4120 = ORIENTED_EDGE ( 'NONE', *, *, #7179, .T. ) ;
#4121 = CARTESIAN_POINT ( 'NONE',  ( 1.149999999999999911, 0.05000000000000000278, 0.000000000000000000 ) ) ;
#4122 = VECTOR ( 'NONE', #3550, 1000.000000000000000 ) ;
#4123 = CARTESIAN_POINT ( 'NONE',  ( -0.6249999999999996669, 0.000000000000000000, 1.199999999999999734 ) ) ;
#4124 = VECTOR ( 'NONE', #5033, 1000.000000000000000 ) ;
#4125 = DIRECTION ( 'NONE',  ( 0.000000000000000000, -1.000000000000000000, 0.000000000000000000 ) ) ;
#4126 = CARTESIAN_POINT ( 'NONE',  ( -1.199999999999999734, 0.000000000000000000, -0.8249999999999998446 ) ) ;
#4127 = FACE_OUTER_BOUND ( 'NONE', #4518, .T. ) ;
#4128 = ORIENTED_EDGE ( 'NONE', *, *, #1383, .T. ) ;
#4129 = DIRECTION ( 'NONE',  ( 0.000000000000000000, 0.000000000000000000, -1.000000000000000000 ) ) ;
#4130 = ORIENTED_EDGE ( 'NONE', *, *, #3833, .T. ) ;
#4131 = EDGE_CURVE ( 'NONE', #6880, #2788, #3436, .T. ) ;
#4132 = CARTESIAN_POINT ( 'NONE',  ( -0.6749999999999996003, 0.000000000000000000, 1.199999999999999734 ) ) ;
#4133 = LINE ( 'NONE', #5309, #4803 ) ;
#4134 = DIRECTION ( 'NONE',  ( -1.000000000000000000, 0.000000000000000000, -0.000000000000000000 ) ) ;
#4135 = ORIENTED_EDGE ( 'NONE', *, *, #2234, .F. ) ;
#4136 = CARTESIAN_POINT ( 'NONE',  ( -1.199999999999999956, 0.7500000000000000000, -1.300000000000000266 ) ) ;
#4137 = DIRECTION ( 'NONE',  ( -0.000000000000000000, -1.000000000000000000, -0.000000000000000000 ) ) ;
#4138 = SURFACE_SIDE_STYLE ('',( #3025 ) ) ;
#4139 = DIRECTION ( 'NONE',  ( -0.000000000000000000, -1.000000000000000000, -0.000000000000000000 ) ) ;
#4140 = UNCERTAINTY_MEASURE_WITH_UNIT (LENGTH_MEASURE( 1.000000000000000082E-05 ), #4990, 'distance_accuracy_value', 'NONE');
#4141 = DIRECTION ( 'NONE',  ( -1.000000000000000000, 0.000000000000000000, 8.673617379883233989E-15 ) ) ;
#4142 = VECTOR ( 'NONE', #3181, 1000.000000000000000 ) ;
#4143 = FACE_OUTER_BOUND ( 'NONE', #209, .T. ) ;
#4144 = VERTEX_POINT ( 'NONE', #7108 ) ;
#4145 = CARTESIAN_POINT ( 'NONE',  ( 0.6250000000000003331, 0.2000000000000000111, 1.199999999999999734 ) ) ;
#4146 = VERTEX_POINT ( 'NONE', #1779 ) ;
#4147 = ORIENTED_EDGE ( 'NONE', *, *, #163, .F. ) ;
#4148 = VECTOR ( 'NONE', #2556, 1000.000000000000000 ) ;
#4149 = EDGE_CURVE ( 'NONE', #5946, #6433, #6071, .T. ) ;
#4150 = EDGE_CURVE ( 'NONE', #2358, #1570, #7622, .T. ) ;
#4151 = EDGE_CURVE ( 'NONE', #618, #1652, #6549, .T. ) ;
#4152 = CARTESIAN_POINT ( 'NONE',  ( 1.199999999999999956, 0.000000000000000000, 0.1749999999999996558 ) ) ;
#4153 = CARTESIAN_POINT ( 'NONE',  ( -1.199999999999999956, 0.8000000000000000444, -1.300000000000000266 ) ) ;
#4154 = CARTESIAN_POINT ( 'NONE',  ( -0.1749999999999996281, 0.000000000000000000, 1.199999999999999734 ) ) ;
#4155 = DIRECTION ( 'NONE',  ( 0.000000000000000000, 0.000000000000000000, 1.000000000000000000 ) ) ;
#4156 = CARTESIAN_POINT ( 'NONE',  ( -0.3749999999999996669, 0.2000000000000000111, 1.199999999999999734 ) ) ;
#4157 = AXIS2_PLACEMENT_3D ( 'NONE', #4986, #2750, #3216 ) ;
#4158 = DIRECTION ( 'NONE',  ( 0.000000000000000000, 1.000000000000000000, 0.000000000000000000 ) ) ;
#4159 = LINE ( 'NONE', #983, #1302 ) ;
#4160 = CARTESIAN_POINT ( 'NONE',  ( -1.499999999999999556, 0.000000000000000000, 0.6250000000000003331 ) ) ;
#4161 = DIRECTION ( 'NONE',  ( 1.000000000000000000, 0.000000000000000000, 0.000000000000000000 ) ) ;
#4162 = ORIENTED_EDGE ( 'NONE', *, *, #4726, .F. ) ;
#4163 = CARTESIAN_POINT ( 'NONE',  ( -0.3749999999999996669, 0.2000000000000000111, 1.199999999999999734 ) ) ;
#4164 = ORIENTED_EDGE ( 'NONE', *, *, #4206, .F. ) ;
#4165 = ORIENTED_EDGE ( 'NONE', *, *, #2179, .F. ) ;
#4166 = ORIENTED_EDGE ( 'NONE', *, *, #5529, .F. ) ;
#4167 = ORIENTED_EDGE ( 'NONE', *, *, #1512, .F. ) ;
#4168 = FACE_OUTER_BOUND ( 'NONE', #7523, .T. ) ;
#4169 = CARTESIAN_POINT ( 'NONE',  ( -1.149999999999999911, 0.2000000000000000111, -0.6749999999999997113 ) ) ;
#4170 = DIRECTION ( 'NONE',  ( 0.000000000000000000, -1.000000000000000000, 0.000000000000000000 ) ) ;
#4171 = ORIENTED_EDGE ( 'NONE', *, *, #4203, .F. ) ;
#4172 = EDGE_LOOP ( 'NONE', ( #115, #4759, #7681, #5593 ) ) ;
#4173 = EDGE_CURVE ( 'NONE', #2279, #1811, #1117, .T. ) ;
#4174 = EDGE_CURVE ( 'NONE', #4538, #3055, #6476, .T. ) ;
#4175 = VECTOR ( 'NONE', #1101, 1000.000000000000000 ) ;
#4176 = DIRECTION ( 'NONE',  ( 0.000000000000000000, 0.000000000000000000, 1.000000000000000000 ) ) ;
#4177 = FACE_OUTER_BOUND ( 'NONE', #866, .T. ) ;
#4178 = CARTESIAN_POINT ( 'NONE',  ( -1.499999999999999778, 0.000000000000000000, 0.3750000000000002776 ) ) ;
#4179 = CARTESIAN_POINT ( 'NONE',  ( 1.149999999999999911, 0.2000000000000000111, 0.1749999999999996558 ) ) ;
#4180 = VECTOR ( 'NONE', #206, 1000.000000000000000 ) ;
#4181 = DIRECTION ( 'NONE',  ( -1.000000000000000000, -0.000000000000000000, -0.000000000000000000 ) ) ;
#4182 = DIRECTION ( 'NONE',  ( -0.000000000000000000, -1.000000000000000000, -0.000000000000000000 ) ) ;
#4183 = AXIS2_PLACEMENT_3D ( 'NONE', #2628, #3927, #5026 ) ;
#4184 = VERTEX_POINT ( 'NONE', #3510 ) ;
#4185 = DIRECTION ( 'NONE',  ( 0.000000000000000000, 1.000000000000000000, 0.000000000000000000 ) ) ;
#4186 = DIRECTION ( 'NONE',  ( 1.000000000000000000, -0.000000000000000000, 0.000000000000000000 ) ) ;
#4187 = VECTOR ( 'NONE', #7129, 1000.000000000000000 ) ;
#4188 = CARTESIAN_POINT ( 'NONE',  ( 0.6249999999999971134, 0.04999999999999999584, -1.200000000000000178 ) ) ;
#4189 = DIRECTION ( 'NONE',  ( 0.000000000000000000, -0.000000000000000000, 1.000000000000000000 ) ) ;
#4190 = VERTEX_POINT ( 'NONE', #527 ) ;
#4191 = CARTESIAN_POINT ( 'NONE',  ( -1.199999999999999734, 0.2000000000000000111, -0.3249999999999999001 ) ) ;
#4192 = ORIENTED_EDGE ( 'NONE', *, *, #6362, .F. ) ;
#4193 = EDGE_CURVE ( 'NONE', #3213, #7124, #2915, .T. ) ;
#4194 = VECTOR ( 'NONE', #4772, 1000.000000000000000 ) ;
#4195 = CARTESIAN_POINT ( 'NONE',  ( 1.199999999999999956, 0.2000000000000000111, 0.1249999999999997363 ) ) ;
#4196 = DIRECTION ( 'NONE',  ( 0.000000000000000000, 0.000000000000000000, -1.000000000000000000 ) ) ;
#4197 = DIRECTION ( 'NONE',  ( 0.000000000000000000, 1.000000000000000000, 0.000000000000000000 ) ) ;
#4198 = LINE ( 'NONE', #4859, #325 ) ;
#4199 = ORIENTED_EDGE ( 'NONE', *, *, #1223, .F. ) ;
#4200 = VECTOR ( 'NONE', #2768, 1000.000000000000000 ) ;
#4201 = DIRECTION ( 'NONE',  ( -0.000000000000000000, -1.000000000000000000, -0.000000000000000000 ) ) ;
#4202 = VERTEX_POINT ( 'NONE', #5316 ) ;
#4203 = EDGE_CURVE ( 'NONE', #1187, #7272, #4730, .T. ) ;
#4204 = ADVANCED_FACE ( 'NONE', ( #564 ), #6746, .F. ) ;
#4205 = ORIENTED_EDGE ( 'NONE', *, *, #7691, .F. ) ;
#4206 = EDGE_CURVE ( 'NONE', #231, #233, #5587, .T. ) ;
#4207 = ORIENTED_EDGE ( 'NONE', *, *, #4063, .T. ) ;
#4208 =( GEOMETRIC_REPRESENTATION_CONTEXT ( 3 ) GLOBAL_UNCERTAINTY_ASSIGNED_CONTEXT ( ( #3437 ) ) GLOBAL_UNIT_ASSIGNED_CONTEXT ( ( #6583, #6738, #1883 ) ) REPRESENTATION_CONTEXT ( 'NONE', 'WORKASPACE' ) );
#4209 = VECTOR ( 'NONE', #4782, 1000.000000000000000 ) ;
#4210 = CARTESIAN_POINT ( 'NONE',  ( -0.6249999999999995559, 0.000000000000000000, 1.499999999999999778 ) ) ;
#4211 = FACE_OUTER_BOUND ( 'NONE', #2184, .T. ) ;
#4212 = FILL_AREA_STYLE ('',( #154 ) ) ;
#4213 = ORIENTED_EDGE ( 'NONE', *, *, #5804, .T. ) ;
#4214 = EDGE_LOOP ( 'NONE', ( #2164, #262, #3252, #6544 ) ) ;
#4215 = AXIS2_PLACEMENT_3D ( 'NONE', #3301, #360, #3771 ) ;
#4216 = VECTOR ( 'NONE', #7581, 1000.000000000000000 ) ;
#4217 = DIRECTION ( 'NONE',  ( 0.000000000000000000, 1.000000000000000000, 0.000000000000000000 ) ) ;
#4218 = LINE ( 'NONE', #4796, #6121 ) ;
#4219 = CARTESIAN_POINT ( 'NONE',  ( -0.1750000000000025147, 0.2000000000000000111, -1.149999999999999911 ) ) ;
#4220 = ADVANCED_FACE ( 'NONE', ( #2998 ), #6113, .F. ) ;
#4221 = VECTOR ( 'NONE', #7598, 1000.000000000000000 ) ;
#4222 = CARTESIAN_POINT ( 'NONE',  ( -1.499999999999990896, 0.2000000000000000111, -0.8749999999999870104 ) ) ;
#4223 = DIRECTION ( 'NONE',  ( 0.000000000000000000, -0.000000000000000000, 1.000000000000000000 ) ) ;
#4224 = DIRECTION ( 'NONE',  ( 0.000000000000000000, 0.000000000000000000, 1.000000000000000000 ) ) ;
#4225 = VECTOR ( 'NONE', #4732, 1000.000000000000000 ) ;
#4226 = ORIENTED_EDGE ( 'NONE', *, *, #5526, .F. ) ;
#4227 = AXIS2_PLACEMENT_3D ( 'NONE', #4785, #1842, #5449 ) ;
#4228 = DIRECTION ( 'NONE',  ( 0.000000000000000000, 0.000000000000000000, -1.000000000000000000 ) ) ;
#4229 = DIRECTION ( 'NONE',  ( 0.000000000000000000, 0.000000000000000000, 1.000000000000000000 ) ) ;
#4230 = CARTESIAN_POINT ( 'NONE',  ( -1.499999999999999778, 0.2000000000000000111, -0.1249999999999997641 ) ) ;
#4231 = PLANE ( 'NONE',  #75 ) ;
#4232 = ORIENTED_EDGE ( 'NONE', *, *, #605, .F. ) ;
#4233 = PLANE ( 'NONE',  #1976 ) ;
#4234 = ORIENTED_EDGE ( 'NONE', *, *, #4576, .T. ) ;
#4235 = VECTOR ( 'NONE', #6796, 1000.000000000000000 ) ;
#4236 = CARTESIAN_POINT ( 'NONE',  ( 1.199999999999999956, 0.2000000000000000111, 0.6249999999999996669 ) ) ;
#4237 = FACE_OUTER_BOUND ( 'NONE', #4404, .T. ) ;
#4238 = LINE ( 'NONE', #1247, #3202 ) ;
#4239 = PLANE ( 'NONE',  #3960 ) ;
#4240 = ORIENTED_EDGE ( 'NONE', *, *, #5491, .T. ) ;
#4241 = VECTOR ( 'NONE', #2186, 1000.000000000000000 ) ;
#4242 = CARTESIAN_POINT ( 'NONE',  ( 1.149999999999999911, 0.2000000000000000111, 0.6749999999999996003 ) ) ;
#4243 = ORIENTED_EDGE ( 'NONE', *, *, #5954, .T. ) ;
#4244 = EDGE_LOOP ( 'NONE', ( #6306, #5146, #1289, #2679 ) ) ;
#4245 = EDGE_LOOP ( 'NONE', ( #5131, #2188, #1142, #2829 ) ) ;
#4246 = VECTOR ( 'NONE', #6228, 1000.000000000000000 ) ;
#4247 = FACE_OUTER_BOUND ( 'NONE', #5752, .T. ) ;
#4248 = CARTESIAN_POINT ( 'NONE',  ( -0.1749999999999996281, 0.2000000000000000111, 1.199999999999999734 ) ) ;
#4249 = EDGE_CURVE ( 'NONE', #3055, #7136, #6568, .T. ) ;
#4250 = EDGE_CURVE ( 'NONE', #6733, #5497, #6032, .T. ) ;
#4251 = EDGE_CURVE ( 'NONE', #2156, #5660, #3154, .T. ) ;
#4252 = ADVANCED_FACE ( 'NONE', ( #2403 ), #675, .F. ) ;
#4253 = DIRECTION ( 'NONE',  ( 0.000000000000000000, -1.000000000000000000, 0.000000000000000000 ) ) ;
#4254 = FILL_AREA_STYLE ('',( #7217 ) ) ;
#4255 = ORIENTED_EDGE ( 'NONE', *, *, #3962, .T. ) ;
#4256 = VERTEX_POINT ( 'NONE', #5536 ) ;
#4257 = AXIS2_PLACEMENT_3D ( 'NONE', #2789, #5186, #7569 ) ;
#4258 = CARTESIAN_POINT ( 'NONE',  ( -1.149999999999999467, 0.2000000000000000111, 0.8250000000000002887 ) ) ;
#4259 = DIRECTION ( 'NONE',  ( 0.000000000000000000, 0.000000000000000000, -1.000000000000000000 ) ) ;
#4260 = LINE ( 'NONE', #4375, #3932 ) ;
#4261 = LINE ( 'NONE', #5924, #4225 ) ;
#4262 = ORIENTED_EDGE ( 'NONE', *, *, #5481, .F. ) ;
#4263 = ORIENTED_EDGE ( 'NONE', *, *, #3833, .F. ) ;
#4264 = AXIS2_PLACEMENT_3D ( 'NONE', #1586, #7580, #3985 ) ;
#4265 = LINE ( 'NONE', #2376, #7590 ) ;
#4266 = DIRECTION ( 'NONE',  ( 2.891205793294679332E-14, 0.000000000000000000, 1.000000000000000000 ) ) ;
#4267 = DIRECTION ( 'NONE',  ( 0.000000000000000000, 1.000000000000000000, 0.000000000000000000 ) ) ;
#4268 = CARTESIAN_POINT ( 'NONE',  ( 1.199999999999999956, 0.2000000000000000111, 0.3749999999999997224 ) ) ;
#4269 = VERTEX_POINT ( 'NONE', #5467 ) ;
#4270 = CARTESIAN_POINT ( 'NONE',  ( 0.3749999999999973910, 0.2000000000000000111, -1.200000000000000178 ) ) ;
#4271 = EDGE_CURVE ( 'NONE', #2010, #804, #7261, .T. ) ;
#4272 = VECTOR ( 'NONE', #2636, 1000.000000000000000 ) ;
#4273 = CARTESIAN_POINT ( 'NONE',  ( -0.8750000000000026645, 0.05000000000000000278, 0.000000000000000000 ) ) ;
#4274 = LINE ( 'NONE', #7316, #2808 ) ;
#4275 = PLANE ( 'NONE',  #2332 ) ;
#4276 = DIRECTION ( 'NONE',  ( 0.000000000000000000, 1.000000000000000000, 0.000000000000000000 ) ) ;
#4277 = ORIENTED_EDGE ( 'NONE', *, *, #6649, .F. ) ;
#4278 = CARTESIAN_POINT ( 'NONE',  ( -1.199999999999999734, 0.2000000000000000111, -0.3249999999999999001 ) ) ;
#4279 = ORIENTED_EDGE ( 'NONE', *, *, #3687, .F. ) ;
#4280 = EDGE_LOOP ( 'NONE', ( #3423, #6740, #2749, #1382 ) ) ;
#4281 = DIRECTION ( 'NONE',  ( 0.000000000000000000, 0.000000000000000000, 1.000000000000000000 ) ) ;
#4282 = CARTESIAN_POINT ( 'NONE',  ( 0.6749999999999973799, 0.2000000000000000111, -1.200000000000000178 ) ) ;
#4283 = SURFACE_STYLE_USAGE ( .BOTH. , #3580 ) ;
#4284 = DIRECTION ( 'NONE',  ( 1.807003620809173399E-16, -0.000000000000000000, 1.000000000000000000 ) ) ;
#4285 = ORIENTED_EDGE ( 'NONE', *, *, #3148, .T. ) ;
#4286 = VERTEX_POINT ( 'NONE', #4219 ) ;
#4287 = ORIENTED_EDGE ( 'NONE', *, *, #5526, .T. ) ;
#4288 = DIRECTION ( 'NONE',  ( 0.000000000000000000, -1.000000000000000000, 0.000000000000000000 ) ) ;
#4289 = LINE ( 'NONE', #1262, #3891 ) ;
#4290 = EDGE_CURVE ( 'NONE', #4595, #3948, #3116, .T. ) ;
#4291 = EDGE_CURVE ( 'NONE', #5251, #86, #1078, .T. ) ;
#4292 = DIRECTION ( 'NONE',  ( -0.000000000000000000, -1.000000000000000000, -0.000000000000000000 ) ) ;
#4293 = DIRECTION ( 'NONE',  ( 0.000000000000000000, -1.000000000000000000, 0.000000000000000000 ) ) ;
#4294 = ORIENTED_EDGE ( 'NONE', *, *, #7732, .T. ) ;
#4295 = CARTESIAN_POINT ( 'NONE',  ( 0.6250000000000004441, 0.2000000000000000111, 1.499999999999999778 ) ) ;
#4296 = DIRECTION ( 'NONE',  ( 1.000000000000000000, 0.000000000000000000, 0.000000000000000000 ) ) ;
#4297 = ORIENTED_EDGE ( 'NONE', *, *, #958, .F. ) ;
#4298 = EDGE_CURVE ( 'NONE', #6068, #5029, #2076, .T. ) ;
#4299 = EDGE_CURVE ( 'NONE', #474, #1802, #1303, .T. ) ;
#4300 = ADVANCED_FACE ( 'NONE', ( #92 ), #1930, .F. ) ;
#4301 = VERTEX_POINT ( 'NONE', #1267 ) ;
#4302 = VECTOR ( 'NONE', #2687, 1000.000000000000114 ) ;
#4303 = DIRECTION ( 'NONE',  ( 0.000000000000000000, 0.000000000000000000, -1.000000000000000000 ) ) ;
#4304 = PLANE ( 'NONE',  #4588 ) ;
#4305 = ORIENTED_EDGE ( 'NONE', *, *, #407, .F. ) ;
#4306 = VECTOR ( 'NONE', #6033, 1000.000000000000000 ) ;
#4307 = DIRECTION ( 'NONE',  ( 8.673617379884037996E-14, 0.000000000000000000, 1.000000000000000000 ) ) ;
#4308 = ORIENTED_EDGE ( 'NONE', *, *, #1411, .F. ) ;
#4309 = AXIS2_PLACEMENT_3D ( 'NONE', #4282, #3617, #4909 ) ;
#4310 = CARTESIAN_POINT ( 'NONE',  ( -0.6750000000000024869, 0.000000000000000000, -1.149999999999999911 ) ) ;
#4311 = EDGE_CURVE ( 'NONE', #5503, #6878, #2486, .T. ) ;
#4312 = CARTESIAN_POINT ( 'NONE',  ( 0.8249999999999975131, 0.2000000000000000111, -1.200000000000000178 ) ) ;
#4313 = CARTESIAN_POINT ( 'NONE',  ( -2.258754526011467735E-16, 0.05000000000000000278, -0.6250000000000002220 ) ) ;
#4314 = LINE ( 'NONE', #1954, #3076 ) ;
#4315 = ORIENTED_EDGE ( 'NONE', *, *, #5162, .F. ) ;
#4316 = DIRECTION ( 'NONE',  ( 0.000000000000000000, 0.000000000000000000, -1.000000000000000000 ) ) ;
#4317 = EDGE_LOOP ( 'NONE', ( #7449, #1351, #2507, #3247 ) ) ;
#4318 = VECTOR ( 'NONE', #4469, 1000.000000000000000 ) ;
#4319 = VERTEX_POINT ( 'NONE', #4880 ) ;
#4320 = ORIENTED_EDGE ( 'NONE', *, *, #4983, .T. ) ;
#4321 = EDGE_LOOP ( 'NONE', ( #7074, #4901, #783, #4638, #2889, #3368 ) ) ;
#4322 = CARTESIAN_POINT ( 'NONE',  ( -1.199999999999999734, 0.2000000000000000111, -0.1249999999999998196 ) ) ;
#4323 = LINE ( 'NONE', #1294, #7050 ) ;
#4324 = VECTOR ( 'NONE', #5364, 1000.000000000000000 ) ;
#4325 = DIRECTION ( 'NONE',  ( -0.000000000000000000, -1.000000000000000000, -0.000000000000000000 ) ) ;
#4326 = PRESENTATION_STYLE_ASSIGNMENT (( #121 ) ) ;
#4327 = EDGE_LOOP ( 'NONE', ( #5307, #6816, #5429, #312, #3760 ) ) ;
#4328 = ORIENTED_EDGE ( 'NONE', *, *, #2328, .T. ) ;
#4329 = FACE_OUTER_BOUND ( 'NONE', #6368, .T. ) ;
#4330 = CARTESIAN_POINT ( 'NONE',  ( 0.8749999999999713562, 0.2000000000000000111, -1.500000000000000000 ) ) ;
#4331 = UNCERTAINTY_MEASURE_WITH_UNIT (LENGTH_MEASURE( 1.000000000000000082E-05 ), #4420, 'distance_accuracy_value', 'NONE');
#4332 = AXIS2_PLACEMENT_3D ( 'NONE', #3520, #1863, #5328 ) ;
#4333 = COLOUR_RGB ( '',0.7921568627450980005, 0.8196078431372548767, 0.9333333333333333481 ) ;
#4334 = CARTESIAN_POINT ( 'NONE',  ( -0.3250000000000026756, 0.2000000000000000111, -1.149999999999999467 ) ) ;
#4335 = LINE ( 'NONE', #93, #4306 ) ;
#4336 = EDGE_LOOP ( 'NONE', ( #3693, #4553, #7474, #3426 ) ) ;
#4337 = CIRCLE ( 'NONE', #7320, 0.04999999999999980849 ) ;
#4338 = EDGE_CURVE ( 'NONE', #4256, #903, #6075, .T. ) ;
#4339 = AXIS2_PLACEMENT_3D ( 'NONE', #7131, #5223, #6381 ) ;
#4340 = CARTESIAN_POINT ( 'NONE',  ( 0.000000000000000000, 0.05000000000000000278, 0.8749999999999996669 ) ) ;
#4341 = FACE_OUTER_BOUND ( 'NONE', #1387, .T. ) ;
#4342 = AXIS2_PLACEMENT_3D ( 'NONE', #5831, #2200, #4667 ) ;
#4343 = ORIENTED_EDGE ( 'NONE', *, *, #6239, .F. ) ;
#4344 = AXIS2_PLACEMENT_3D ( 'NONE', #5367, #2456, #4776 ) ;
#4345 = ADVANCED_FACE ( 'NONE', ( #4919 ), #7296, .F. ) ;
#4346 = DIRECTION ( 'NONE',  ( 0.000000000000000000, -1.000000000000000000, 0.000000000000000000 ) ) ;
#4347 = EDGE_CURVE ( 'NONE', #3128, #3972, #1972, .T. ) ;
#4348 = EDGE_CURVE ( 'NONE', #6892, #1877, #6998, .T. ) ;
#4349 = EDGE_CURVE ( 'NONE', #4502, #2054, #7669, .T. ) ;
#4350 = CARTESIAN_POINT ( 'NONE',  ( -1.499999999999990896, 0.2000000000000000111, -0.8749999999999870104 ) ) ;
#4351 = ORIENTED_EDGE ( 'NONE', *, *, #2897, .T. ) ;
#4352 = AXIS2_PLACEMENT_3D ( 'NONE', #5172, #7554, #2192 ) ;
#4353 = FACE_OUTER_BOUND ( 'NONE', #2716, .T. ) ;
#4354 = ORIENTED_EDGE ( 'NONE', *, *, #6915, .F. ) ;
#4355 = AXIS2_PLACEMENT_3D ( 'NONE', #531, #1859, #5319 ) ;
#4356 = LINE ( 'NONE', #3277, #4681 ) ;
#4357 = DIRECTION ( 'NONE',  ( 0.000000000000000000, 0.000000000000000000, 1.000000000000000000 ) ) ;
#4358 = DIRECTION ( 'NONE',  ( 0.000000000000000000, 1.000000000000000000, 0.000000000000000000 ) ) ;
#4359 = FACE_OUTER_BOUND ( 'NONE', #2123, .T. ) ;
#4360 = ORIENTED_EDGE ( 'NONE', *, *, #5301, .F. ) ;
#4361 = FACE_OUTER_BOUND ( 'NONE', #1336, .T. ) ;
#4362 = VECTOR ( 'NONE', #1536, 1000.000000000000000 ) ;
#4363 = ORIENTED_EDGE ( 'NONE', *, *, #6983, .F. ) ;
#4364 = ORIENTED_EDGE ( 'NONE', *, *, #1644, .T. ) ;
#4365 = ORIENTED_EDGE ( 'NONE', *, *, #3233, .T. ) ;
#4366 = CARTESIAN_POINT ( 'NONE',  ( 1.500000000000000000, 0.2000000000000000111, -0.3750000000000003331 ) ) ;
#4367 = CIRCLE ( 'NONE', #2606, 0.05000000000000012768 ) ;
#4368 = ORIENTED_EDGE ( 'NONE', *, *, #2033, .F. ) ;
#4369 = ORIENTED_EDGE ( 'NONE', *, *, #7660, .F. ) ;
#4370 = CARTESIAN_POINT ( 'NONE',  ( -0.6749999999999996003, 0.04999999999999999584, 1.199999999999999734 ) ) ;
#4371 = DIRECTION ( 'NONE',  ( 0.000000000000000000, 0.000000000000000000, -1.000000000000000000 ) ) ;
#4372 = VECTOR ( 'NONE', #1500, 1000.000000000000000 ) ;
#4373 = EDGE_CURVE ( 'NONE', #3948, #624, #6370, .T. ) ;
#4374 = CARTESIAN_POINT ( 'NONE',  ( 1.500000000000000000, 0.000000000000000000, 0.3749999999999996669 ) ) ;
#4375 = CARTESIAN_POINT ( 'NONE',  ( -1.499999999999999778, 0.2000000000000000111, -0.1249999999999997641 ) ) ;
#4376 = VECTOR ( 'NONE', #4994, 1000.000000000000000 ) ;
#4377 = VERTEX_POINT ( 'NONE', #6923 ) ;
#4378 = DIRECTION ( 'NONE',  ( -0.000000000000000000, -1.000000000000000000, -0.000000000000000000 ) ) ;
#4379 = DIRECTION ( 'NONE',  ( 0.000000000000000000, -1.000000000000000000, 0.000000000000000000 ) ) ;
#4380 = ORIENTED_EDGE ( 'NONE', *, *, #3623, .T. ) ;
#4381 = DIRECTION ( 'NONE',  ( 0.000000000000000000, -0.000000000000000000, 1.000000000000000000 ) ) ;
#4382 = CARTESIAN_POINT ( 'NONE',  ( -1.499999999999999556, 0.04999999999999999584, 0.8750000000000003331 ) ) ;
#4383 = ORIENTED_EDGE ( 'NONE', *, *, #7104, .T. ) ;
#4384 = LINE ( 'NONE', #4501, #852 ) ;
#4385 = ADVANCED_FACE ( 'NONE', ( #2190 ), #3329, .T. ) ;
#4386 = ORIENTED_EDGE ( 'NONE', *, *, #2409, .F. ) ;
#4387 = EDGE_CURVE ( 'NONE', #3461, #7167, #5820, .T. ) ;
#4388 = EDGE_CURVE ( 'NONE', #5945, #6504, #3996, .T. ) ;
#4389 = LINE ( 'NONE', #348, #302 ) ;
#4390 = PLANE ( 'NONE',  #5348 ) ;
#4391 = DIRECTION ( 'NONE',  ( -0.000000000000000000, -1.000000000000000000, -0.000000000000000000 ) ) ;
#4392 = ORIENTED_EDGE ( 'NONE', *, *, #428, .T. ) ;
#4393 = LINE ( 'NONE', #7359, #3854 ) ;
#4394 = CLOSED_SHELL ( 'NONE', ( #4693, #7314, #6044, #5201, #3406, #815, #3287, #6315 ) ) ;
#4395 = ORIENTED_EDGE ( 'NONE', *, *, #3091, .T. ) ;
#4396 = VERTEX_POINT ( 'NONE', #4074 ) ;
#4397 = DIRECTION ( 'NONE',  ( 0.000000000000000000, -0.000000000000000000, 1.000000000000000000 ) ) ;
#4398 = MECHANICAL_DESIGN_GEOMETRIC_PRESENTATION_REPRESENTATION (  '', ( #7641 ), #5278 ) ;
#4399 = CARTESIAN_POINT ( 'NONE',  ( 1.149999999999999911, 0.000000000000000000, 0.1749999999999996558 ) ) ;
#4400 = CARTESIAN_POINT ( 'NONE',  ( -0.3250000000000026756, 0.000000000000000000, -1.200000000000000178 ) ) ;
#4401 = CARTESIAN_POINT ( 'NONE',  ( -1.149999999999999911, 0.2000000000000000111, -0.8249999999999998446 ) ) ;
#4402 = VERTEX_POINT ( 'NONE', #2742 ) ;
#4403 = EDGE_LOOP ( 'NONE', ( #7152, #6235, #1225, #5934 ) ) ;
#4404 = EDGE_LOOP ( 'NONE', ( #372, #5709, #573, #2561 ) ) ;
#4405 = DIRECTION ( 'NONE',  ( 0.000000000000000000, -1.000000000000000000, 0.000000000000000000 ) ) ;
#4406 = CARTESIAN_POINT ( 'NONE',  ( -0.6749999999999996003, 0.2000000000000000111, 1.149999999999999689 ) ) ;
#4407 = AXIS2_PLACEMENT_3D ( 'NONE', #4719, #3424, #7100 ) ;
#4408 = LINE ( 'NONE', #6189, #3407 ) ;
#4409 = CARTESIAN_POINT ( 'NONE',  ( 0.8250000000000003997, 0.04999999999999999584, 1.149999999999999689 ) ) ;
#4410 = EDGE_CURVE ( 'NONE', #2822, #1511, #82, .T. ) ;
#4411 = DIRECTION ( 'NONE',  ( 0.000000000000000000, 0.000000000000000000, 1.000000000000000000 ) ) ;
#4412 = VERTEX_POINT ( 'NONE', #6409 ) ;
#4413 = EDGE_CURVE ( 'NONE', #6387, #6098, #7212, .T. ) ;
#4414 = ORIENTED_EDGE ( 'NONE', *, *, #307, .F. ) ;
#4415 = FACE_OUTER_BOUND ( 'NONE', #5857, .T. ) ;
#4416 = FACE_OUTER_BOUND ( 'NONE', #1020, .T. ) ;
#4417 = CARTESIAN_POINT ( 'NONE',  ( 1.499999999999999778, 0.04999999999999969746, -1.500000000000000222 ) ) ;
#4418 = VERTEX_POINT ( 'NONE', #6288 ) ;
#4419 = CARTESIAN_POINT ( 'NONE',  ( 0.1250000000000003053, 0.04999999999999999584, 1.199999999999999734 ) ) ;
#4420 =( LENGTH_UNIT ( ) NAMED_UNIT ( * ) SI_UNIT ( .MILLI., .METRE. ) );
#4421 = VERTEX_POINT ( 'NONE', #4578 ) ;
#4422 = FACE_OUTER_BOUND ( 'NONE', #80, .T. ) ;
#4423 = VECTOR ( 'NONE', #5937, 1000.000000000000000 ) ;
#4424 = ORIENTED_EDGE ( 'NONE', *, *, #5258, .T. ) ;
#4425 = FACE_OUTER_BOUND ( 'NONE', #5268, .T. ) ;
#4426 = AXIS2_PLACEMENT_3D ( 'NONE', #3267, #2793, #2168 ) ;
#4427 = LINE ( 'NONE', #5673, #6833 ) ;
#4428 = DIRECTION ( 'NONE',  ( 0.000000000000000000, 1.000000000000000000, 0.000000000000000000 ) ) ;
#4429 = VERTEX_POINT ( 'NONE', #3371 ) ;
#4430 = EDGE_CURVE ( 'NONE', #4692, #7218, #5698, .T. ) ;
#4431 = CARTESIAN_POINT ( 'NONE',  ( 0.1750000000000002109, 0.2000000000000000111, 1.149999999999999689 ) ) ;
#4432 = MECHANICAL_DESIGN_GEOMETRIC_PRESENTATION_REPRESENTATION (  '', ( #419 ), #1047 ) ;
#4433 = ORIENTED_EDGE ( 'NONE', *, *, #1048, .F. ) ;
#4434 = LINE ( 'NONE', #1444, #1909 ) ;
#4435 = PRESENTATION_STYLE_ASSIGNMENT (( #7364 ) ) ;
#4436 = CARTESIAN_POINT ( 'NONE',  ( -1.199999999999999512, 0.000000000000000000, 0.6250000000000002220 ) ) ;
#4437 = CARTESIAN_POINT ( 'NONE',  ( 0.3250000000000003997, 0.2000000000000000111, 1.149999999999999689 ) ) ;
#4438 = ORIENTED_EDGE ( 'NONE', *, *, #6873, .F. ) ;
#4439 = EDGE_CURVE ( 'NONE', #4701, #2659, #2228, .T. ) ;
#4440 = AXIS2_PLACEMENT_3D ( 'NONE', #1246, #5483, #6567 ) ;
#4441 = EDGE_CURVE ( 'NONE', #2469, #5497, #1093, .T. ) ;
#4442 = VERTEX_POINT ( 'NONE', #7514 ) ;
#4443 = ORIENTED_EDGE ( 'NONE', *, *, #3288, .T. ) ;
#4444 = EDGE_CURVE ( 'NONE', #6181, #3735, #4658, .T. ) ;
#4445 = CARTESIAN_POINT ( 'NONE',  ( -0.8750000000000000000, 0.2000000000000000111, -0.6750000000000000444 ) ) ;
#4446 = DIRECTION ( 'NONE',  ( 0.000000000000000000, 0.000000000000000000, -1.000000000000000000 ) ) ;
#4447 = VECTOR ( 'NONE', #3161, 1000.000000000000000 ) ;
#4448 = DIRECTION ( 'NONE',  ( 0.000000000000000000, 0.000000000000000000, 1.000000000000000000 ) ) ;
#4449 = DIRECTION ( 'NONE',  ( 0.000000000000000000, -1.000000000000000000, 0.000000000000000000 ) ) ;
#4450 = LINE ( 'NONE', #1577, #7197 ) ;
#4451 = ORIENTED_EDGE ( 'NONE', *, *, #5324, .F. ) ;
#4452 = ORIENTED_EDGE ( 'NONE', *, *, #2409, .T. ) ;
#4453 = DIRECTION ( 'NONE',  ( -0.000000000000000000, -1.000000000000000000, -0.000000000000000000 ) ) ;
#4454 = AXIS2_PLACEMENT_3D ( 'NONE', #7412, #2131, #3863 ) ;
#4455 = STYLED_ITEM ( 'NONE', ( #6142 ), #3285 ) ;
#4456 = DIRECTION ( 'NONE',  ( 0.000000000000000000, -0.000000000000000000, 1.000000000000000000 ) ) ;
#4457 = DIRECTION ( 'NONE',  ( 0.000000000000000000, -1.000000000000000000, 0.000000000000000000 ) ) ;
#4458 = EDGE_CURVE ( 'NONE', #1375, #7469, #6688, .T. ) ;
#4459 = ORIENTED_EDGE ( 'NONE', *, *, #848, .T. ) ;
#4460 = VECTOR ( 'NONE', #3108, 1000.000000000000000 ) ;
#4461 = AXIS2_PLACEMENT_3D ( 'NONE', #1873, #6609, #7280 ) ;
#4462 = CARTESIAN_POINT ( 'NONE',  ( -0.3750000000000112688, 0.04999999999999999584, -1.500000000000000000 ) ) ;
#4463 = SURFACE_SIDE_STYLE ('',( #6756 ) ) ;
#4464 = ORIENTED_EDGE ( 'NONE', *, *, #7012, .F. ) ;
#4465 = LINE ( 'NONE', #1472, #5240 ) ;
#4466 = VECTOR ( 'NONE', #7431, 1000.000000000000000 ) ;
#4467 = AXIS2_PLACEMENT_3D ( 'NONE', #4026, #5806, #3545 ) ;
#4468 = EDGE_CURVE ( 'NONE', #652, #3658, #2775, .T. ) ;
#4469 = DIRECTION ( 'NONE',  ( 0.000000000000000000, -1.000000000000000000, 0.000000000000000000 ) ) ;
#4470 = AXIS2_PLACEMENT_3D ( 'NONE', #7036, #5140, #3446 ) ;
#4471 = DIRECTION ( 'NONE',  ( -0.000000000000000000, -1.000000000000000000, -0.000000000000000000 ) ) ;
#4472 = LINE ( 'NONE', #3882, #3702 ) ;
#4473 = CARTESIAN_POINT ( 'NONE',  ( -1.149999999999999689, 0.2000000000000000111, -0.1749999999999997391 ) ) ;
#4474 = VERTEX_POINT ( 'NONE', #1595 ) ;
#4475 = ORIENTED_EDGE ( 'NONE', *, *, #7067, .F. ) ;
#4476 = AXIS2_PLACEMENT_3D ( 'NONE', #3077, #5358, #1120 ) ;
#4477 = VERTEX_POINT ( 'NONE', #5252 ) ;
#4478 = ORIENTED_EDGE ( 'NONE', *, *, #1498, .T. ) ;
#4479 = DIRECTION ( 'NONE',  ( 0.000000000000000000, 1.000000000000000000, 0.000000000000000000 ) ) ;
#4480 = LINE ( 'NONE', #6809, #1795 ) ;
#4481 = DIRECTION ( 'NONE',  ( 0.000000000000000000, -1.000000000000000000, 0.000000000000000000 ) ) ;
#4482 = FACE_OUTER_BOUND ( 'NONE', #228, .T. ) ;
#4483 = ORIENTED_EDGE ( 'NONE', *, *, #2613, .T. ) ;
#4484 = ORIENTED_EDGE ( 'NONE', *, *, #2740, .F. ) ;
#4485 = PLANE ( 'NONE',  #12 ) ;
#4486 = EDGE_CURVE ( 'NONE', #3444, #6433, #5290, .T. ) ;
#4487 = EDGE_CURVE ( 'NONE', #5664, #1234, #5781, .T. ) ;
#4488 = EDGE_CURVE ( 'NONE', #7218, #4654, #3487, .T. ) ;
#4489 = FILL_AREA_STYLE_COLOUR ( '', #6667 ) ;
#4490 = DIRECTION ( 'NONE',  ( 1.000000000000000000, 0.000000000000000000, 0.000000000000000000 ) ) ;
#4491 = ORIENTED_EDGE ( 'NONE', *, *, #3593, .T. ) ;
#4492 = EDGE_LOOP ( 'NONE', ( #5, #1484, #247, #6840 ) ) ;
#4493 = CARTESIAN_POINT ( 'NONE',  ( 1.500000000000000000, 0.2000000000000000111, 0.3749999999999996669 ) ) ;
#4494 = CARTESIAN_POINT ( 'NONE',  ( 1.500000000000000000, 0.000000000000000000, 0.1249999999999997363 ) ) ;
#4495 = LINE ( 'NONE', #6869, #3512 ) ;
#4496 = VECTOR ( 'NONE', #4049, 1000.000000000000000 ) ;
#4497 = CARTESIAN_POINT ( 'NONE',  ( 1.499999999999997780, 0.2000000000000000111, 0.6249999999999765743 ) ) ;
#4498 = DIRECTION ( 'NONE',  ( 0.000000000000000000, 1.000000000000000000, 0.000000000000000000 ) ) ;
#4499 = LINE ( 'NONE', #5663, #6956 ) ;
#4500 = ORIENTED_EDGE ( 'NONE', *, *, #1861, .T. ) ;
#4501 = CARTESIAN_POINT ( 'NONE',  ( -1.199999999999999512, 0.2000000000000000111, 0.8750000000000002220 ) ) ;
#4502 = VERTEX_POINT ( 'NONE', #5209 ) ;
#4503 = DIRECTION ( 'NONE',  ( 0.000000000000000000, 0.000000000000000000, 1.000000000000000000 ) ) ;
#4504 = LINE ( 'NONE', #1362, #3320 ) ;
#4505 = EDGE_CURVE ( 'NONE', #7610, #6267, #4849, .T. ) ;
#4506 = CARTESIAN_POINT ( 'NONE',  ( 1.149999999999999911, 0.2000000000000000111, -0.1750000000000001832 ) ) ;
#4507 = CARTESIAN_POINT ( 'NONE',  ( 0.6249999999999971134, 0.2000000000000000111, -1.200000000000000178 ) ) ;
#4508 = EDGE_CURVE ( 'NONE', #1904, #3393, #6441, .T. ) ;
#4509 = DIRECTION ( 'NONE',  ( -1.000000000000000000, 0.000000000000000000, 0.000000000000000000 ) ) ;
#4510 = ORIENTED_EDGE ( 'NONE', *, *, #6482, .T. ) ;
#4511 = ORIENTED_EDGE ( 'NONE', *, *, #6276, .F. ) ;
#4512 = ORIENTED_EDGE ( 'NONE', *, *, #7690, .T. ) ;
#4513 = VERTEX_POINT ( 'NONE', #1718 ) ;
#4514 = CARTESIAN_POINT ( 'NONE',  ( 1.149999999999999911, 0.2000000000000000111, 0.6749999999999996003 ) ) ;
#4515 = CARTESIAN_POINT ( 'NONE',  ( 0.6249999999999713562, 0.2000000000000000111, -1.500000000000000000 ) ) ;
#4516 = VECTOR ( 'NONE', #6073, 1000.000000000000000 ) ;
#4517 = CARTESIAN_POINT ( 'NONE',  ( -1.199999999999999512, 0.2000000000000000111, 0.6250000000000002220 ) ) ;
#4518 = EDGE_LOOP ( 'NONE', ( #6219, #3847, #771, #7133 ) ) ;
#4519 = DIRECTION ( 'NONE',  ( -1.000000000000000000, 0.000000000000000000, 0.000000000000000000 ) ) ;
#4520 = AXIS2_PLACEMENT_3D ( 'NONE', #161, #6781, #4371 ) ;
#4521 = DIRECTION ( 'NONE',  ( 0.000000000000000000, 1.000000000000000000, 0.000000000000000000 ) ) ;
#4522 = SURFACE_STYLE_USAGE ( .BOTH. , #7499 ) ;
#4523 = DIRECTION ( 'NONE',  ( 0.000000000000000000, 1.000000000000000000, 0.000000000000000000 ) ) ;
#4524 = VERTEX_POINT ( 'NONE', #6599 ) ;
#4525 = VERTEX_POINT ( 'NONE', #3631 ) ;
#4526 = LINE ( 'NONE', #921, #3727 ) ;
#4527 = ADVANCED_FACE ( 'NONE', ( #61 ), #2967, .F. ) ;
#4528 = EDGE_CURVE ( 'NONE', #1260, #2574, #2453, .T. ) ;
#4529 = CARTESIAN_POINT ( 'NONE',  ( -1.199999999999999956, 0.7500000000000000000, -1.300000000000000266 ) ) ;
#4530 = DIRECTION ( 'NONE',  ( -1.000000000000000000, 0.000000000000000000, 3.614007241618346799E-16 ) ) ;
#4531 = FACE_OUTER_BOUND ( 'NONE', #1618, .T. ) ;
#4532 = DIRECTION ( 'NONE',  ( 1.000000000000000000, -0.000000000000000000, -0.000000000000000000 ) ) ;
#4533 = ORIENTED_EDGE ( 'NONE', *, *, #6392, .F. ) ;
#4534 = EDGE_CURVE ( 'NONE', #598, #1749, #2412, .T. ) ;
#4535 = EDGE_CURVE ( 'NONE', #3953, #6347, #1236, .T. ) ;
#4536 = DIRECTION ( 'NONE',  ( 3.614007241618346799E-16, 0.000000000000000000, 1.000000000000000000 ) ) ;
#4537 = ADVANCED_FACE ( 'NONE', ( #2925 ), #3004, .T. ) ;
#4538 = VERTEX_POINT ( 'NONE', #4738 ) ;
#4539 = CARTESIAN_POINT ( 'NONE',  ( -0.8750000000000001110, 0.05000000000000000278, 3.162256336416053942E-16 ) ) ;
#4540 = CARTESIAN_POINT ( 'NONE',  ( -0.3249999999999997891, 0.2000000000000000111, 1.199999999999999734 ) ) ;
#4541 = CARTESIAN_POINT ( 'NONE',  ( -0.6249999999999996669, 0.04999999999999999584, 1.199999999999999734 ) ) ;
#4542 = DIRECTION ( 'NONE',  ( 0.000000000000000000, 0.000000000000000000, 1.000000000000000000 ) ) ;
#4543 = EDGE_LOOP ( 'NONE', ( #280, #7479, #912, #6234 ) ) ;
#4544 = CIRCLE ( 'NONE', #2166, 0.04999999999999991257 ) ;
#4545 = CARTESIAN_POINT ( 'NONE',  ( 1.199999999999999956, 0.2000000000000000111, 0.3749999999999997224 ) ) ;
#4546 = ORIENTED_EDGE ( 'NONE', *, *, #5126, .F. ) ;
#4547 = EDGE_CURVE ( 'NONE', #4622, #1398, #4265, .T. ) ;
#4548 = ORIENTED_EDGE ( 'NONE', *, *, #1083, .F. ) ;
#4549 = AXIS2_PLACEMENT_3D ( 'NONE', #5537, #167, #1380 ) ;
#4550 = LINE ( 'NONE', #7561, #4922 ) ;
#4551 = LINE ( 'NONE', #6896, #5920 ) ;
#4552 = DIRECTION ( 'NONE',  ( 0.000000000000000000, -0.000000000000000000, 1.000000000000000000 ) ) ;
#4553 = ORIENTED_EDGE ( 'NONE', *, *, #255, .F. ) ;
#4554 = ORIENTED_EDGE ( 'NONE', *, *, #1891, .T. ) ;
#4555 = EDGE_LOOP ( 'NONE', ( #1468, #980, #5410, #2132, #3914, #7236 ) ) ;
#4556 = DIRECTION ( 'NONE',  ( 1.807003620809173399E-16, 0.000000000000000000, 1.000000000000000000 ) ) ;
#4557 = DIRECTION ( 'NONE',  ( 0.000000000000000000, 0.000000000000000000, -1.000000000000000000 ) ) ;
#4558 = FACE_OUTER_BOUND ( 'NONE', #2209, .T. ) ;
#4559 = AXIS2_PLACEMENT_3D ( 'NONE', #1170, #2, #1797 ) ;
#4560 = DIRECTION ( 'NONE',  ( 3.614007241618346799E-16, 0.000000000000000000, 1.000000000000000000 ) ) ;
#4561 = ORIENTED_EDGE ( 'NONE', *, *, #4410, .F. ) ;
#4562 = ORIENTED_EDGE ( 'NONE', *, *, #5250, .F. ) ;
#4563 = CARTESIAN_POINT ( 'NONE',  ( -1.499999999999999556, 0.2000000000000000111, 0.6250000000000003331 ) ) ;
#4564 = DIRECTION ( 'NONE',  ( 0.000000000000000000, 0.000000000000000000, -1.000000000000000000 ) ) ;
#4565 = EDGE_LOOP ( 'NONE', ( #7388, #3942, #4562, #7306, #7626, #1242 ) ) ;
#4566 = FACE_OUTER_BOUND ( 'NONE', #4172, .T. ) ;
#4567 = VECTOR ( 'NONE', #6999, 1000.000000000000000 ) ;
#4568 = CARTESIAN_POINT ( 'NONE',  ( -1.199999999999999734, 0.000000000000000000, 0.3250000000000002887 ) ) ;
#4569 = DIRECTION ( 'NONE',  ( 0.000000000000000000, 0.000000000000000000, 1.000000000000000000 ) ) ;
#4570 = ORIENTED_EDGE ( 'NONE', *, *, #1127, .T. ) ;
#4571 = CARTESIAN_POINT ( 'NONE',  ( -0.1750000000000025147, 0.2000000000000000111, -1.200000000000000178 ) ) ;
#4572 = ORIENTED_EDGE ( 'NONE', *, *, #2535, .F. ) ;
#4573 = PRESENTATION_LAYER_ASSIGNMENT (  '', '', ( #4955 ) ) ;
#4574 = VERTEX_POINT ( 'NONE', #6634 ) ;
#4575 = ADVANCED_FACE ( 'NONE', ( #4770 ), #5398, .F. ) ;
#4576 = EDGE_CURVE ( 'NONE', #2741, #1983, #613, .T. ) ;
#4577 = ADVANCED_FACE ( 'NONE', ( #2301 ), #3666, .T. ) ;
#4578 = CARTESIAN_POINT ( 'NONE',  ( -0.6250000000000026645, 0.2000000000000000111, -1.200000000000000178 ) ) ;
#4579 = CARTESIAN_POINT ( 'NONE',  ( 1.199999999999999956, 0.000000000000000000, 0.6749999999999996003 ) ) ;
#4580 = LINE ( 'NONE', #6451, #7336 ) ;
#4581 = CARTESIAN_POINT ( 'NONE',  ( -1.199999999999999956, 0.7500000000000000000, -1.200000000000000178 ) ) ;
#4582 = ORIENTED_EDGE ( 'NONE', *, *, #752, .T. ) ;
#4583 = AXIS2_PLACEMENT_3D ( 'NONE', #3641, #1285, #1910 ) ;
#4584 = AXIS2_PLACEMENT_3D ( 'NONE', #2027, #4428, #7518 ) ;
#4585 = DIRECTION ( 'NONE',  ( -1.000000000000000000, 0.000000000000000000, -0.000000000000000000 ) ) ;
#4586 = DIRECTION ( 'NONE',  ( 1.000000000000000000, -0.000000000000000000, -1.807003620809173153E-16 ) ) ;
#4587 = ORIENTED_EDGE ( 'NONE', *, *, #2896, .F. ) ;
#4588 = AXIS2_PLACEMENT_3D ( 'NONE', #4154, #4267, #6678 ) ;
#4589 = AXIS2_PLACEMENT_3D ( 'NONE', #491, #2882, #1623 ) ;
#4590 = PLANE ( 'NONE',  #152 ) ;
#4591 = DIRECTION ( 'NONE',  ( 0.000000000000000000, -0.000000000000000000, 1.000000000000000000 ) ) ;
#4592 = LINE ( 'NONE', #3498, #7084 ) ;
#4593 = CARTESIAN_POINT ( 'NONE',  ( 1.149999999999999911, 0.2000000000000000111, 0.1749999999999996558 ) ) ;
#4594 = ORIENTED_EDGE ( 'NONE', *, *, #7305, .T. ) ;
#4595 = VERTEX_POINT ( 'NONE', #7190 ) ;
#4596 = CARTESIAN_POINT ( 'NONE',  ( 0.3749999999999800715, 0.2000000000000000111, -1.500000000000000000 ) ) ;
#4597 = ORIENTED_EDGE ( 'NONE', *, *, #4771, .F. ) ;
#4598 = LINE ( 'NONE', #4675, #3777 ) ;
#4599 = AXIS2_PLACEMENT_3D ( 'NONE', #114, #4865, #4316 ) ;
#4600 = CARTESIAN_POINT ( 'NONE',  ( -1.499999999999999778, 0.000000000000000000, 0.1250000000000002498 ) ) ;
#4601 =( LENGTH_UNIT ( ) NAMED_UNIT ( * ) SI_UNIT ( .MILLI., .METRE. ) );
#4602 = ORIENTED_EDGE ( 'NONE', *, *, #7619, .T. ) ;
#4603 = DIRECTION ( 'NONE',  ( -0.000000000000000000, 0.000000000000000000, -1.000000000000000000 ) ) ;
#4604 = EDGE_CURVE ( 'NONE', #5118, #180, #648, .T. ) ;
#4605 = CARTESIAN_POINT ( 'NONE',  ( -1.499999999999999556, 0.000000000000000000, 0.8750000000000003331 ) ) ;
#4606 = ORIENTED_EDGE ( 'NONE', *, *, #2896, .T. ) ;
#4607 = LINE ( 'NONE', #4725, #6379 ) ;
#4608 = AXIS2_PLACEMENT_3D ( 'NONE', #3673, #2381, #6050 ) ;
#4609 = CARTESIAN_POINT ( 'NONE',  ( -0.8750000000000000000, 0.000000000000000000, 0.8750000000000000000 ) ) ;
#4610 = CARTESIAN_POINT ( 'NONE',  ( 0.1249999999999800576, 0.04999999999999999584, -1.500000000000000000 ) ) ;
#4611 =( GEOMETRIC_REPRESENTATION_CONTEXT ( 3 ) GLOBAL_UNCERTAINTY_ASSIGNED_CONTEXT ( ( #6664 ) ) GLOBAL_UNIT_ASSIGNED_CONTEXT ( ( #680, #1270, #2962 ) ) REPRESENTATION_CONTEXT ( 'NONE', 'WORKASPACE' ) );
#4612 = CARTESIAN_POINT ( 'NONE',  ( 0.3750000000000003331, 0.2000000000000000111, 1.499999999999999778 ) ) ;
#4613 = EDGE_LOOP ( 'NONE', ( #756, #4106, #7529, #2748 ) ) ;
#4614 = DIRECTION ( 'NONE',  ( 1.000000000000000000, -0.000000000000000000, 0.000000000000000000 ) ) ;
#4615 = EDGE_LOOP ( 'NONE', ( #44, #287, #9, #898, #5116, #289 ) ) ;
#4616 = VECTOR ( 'NONE', #3264, 1000.000000000000000 ) ;
#4617 = ORIENTED_EDGE ( 'NONE', *, *, #1051, .T. ) ;
#4618 = DIRECTION ( 'NONE',  ( 0.000000000000000000, 0.000000000000000000, -1.000000000000000000 ) ) ;
#4619 = DIRECTION ( 'NONE',  ( 0.000000000000000000, 0.000000000000000000, -1.000000000000000000 ) ) ;
#4620 = LINE ( 'NONE', #5142, #4221 ) ;
#4621 = DIRECTION ( 'NONE',  ( -0.000000000000000000, -1.000000000000000000, -0.000000000000000000 ) ) ;
#4622 = VERTEX_POINT ( 'NONE', #1273 ) ;
#4623 = AXIS2_PLACEMENT_3D ( 'NONE', #600, #1853, #4795 ) ;
#4624 = PLANE ( 'NONE',  #5969 ) ;
#4625 = EDGE_CURVE ( 'NONE', #3444, #6850, #6057, .T. ) ;
#4626 = EDGE_CURVE ( 'NONE', #1215, #7375, #4697, .T. ) ;
#4627 = EDGE_CURVE ( 'NONE', #6424, #240, #3188, .T. ) ;
#4628 = ORIENTED_EDGE ( 'NONE', *, *, #4528, .T. ) ;
#4629 = DIRECTION ( 'NONE',  ( 1.000000000000000000, 0.000000000000000000, -0.000000000000000000 ) ) ;
#4630 = DIRECTION ( 'NONE',  ( 0.000000000000000000, -1.000000000000000000, 0.000000000000000000 ) ) ;
#4631 = PLANE ( 'NONE',  #6704 ) ;
#4632 = CARTESIAN_POINT ( 'NONE',  ( -1.499999999999999556, 0.2000000000000000111, 0.8750000000000003331 ) ) ;
#4633 = ORIENTED_EDGE ( 'NONE', *, *, #3644, .T. ) ;
#4634 = VERTEX_POINT ( 'NONE', #4116 ) ;
#4635 = EDGE_CURVE ( 'NONE', #321, #6146, #459, .T. ) ;
#4636 = DIRECTION ( 'NONE',  ( 0.000000000000000000, 0.000000000000000000, 1.000000000000000000 ) ) ;
#4637 = CARTESIAN_POINT ( 'NONE',  ( 1.199999999999999956, 0.000000000000000000, -0.1250000000000002776 ) ) ;
#4638 = ORIENTED_EDGE ( 'NONE', *, *, #1725, .F. ) ;
#4639 = FACE_OUTER_BOUND ( 'NONE', #7151, .T. ) ;
#4640 = AXIS2_PLACEMENT_3D ( 'NONE', #17, #1854, #6588 ) ;
#4641 = DIRECTION ( 'NONE',  ( -3.614007241618346306E-16, 0.000000000000000000, -1.000000000000000000 ) ) ;
#4642 = SURFACE_SIDE_STYLE ('',( #2951 ) ) ;
#4643 = ORIENTED_EDGE ( 'NONE', *, *, #4814, .F. ) ;
#4644 = FILL_AREA_STYLE ('',( #2729 ) ) ;
#4645 = FACE_OUTER_BOUND ( 'NONE', #7727, .T. ) ;
#4646 = AXIS2_PLACEMENT_3D ( 'NONE', #2204, #7611, #2907 ) ;
#4647 = CARTESIAN_POINT ( 'NONE',  ( -0.6750000000000000444, 0.2000000000000000111, -0.8750000000000000000 ) ) ;
#4648 = ADVANCED_FACE ( 'NONE', ( #2094 ), #3311, .F. ) ;
#4649 = EDGE_CURVE ( 'NONE', #3931, #1527, #6904, .T. ) ;
#4650 = DIRECTION ( 'NONE',  ( 0.000000000000000000, 1.000000000000000000, 0.000000000000000000 ) ) ;
#4651 = VECTOR ( 'NONE', #1183, 1000.000000000000000 ) ;
#4652 = FILL_AREA_STYLE_COLOUR ( '', #2695 ) ;
#4653 = FILL_AREA_STYLE_COLOUR ( '', #2462 ) ;
#4654 = VERTEX_POINT ( 'NONE', #328 ) ;
#4655 = LINE ( 'NONE', #971, #1348 ) ;
#4656 = EDGE_LOOP ( 'NONE', ( #7382, #4950, #1276, #1772 ) ) ;
#4657 = ORIENTED_EDGE ( 'NONE', *, *, #7208, .F. ) ;
#4658 = LINE ( 'NONE', #2150, #7441 ) ;
#4659 = DIRECTION ( 'NONE',  ( 0.000000000000000000, 0.000000000000000000, -1.000000000000000000 ) ) ;
#4660 = CYLINDRICAL_SURFACE ( 'NONE', #7331, 0.04999999999999991257 ) ;
#4661 = CARTESIAN_POINT ( 'NONE',  ( 0.8750000000000004441, 0.04999999999999999584, 1.499999999999999778 ) ) ;
#4662 = VERTEX_POINT ( 'NONE', #207 ) ;
#4663 = DIRECTION ( 'NONE',  ( -0.000000000000000000, -1.000000000000000000, -0.000000000000000000 ) ) ;
#4664 = CARTESIAN_POINT ( 'NONE',  ( 0.6250000000000003331, 0.04999999999999969746, 1.499999999999999778 ) ) ;
#4665 = ADVANCED_FACE ( 'NONE', ( #2009 ), #2678, .F. ) ;
#4666 = DIRECTION ( 'NONE',  ( 0.000000000000000000, 0.000000000000000000, 1.000000000000000000 ) ) ;
#4667 = DIRECTION ( 'NONE',  ( -1.000000000000000000, 0.000000000000000000, -0.000000000000000000 ) ) ;
#4668 = CYLINDRICAL_SURFACE ( 'NONE', #5572, 0.04999999999999991257 ) ;
#4669 = EDGE_LOOP ( 'NONE', ( #1133, #259, #6918, #6643, #1462, #1886, #3581, #1767, #4162, #7175, #3003, #5289, #5055, #3646, #1526, #6944, #2707, #7360, #6936, #2285, #3317, #6679, #3826, #5304, #2363, #4835, #2451, #5266, #5776, #177, #1747, #5285, #634, #6714, #2082, #2533, #6408, #7032, #1252, #1955, #2584, #1235, #5546, #169, #5603, #1431, #2016, #5731, #713, #1765, #104, #817, #6049, #5452, #5842, #3837, #5538, #3618, #208, #7522, #1852, #116, #3445, #4971, #718, #1912, #4903, #2852, #5950, #4793, #2592, #6777, #5152, #2236, #7664, #5158, #5325, #6035, #1884, #4882, #4786, #1957, #4597, #1123, #7289, #2626, #708, #6660, #887, #6366, #4315, #2075, #2106, #4930, #1829, #5128, #6538, #3848, #2391, #6540 ) ) ;
#4670 = ORIENTED_EDGE ( 'NONE', *, *, #508, .T. ) ;
#4671 = EDGE_LOOP ( 'NONE', ( #1919, #6584, #5878, #1040 ) ) ;
#4672 = CYLINDRICAL_SURFACE ( 'NONE', #1384, 0.04999999999999991257 ) ;
#4673 = AXIS2_PLACEMENT_3D ( 'NONE', #3299, #6893, #6773 ) ;
#4674 = ORIENTED_EDGE ( 'NONE', *, *, #4249, .T. ) ;
#4675 = CARTESIAN_POINT ( 'NONE',  ( 0.000000000000000000, 0.05000000000000000278, 1.149999999999999689 ) ) ;
#4676 = EDGE_CURVE ( 'NONE', #6020, #4442, #286, .T. ) ;
#4677 = PLANE ( 'NONE',  #7426 ) ;
#4678 = EDGE_CURVE ( 'NONE', #241, #4402, #3980, .T. ) ;
#4679 = ADVANCED_FACE ( 'NONE', ( #2725 ), #1418, .F. ) ;
#4680 = ORIENTED_EDGE ( 'NONE', *, *, #2511, .T. ) ;
#4681 = VECTOR ( 'NONE', #5661, 1000.000000000000000 ) ;
#4682 = ORIENTED_EDGE ( 'NONE', *, *, #4430, .T. ) ;
#4683 = PLANE ( 'NONE',  #2137 ) ;
#4684 = MECHANICAL_DESIGN_GEOMETRIC_PRESENTATION_REPRESENTATION (  '', ( #2303 ), #5547 ) ;
#4685 = DIRECTION ( 'NONE',  ( -0.000000000000000000, 0.000000000000000000, 1.000000000000000000 ) ) ;
#4686 = CARTESIAN_POINT ( 'NONE',  ( 1.199999999999999734, 0.2000000000000000111, -0.8250000000000003997 ) ) ;
#4687 = CARTESIAN_POINT ( 'NONE',  ( 0.6749999999999973799, 0.000000000000000000, -1.149999999999999467 ) ) ;
#4688 = CARTESIAN_POINT ( 'NONE',  ( -0.3749999999999996669, 0.05000000000000000278, 0.000000000000000000 ) ) ;
#4689 = ORIENTED_EDGE ( 'NONE', *, *, #6597, .T. ) ;
#4690 = AXIS2_PLACEMENT_3D ( 'NONE', #6209, #2656, #2743 ) ;
#4691 = DIRECTION ( 'NONE',  ( 0.000000000000000000, 1.000000000000000000, 0.000000000000000000 ) ) ;
#4692 = VERTEX_POINT ( 'NONE', #5127 ) ;
#4693 = ADVANCED_FACE ( 'NONE', ( #7455 ), #6191, .F. ) ;
#4695 = ORIENTED_EDGE ( 'NONE', *, *, #4705, .T. ) ;
#4694 = ORIENTED_EDGE ( 'NONE', *, *, #4728, .T. ) ;
#4696 = VECTOR ( 'NONE', #6836, 1000.000000000000000 ) ;
#4697 = LINE ( 'NONE', #3038, #7090 ) ;
#4698 = CARTESIAN_POINT ( 'NONE',  ( 0.1250000000000003053, 0.2000000000000000111, 1.199999999999999734 ) ) ;
#4699 = CARTESIAN_POINT ( 'NONE',  ( -0.6250000000000026645, 0.2000000000000000111, -1.500000000000000000 ) ) ;
#4700 = CARTESIAN_POINT ( 'NONE',  ( 0.8250000000000003997, 0.2000000000000000111, 1.199999999999999734 ) ) ;
#4701 = VERTEX_POINT ( 'NONE', #3938 ) ;
#4702 = CARTESIAN_POINT ( 'NONE',  ( -0.1250000000000112688, 0.2000000000000000111, -1.500000000000000000 ) ) ;
#4703 = ORIENTED_EDGE ( 'NONE', *, *, #2855, .F. ) ;
#4704 = VECTOR ( 'NONE', #5970, 1000.000000000000000 ) ;
#4705 = EDGE_CURVE ( 'NONE', #4654, #132, #4822, .T. ) ;
#4706 = PRESENTATION_LAYER_ASSIGNMENT (  '', '', ( #4455 ) ) ;
#4707 = LINE ( 'NONE', #1643, #4051 ) ;
#4708 = AXIS2_PLACEMENT_3D ( 'NONE', #2323, #1775, #7615 ) ;
#4709 = FACE_OUTER_BOUND ( 'NONE', #4671, .T. ) ;
#4710 = VECTOR ( 'NONE', #7010, 1000.000000000000000 ) ;
#4711 = LINE ( 'NONE', #5905, #2575 ) ;
#4712 = DIRECTION ( 'NONE',  ( 0.000000000000000000, 1.000000000000000000, 0.000000000000000000 ) ) ;
#4713 = EDGE_LOOP ( 'NONE', ( #2493, #4904, #904, #7284 ) ) ;
#4714 = ORIENTED_EDGE ( 'NONE', *, *, #5764, .T. ) ;
#4715 = DIRECTION ( 'NONE',  ( 1.000000000000000000, 0.000000000000000000, -3.614007241618346306E-16 ) ) ;
#4716 = VECTOR ( 'NONE', #2121, 1000.000000000000000 ) ;
#4717 = VECTOR ( 'NONE', #5921, 1000.000000000000000 ) ;
#4718 = ORIENTED_EDGE ( 'NONE', *, *, #1281, .T. ) ;
#4719 = CARTESIAN_POINT ( 'NONE',  ( 1.199999999999999956, 0.000000000000000000, 0.1749999999999996558 ) ) ;
#4720 = LINE ( 'NONE', #1737, #803 ) ;
#4721 = LINE ( 'NONE', #1148, #6819 ) ;
#4722 = AXIS2_PLACEMENT_3D ( 'NONE', #4350, #6202, #2020 ) ;
#4723 = ORIENTED_EDGE ( 'NONE', *, *, #6624, .T. ) ;
#4724 = PLANE ( 'NONE',  #6361 ) ;
#4725 = CARTESIAN_POINT ( 'NONE',  ( 0.3750000000000003331, 0.2000000000000000111, 1.499999999999999778 ) ) ;
#4726 = EDGE_CURVE ( 'NONE', #1974, #3083, #5808, .T. ) ;
#4727 = EDGE_CURVE ( 'NONE', #5968, #1974, #1460, .T. ) ;
#4728 = EDGE_CURVE ( 'NONE', #1528, #2157, #59, .T. ) ;
#4729 = AXIS2_PLACEMENT_3D ( 'NONE', #3911, #4067, #2292 ) ;
#4730 = LINE ( 'NONE', #1741, #4717 ) ;
#4731 = CARTESIAN_POINT ( 'NONE',  ( -0.8249999999999997335, 0.2000000000000000111, 1.199999999999999734 ) ) ;
#4732 = DIRECTION ( 'NONE',  ( 0.000000000000000000, -1.000000000000000000, 0.000000000000000000 ) ) ;
#4733 = VERTEX_POINT ( 'NONE', #2046 ) ;
#4734 = VECTOR ( 'NONE', #3610, 1000.000000000000000 ) ;
#4735 = CARTESIAN_POINT ( 'NONE',  ( 1.500000000000000000, 0.2000000000000000111, -0.6250000000000003331 ) ) ;
#4736 = ORIENTED_EDGE ( 'NONE', *, *, #3872, .T. ) ;
#4737 = VECTOR ( 'NONE', #3200, 1000.000000000000000 ) ;
#4738 = CARTESIAN_POINT ( 'NONE',  ( 0.1250000000000003331, 0.04999999999999969746, 1.499999999999999778 ) ) ;
#4739 = PLANE ( 'NONE',  #2057 ) ;
#4740 = DIRECTION ( 'NONE',  ( -0.000000000000000000, -0.000000000000000000, 1.000000000000000000 ) ) ;
#4741 = DIRECTION ( 'NONE',  ( 0.000000000000000000, 0.000000000000000000, 1.000000000000000000 ) ) ;
#4742 = CARTESIAN_POINT ( 'NONE',  ( 0.3750000000000003331, 0.2000000000000000111, 1.499999999999999778 ) ) ;
#4743 = VECTOR ( 'NONE', #6119, 1000.000000000000000 ) ;
#4744 = DIRECTION ( 'NONE',  ( 0.000000000000000000, -1.000000000000000000, 0.000000000000000000 ) ) ;
#4745 = EDGE_CURVE ( 'NONE', #1346, #6733, #4450, .T. ) ;
#4746 = AXIS2_PLACEMENT_3D ( 'NONE', #1887, #4405, #3812 ) ;
#4747 = ADVANCED_FACE ( 'NONE', ( #6270 ), #3391, .T. ) ;
#4748 = CARTESIAN_POINT ( 'NONE',  ( -1.499999999999999778, 0.000000000000000000, 0.3750000000000002776 ) ) ;
#4749 = CARTESIAN_POINT ( 'NONE',  ( 0.1250000000000003608, 0.000000000000000000, 1.499999999999999778 ) ) ;
#4750 = CARTESIAN_POINT ( 'NONE',  ( -1.199999999999999512, 0.2000000000000000111, 0.6750000000000001554 ) ) ;
#4751 = ORIENTED_EDGE ( 'NONE', *, *, #4109, .T. ) ;
#4752 = DIRECTION ( 'NONE',  ( 0.000000000000000000, -1.000000000000000000, 0.000000000000000000 ) ) ;
#4753 = ORIENTED_EDGE ( 'NONE', *, *, #2277, .T. ) ;
#4754 = ORIENTED_EDGE ( 'NONE', *, *, #6552, .F. ) ;
#4755 = EDGE_LOOP ( 'NONE', ( #1560, #24, #4279, #4643, #2407, #662 ) ) ;
#4756 = LINE ( 'NONE', #1110, #7269 ) ;
#4757 = CARTESIAN_POINT ( 'NONE',  ( 1.199999999999999956, 0.2000000000000000111, 0.8249999999999997335 ) ) ;
#4758 = PLANE ( 'NONE',  #1818 ) ;
#4759 = ORIENTED_EDGE ( 'NONE', *, *, #2410, .F. ) ;
#4760 = DIRECTION ( 'NONE',  ( 0.000000000000000000, -0.000000000000000000, 1.000000000000000000 ) ) ;
#4761 = CARTESIAN_POINT ( 'NONE',  ( 0.3749999999999800715, 0.2000000000000000111, -1.500000000000000000 ) ) ;
#4762 = DIRECTION ( 'NONE',  ( 1.000000000000000000, 0.000000000000000000, -0.000000000000000000 ) ) ;
#4763 = DIRECTION ( 'NONE',  ( 0.000000000000000000, 1.000000000000000000, 0.000000000000000000 ) ) ;
#4764 = EDGE_CURVE ( 'NONE', #2074, #3922, #3827, .T. ) ;
#4765 = CLOSED_SHELL ( 'NONE', ( #753, #2565, #4774, #3488, #5730, #2906, #615, #5695 ) ) ;
#4766 = FACE_OUTER_BOUND ( 'NONE', #1867, .T. ) ;
#4767 = FACE_OUTER_BOUND ( 'NONE', #185, .T. ) ;
#4768 = EDGE_LOOP ( 'NONE', ( #2133, #5235, #555, #5057 ) ) ;
#4769 = AXIS2_PLACEMENT_3D ( 'NONE', #5761, #6467, #7530 ) ;
#4770 = FACE_OUTER_BOUND ( 'NONE', #2543, .T. ) ;
#4771 = EDGE_CURVE ( 'NONE', #6900, #5986, #3268, .T. ) ;
#4772 = DIRECTION ( 'NONE',  ( -0.000000000000000000, -1.000000000000000000, -0.000000000000000000 ) ) ;
#4773 = EDGE_CURVE ( 'NONE', #534, #2358, #6864, .T. ) ;
#4774 = ADVANCED_FACE ( 'NONE', ( #5693 ), #4758, .F. ) ;
#4775 = CARTESIAN_POINT ( 'NONE',  ( 1.199999999999999956, 0.2000000000000000111, -0.3750000000000002776 ) ) ;
#4776 = DIRECTION ( 'NONE',  ( -1.000000000000000000, 0.000000000000000000, 0.000000000000000000 ) ) ;
#4777 = ORIENTED_EDGE ( 'NONE', *, *, #235, .T. ) ;
#4778 = FACE_OUTER_BOUND ( 'NONE', #973, .T. ) ;
#4779 = DIRECTION ( 'NONE',  ( 0.000000000000000000, 0.000000000000000000, 1.000000000000000000 ) ) ;
#4780 = DIRECTION ( 'NONE',  ( 0.000000000000000000, -1.000000000000000000, 0.000000000000000000 ) ) ;
#4781 = DIRECTION ( 'NONE',  ( -5.782411586589358664E-14, 0.000000000000000000, -1.000000000000000000 ) ) ;
#4782 = DIRECTION ( 'NONE',  ( -1.000000000000000000, 0.000000000000000000, 7.697835424647133231E-14 ) ) ;
#4783 = EDGE_LOOP ( 'NONE', ( #2278, #4199, #1648, #7290, #7629, #832 ) ) ;
#4784 = MANIFOLD_SOLID_BREP ( 'Boss-Extrude3[7]', #5388 ) ;
#4785 = CARTESIAN_POINT ( 'NONE',  ( -0.8250000000000027311, 0.2000000000000000111, -1.149999999999999467 ) ) ;
#4786 = ORIENTED_EDGE ( 'NONE', *, *, #3150, .T. ) ;
#4787 = ORIENTED_EDGE ( 'NONE', *, *, #5582, .F. ) ;
#4788 = EDGE_CURVE ( 'NONE', #5531, #2811, #5273, .T. ) ;
#4789 = ORIENTED_EDGE ( 'NONE', *, *, #603, .T. ) ;
#4790 = CARTESIAN_POINT ( 'NONE',  ( 0.000000000000000000, 0.05000000000000000278, -0.1250000000000002776 ) ) ;
#4791 = LINE ( 'NONE', #4947, #1674 ) ;
#4792 = VERTEX_POINT ( 'NONE', #558 ) ;
#4793 = ORIENTED_EDGE ( 'NONE', *, *, #3389, .F. ) ;
#4794 = AXIS2_PLACEMENT_3D ( 'NONE', #511, #6418, #3531 ) ;
#4795 = DIRECTION ( 'NONE',  ( 0.000000000000000000, 0.000000000000000000, 1.000000000000000000 ) ) ;
#4796 = CARTESIAN_POINT ( 'NONE',  ( 1.500000000000000000, 0.000000000000000000, -0.8750000000000003331 ) ) ;
#4797 = LINE ( 'NONE', #6589, #2142 ) ;
#4798 = MANIFOLD_SOLID_BREP ( 'Boss-Extrude3[2]', #1244 ) ;
#4799 = DIRECTION ( 'NONE',  ( 0.000000000000000000, 0.000000000000000000, -1.000000000000000000 ) ) ;
#4800 = DIRECTION ( 'NONE',  ( 0.000000000000000000, 1.000000000000000000, 0.000000000000000000 ) ) ;
#4801 = CIRCLE ( 'NONE', #1412, 0.05000000000000012768 ) ;
#4802 = CARTESIAN_POINT ( 'NONE',  ( 1.500000000000000000, 0.04999999999999999584, -0.8750000000000003331 ) ) ;
#4803 = VECTOR ( 'NONE', #7687, 1000.000000000000000 ) ;
#4804 = ORIENTED_EDGE ( 'NONE', *, *, #113, .T. ) ;
#4805 = DIRECTION ( 'NONE',  ( 0.000000000000000000, 0.000000000000000000, -1.000000000000000000 ) ) ;
#4806 = CARTESIAN_POINT ( 'NONE',  ( -0.3750000000000112688, 0.2000000000000000111, -1.500000000000000000 ) ) ;
#4807 = VECTOR ( 'NONE', #5723, 1000.000000000000000 ) ;
#4808 = CARTESIAN_POINT ( 'NONE',  ( 1.500000000000000000, 0.2000000000000000111, -0.1250000000000002776 ) ) ;
#4809 = DIRECTION ( 'NONE',  ( 3.642919299551479807E-14, 0.000000000000000000, -1.000000000000000000 ) ) ;
#4810 = EDGE_LOOP ( 'NONE', ( #2118, #2473, #3023, #2392 ) ) ;
#4811 = FACE_OUTER_BOUND ( 'NONE', #467, .T. ) ;
#4812 = ADVANCED_FACE ( 'NONE', ( #6472 ), #7726, .T. ) ;
#4813 = AXIS2_PLACEMENT_3D ( 'NONE', #5091, #5626, #3829 ) ;
#4814 = EDGE_CURVE ( 'NONE', #3333, #612, #5703, .T. ) ;
#4815 = ADVANCED_FACE ( 'NONE', ( #6984 ), #7692, .T. ) ;
#4816 = EDGE_CURVE ( 'NONE', #1482, #2117, #4721, .T. ) ;
#4817 = DIRECTION ( 'NONE',  ( 0.000000000000000000, 0.000000000000000000, 1.000000000000000000 ) ) ;
#4818 = DIRECTION ( 'NONE',  ( 0.000000000000000000, 1.000000000000000000, 0.000000000000000000 ) ) ;
#4819 = CARTESIAN_POINT ( 'NONE',  ( -1.199999999999999512, 0.2000000000000000111, 0.8250000000000002887 ) ) ;
#4820 = DIRECTION ( 'NONE',  ( 1.000000000000000000, 0.000000000000000000, 0.000000000000000000 ) ) ;
#4821 = VERTEX_POINT ( 'NONE', #2250 ) ;
#4822 = CIRCLE ( 'NONE', #5101, 0.05000000000000012768 ) ;
#4823 = CARTESIAN_POINT ( 'NONE',  ( -0.3249999999999997891, 0.04999999999999999584, 1.149999999999999689 ) ) ;
#4824 = VERTEX_POINT ( 'NONE', #7022 ) ;
#4825 = ORIENTED_EDGE ( 'NONE', *, *, #6742, .T. ) ;
#4826 = EDGE_LOOP ( 'NONE', ( #2706, #2912, #1994, #2671 ) ) ;
#4827 =( GEOMETRIC_REPRESENTATION_CONTEXT ( 3 ) GLOBAL_UNCERTAINTY_ASSIGNED_CONTEXT ( ( #6400 ) ) GLOBAL_UNIT_ASSIGNED_CONTEXT ( ( #4601, #7575, #6508 ) ) REPRESENTATION_CONTEXT ( 'NONE', 'WORKASPACE' ) );
#4828 = VECTOR ( 'NONE', #5832, 1000.000000000000000 ) ;
#4829 = DIRECTION ( 'NONE',  ( 1.000000000000000000, -0.000000000000000000, 0.000000000000000000 ) ) ;
#4830 = DIRECTION ( 'NONE',  ( 1.000000000000000000, 0.000000000000000000, 0.000000000000000000 ) ) ;
#4831 = FILL_AREA_STYLE_COLOUR ( '', #1941 ) ;
#4832 = SURFACE_STYLE_USAGE ( .BOTH. , #2918 ) ;
#4833 = EDGE_LOOP ( 'NONE', ( #4982, #387, #6199, #3402, #1108, #2427 ) ) ;
#4834 = EDGE_CURVE ( 'NONE', #1561, #5044, #2362, .T. ) ;
#4835 = ORIENTED_EDGE ( 'NONE', *, *, #4009, .F. ) ;
#4836 = CIRCLE ( 'NONE', #7457, 0.04999999999999980849 ) ;
#4837 = VECTOR ( 'NONE', #2254, 1000.000000000000000 ) ;
#4838 = PLANE ( 'NONE',  #3138 ) ;
#4839 = DIRECTION ( 'NONE',  ( 1.000000000000000000, 0.000000000000000000, 0.000000000000000000 ) ) ;
#4840 = VECTOR ( 'NONE', #2066, 1000.000000000000000 ) ;
#4842 = DIRECTION ( 'NONE',  ( -1.000000000000000000, -0.000000000000000000, 1.807003620809173153E-16 ) ) ;
#4841 = AXIS2_PLACEMENT_3D ( 'NONE', #6520, #1160, #5363 ) ;
#4843 = EDGE_CURVE ( 'NONE', #6977, #2202, #1256, .T. ) ;
#4844 = FACE_OUTER_BOUND ( 'NONE', #1557, .T. ) ;
#4845 = DIRECTION ( 'NONE',  ( 0.000000000000000000, -1.000000000000000000, 0.000000000000000000 ) ) ;
#4846 = PRESENTATION_LAYER_ASSIGNMENT (  '', '', ( #2218 ) ) ;
#4847 = EDGE_LOOP ( 'NONE', ( #2770, #4933, #3601, #776, #3468, #5610, #3246, #2400, #6484, #3079, #2705, #3230, #5789, #361, #2551, #4328, #5701, #1768, #4967, #5852 ) ) ;
#4848 = VECTOR ( 'NONE', #4752, 1000.000000000000000 ) ;
#4849 = LINE ( 'NONE', #7079, #5447 ) ;
#4850 = CARTESIAN_POINT ( 'NONE',  ( -1.199999999999999512, 0.2000000000000000111, 0.8750000000000002220 ) ) ;
#4851 = DIRECTION ( 'NONE',  ( 1.000000000000000000, 0.000000000000000000, 0.000000000000000000 ) ) ;
#4852 = DIRECTION ( 'NONE',  ( 3.614007241618346799E-16, -0.000000000000000000, 1.000000000000000000 ) ) ;
#4853 = ORIENTED_EDGE ( 'NONE', *, *, #752, .F. ) ;
#4854 = CYLINDRICAL_SURFACE ( 'NONE', #7609, 0.05000000000000012768 ) ;
#4855 = VECTOR ( 'NONE', #7748, 1000.000000000000000 ) ;
#4856 = DIRECTION ( 'NONE',  ( 0.000000000000000000, 0.000000000000000000, 1.000000000000000000 ) ) ;
#4857 = DIRECTION ( 'NONE',  ( -1.000000000000000000, 0.000000000000000000, -0.000000000000000000 ) ) ;
#4858 = LINE ( 'NONE', #6685, #6826 ) ;
#4859 = CARTESIAN_POINT ( 'NONE',  ( -1.149999999999999467, 0.2000000000000000111, 0.6750000000000001554 ) ) ;
#4860 = ORIENTED_EDGE ( 'NONE', *, *, #3244, .F. ) ;
#4861 = EDGE_CURVE ( 'NONE', #1738, #627, #7216, .T. ) ;
#4862 = MANIFOLD_SOLID_BREP ( 'Boss-Extrude3[1]', #1998 ) ;
#4863 = EDGE_CURVE ( 'NONE', #474, #6271, #5416, .T. ) ;
#4864 = EDGE_CURVE ( 'NONE', #627, #2965, #6700, .T. ) ;
#4865 = DIRECTION ( 'NONE',  ( 0.000000000000000000, -1.000000000000000000, 0.000000000000000000 ) ) ;
#4866 = ORIENTED_EDGE ( 'NONE', *, *, #3871, .F. ) ;
#4867 = ORIENTED_EDGE ( 'NONE', *, *, #7034, .T. ) ;
#4868 = VECTOR ( 'NONE', #4023, 1000.000000000000000 ) ;
#4869 = DIRECTION ( 'NONE',  ( 0.000000000000000000, 0.000000000000000000, -1.000000000000000000 ) ) ;
#4870 = CARTESIAN_POINT ( 'NONE',  ( 0.6749999999999973799, 0.000000000000000000, -1.149999999999999467 ) ) ;
#4871 = PLANE ( 'NONE',  #6563 ) ;
#4872 = CARTESIAN_POINT ( 'NONE',  ( -1.499999999999999778, 0.2000000000000000111, -0.3749999999999997224 ) ) ;
#4873 = ORIENTED_EDGE ( 'NONE', *, *, #7496, .T. ) ;
#4874 = ADVANCED_FACE ( 'NONE', ( #3733 ), #4871, .T. ) ;
#4875 = ORIENTED_EDGE ( 'NONE', *, *, #4773, .T. ) ;
#4876 = ADVANCED_FACE ( 'NONE', ( #1964 ), #5530, .F. ) ;
#4877 = DIRECTION ( 'NONE',  ( 0.000000000000000000, 0.000000000000000000, 1.000000000000000000 ) ) ;
#4878 = DIRECTION ( 'NONE',  ( 0.000000000000000000, -1.000000000000000000, 0.000000000000000000 ) ) ;
#4879 = MANIFOLD_SOLID_BREP ( 'Boss-Extrude3[14]', #506 ) ;
#4880 = CARTESIAN_POINT ( 'NONE',  ( -0.6750000000000000444, 0.2000000000000000111, -0.8750000000000000000 ) ) ;
#4881 = DIRECTION ( 'NONE',  ( -1.000000000000000000, 0.000000000000000000, 8.673617379884037996E-14 ) ) ;
#4882 = ORIENTED_EDGE ( 'NONE', *, *, #7211, .F. ) ;
#4883 = CARTESIAN_POINT ( 'NONE',  ( 0.8749999999999974465, 0.2000000000000000111, -1.200000000000000178 ) ) ;
#4884 = LINE ( 'NONE', #3001, #6357 ) ;
#4885 = ORIENTED_EDGE ( 'NONE', *, *, #5110, .F. ) ;
#4886 = EDGE_CURVE ( 'NONE', #4286, #7135, #47, .T. ) ;
#4887 = EDGE_CURVE ( 'NONE', #6282, #5503, #6024, .T. ) ;
#4888 = ORIENTED_EDGE ( 'NONE', *, *, #1521, .F. ) ;
#4889 = VECTOR ( 'NONE', #7292, 1000.000000000000000 ) ;
#4890 = CARTESIAN_POINT ( 'NONE',  ( -0.6249999999999995559, 0.000000000000000000, 1.499999999999999778 ) ) ;
#4891 = DIRECTION ( 'NONE',  ( -0.000000000000000000, -1.000000000000000000, -0.000000000000000000 ) ) ;
#4892 = ORIENTED_EDGE ( 'NONE', *, *, #4486, .T. ) ;
#4893 = DIRECTION ( 'NONE',  ( 0.000000000000000000, 0.000000000000000000, -1.000000000000000000 ) ) ;
#4894 = ORIENTED_EDGE ( 'NONE', *, *, #264, .T. ) ;
#4895 = VECTOR ( 'NONE', #5690, 1000.000000000000000 ) ;
#4896 = DIRECTION ( 'NONE',  ( 0.000000000000000000, 0.000000000000000000, -1.000000000000000000 ) ) ;
#4897 = LINE ( 'NONE', #3562, #5435 ) ;
#4898 = VECTOR ( 'NONE', #1880, 1000.000000000000000 ) ;
#4899 = LINE ( 'NONE', #5484, #3463 ) ;
#4900 = CARTESIAN_POINT ( 'NONE',  ( -0.8250000000000027311, 0.000000000000000000, -1.200000000000000178 ) ) ;
#4901 = ORIENTED_EDGE ( 'NONE', *, *, #3234, .F. ) ;
#4902 = CARTESIAN_POINT ( 'NONE',  ( 0.3750000000000003331, 0.000000000000000000, 1.499999999999999778 ) ) ;
#4903 = ORIENTED_EDGE ( 'NONE', *, *, #3286, .F. ) ;
#4904 = ORIENTED_EDGE ( 'NONE', *, *, #2092, .F. ) ;
#4905 = ORIENTED_EDGE ( 'NONE', *, *, #5323, .F. ) ;
#4906 = ORIENTED_EDGE ( 'NONE', *, *, #4863, .T. ) ;
#4907 = EDGE_CURVE ( 'NONE', #231, #4513, #6775, .T. ) ;
#4908 = LINE ( 'NONE', #5606, #1145 ) ;
#4909 = DIRECTION ( 'NONE',  ( 0.000000000000000000, 0.000000000000000000, 1.000000000000000000 ) ) ;
#4910 = CARTESIAN_POINT ( 'NONE',  ( 0.6749999999999973799, 0.2000000000000000111, -1.149999999999999467 ) ) ;
#4911 =( LENGTH_UNIT ( ) NAMED_UNIT ( * ) SI_UNIT ( .MILLI., .METRE. ) );
#4912 = VERTEX_POINT ( 'NONE', #5609 ) ;
#4913 = ORIENTED_EDGE ( 'NONE', *, *, #6134, .F. ) ;
#4914 = PLANE ( 'NONE',  #7362 ) ;
#4915 = DIRECTION ( 'NONE',  ( 0.000000000000000000, 0.000000000000000000, -1.000000000000000000 ) ) ;
#4916 = ADVANCED_FACE ( 'NONE', ( #318 ), #2161, .T. ) ;
#4917 = EDGE_CURVE ( 'NONE', #6056, #83, #4337, .T. ) ;
#4918 = EDGE_CURVE ( 'NONE', #3304, #660, #7709, .T. ) ;
#4919 = FACE_OUTER_BOUND ( 'NONE', #4492, .T. ) ;
#4920 = CARTESIAN_POINT ( 'NONE',  ( 0.8749999999999713562, 0.2000000000000000111, -1.500000000000000000 ) ) ;
#4921 = ORIENTED_EDGE ( 'NONE', *, *, #2159, .T. ) ;
#4922 = VECTOR ( 'NONE', #1016, 1000.000000000000000 ) ;
#4923 = LINE ( 'NONE', #7300, #2089 ) ;
#4924 = DIRECTION ( 'NONE',  ( -0.000000000000000000, -1.000000000000000000, -0.000000000000000000 ) ) ;
#4925 = VERTEX_POINT ( 'NONE', #4436 ) ;
#4926 = ORIENTED_EDGE ( 'NONE', *, *, #7137, .T. ) ;
#4927 = AXIS2_PLACEMENT_3D ( 'NONE', #1231, #4881, #3117 ) ;
#4928 = CARTESIAN_POINT ( 'NONE',  ( -1.199999999999999512, 0.2000000000000000111, 0.8250000000000002887 ) ) ;
#4929 = CARTESIAN_POINT ( 'NONE',  ( -0.3250000000000026756, 0.2000000000000000111, -1.200000000000000178 ) ) ;
#4930 = ORIENTED_EDGE ( 'NONE', *, *, #6916, .T. ) ;
#4931 = VECTOR ( 'NONE', #7697, 1000.000000000000000 ) ;
#4932 = DIRECTION ( 'NONE',  ( 0.000000000000000000, -0.000000000000000000, 1.000000000000000000 ) ) ;
#4933 = ORIENTED_EDGE ( 'NONE', *, *, #2182, .T. ) ;
#4934 = VECTOR ( 'NONE', #3144, 1000.000000000000000 ) ;
#4935 = DIRECTION ( 'NONE',  ( 1.000000000000000000, 0.000000000000000000, -7.697835424647134493E-14 ) ) ;
#4936 = DIRECTION ( 'NONE',  ( -0.000000000000000000, -1.000000000000000000, -0.000000000000000000 ) ) ;
#4937 = CARTESIAN_POINT ( 'NONE',  ( -0.6250000000000026645, 0.2000000000000000111, -1.500000000000000000 ) ) ;
#4938 = DIRECTION ( 'NONE',  ( 0.000000000000000000, 0.000000000000000000, 1.000000000000000000 ) ) ;
#4939 = EDGE_LOOP ( 'NONE', ( #94, #4297, #6124, #2284 ) ) ;
#4940 = EDGE_CURVE ( 'NONE', #995, #1513, #7325, .T. ) ;
#4941 = DIRECTION ( 'NONE',  ( 0.000000000000000000, 1.000000000000000000, 0.000000000000000000 ) ) ;
#4942 = CIRCLE ( 'NONE', #3682, 0.05000000000000012768 ) ;
#4943 = ORIENTED_EDGE ( 'NONE', *, *, #6723, .F. ) ;
#4944 = ORIENTED_EDGE ( 'NONE', *, *, #6257, .T. ) ;
#4945 = VERTEX_POINT ( 'NONE', #6897 ) ;
#4946 = CARTESIAN_POINT ( 'NONE',  ( 0.3249999999999975131, 0.2000000000000000111, -1.200000000000000178 ) ) ;
#4947 = CARTESIAN_POINT ( 'NONE',  ( -1.499999999999999778, 0.2000000000000000111, 0.3750000000000002776 ) ) ;
#4948 = AXIS2_PLACEMENT_3D ( 'NONE', #4066, #2734, #4569 ) ;
#4949 = ORIENTED_EDGE ( 'NONE', *, *, #3764, .T. ) ;
#4950 = ORIENTED_EDGE ( 'NONE', *, *, #7347, .F. ) ;
#4951 = ORIENTED_EDGE ( 'NONE', *, *, #7295, .F. ) ;
#4952 = CARTESIAN_POINT ( 'NONE',  ( 1.500000000000000000, 0.2000000000000000111, -0.6250000000000003331 ) ) ;
#4953 = CARTESIAN_POINT ( 'NONE',  ( 1.500000000000000000, 0.2000000000000000111, -0.6250000000000003331 ) ) ;
#4954 = UNCERTAINTY_MEASURE_WITH_UNIT (LENGTH_MEASURE( 1.000000000000000082E-05 ), #5844, 'distance_accuracy_value', 'NONE');
#4955 = STYLED_ITEM ( 'NONE', ( #3145 ), #4862 ) ;
#4956 = CARTESIAN_POINT ( 'NONE',  ( 1.199999999999999956, 0.2000000000000000111, 0.6749999999999996003 ) ) ;
#4957 = CARTESIAN_POINT ( 'NONE',  ( -0.3750000000000112688, 0.2000000000000000111, -1.500000000000000000 ) ) ;
#4958 = ORIENTED_EDGE ( 'NONE', *, *, #6493, .T. ) ;
#4959 = VECTOR ( 'NONE', #546, 1000.000000000000000 ) ;
#4960 = CIRCLE ( 'NONE', #7078, 0.04999999999999991257 ) ;
#4961 = CARTESIAN_POINT ( 'NONE',  ( 1.149999999999999911, 0.2000000000000000111, -0.1750000000000001832 ) ) ;
#4962 = EDGE_CURVE ( 'NONE', #7169, #7005, #7365, .T. ) ;
#4963 = EDGE_CURVE ( 'NONE', #1030, #400, #2832, .T. ) ;
#4964 = ADVANCED_FACE ( 'NONE', ( #6177 ), #5114, .T. ) ;
#4965 = DIRECTION ( 'NONE',  ( 0.000000000000000000, -1.000000000000000000, 0.000000000000000000 ) ) ;
#4966 = VECTOR ( 'NONE', #30, 1000.000000000000000 ) ;
#4967 = ORIENTED_EDGE ( 'NONE', *, *, #1860, .F. ) ;
#4968 = VECTOR ( 'NONE', #5997, 1000.000000000000000 ) ;
#4969 = DIRECTION ( 'NONE',  ( -1.000000000000000000, -0.000000000000000000, -0.000000000000000000 ) ) ;
#4970 = DIRECTION ( 'NONE',  ( -3.614007241618346799E-16, 0.000000000000000000, -1.000000000000000000 ) ) ;
#4971 = ORIENTED_EDGE ( 'NONE', *, *, #2002, .F. ) ;
#4972 = CARTESIAN_POINT ( 'NONE',  ( 0.3750000000000003331, 0.2000000000000000111, 1.499999999999999778 ) ) ;
#4973 = AXIS2_PLACEMENT_3D ( 'NONE', #2842, #373, #3356 ) ;
#4974 = CYLINDRICAL_SURFACE ( 'NONE', #7059, 0.04999999999999991257 ) ;
#4975 = DIRECTION ( 'NONE',  ( -1.000000000000000000, 0.000000000000000000, 5.782411586589358664E-14 ) ) ;
#4976 = CARTESIAN_POINT ( 'NONE',  ( -1.199999999999999734, 0.2000000000000000111, 0.3250000000000002887 ) ) ;
#4977 = PLANE ( 'NONE',  #696 ) ;
#4978 = EDGE_LOOP ( 'NONE', ( #3573, #5565, #6779, #5642 ) ) ;
#4979 = LINE ( 'NONE', #784, #6346 ) ;
#4980 = VECTOR ( 'NONE', #2660, 1000.000000000000000 ) ;
#4981 = ORIENTED_EDGE ( 'NONE', *, *, #3185, .F. ) ;
#4982 = ORIENTED_EDGE ( 'NONE', *, *, #1005, .F. ) ;
#4983 = EDGE_CURVE ( 'NONE', #6267, #5064, #1999, .T. ) ;
#4984 = VERTEX_POINT ( 'NONE', #4517 ) ;
#4985 = ADVANCED_FACE ( 'NONE', ( #3218 ), #3176, .F. ) ;
#4986 = CARTESIAN_POINT ( 'NONE',  ( 0.6749999999999973799, 0.2000000000000000111, -1.200000000000000178 ) ) ;
#4987 = AXIS2_PLACEMENT_3D ( 'NONE', #1722, #2930, #2895 ) ;
#4988 = LINE ( 'NONE', #4399, #3048 ) ;
#4989 = PLANE ( 'NONE',  #447 ) ;
#4990 =( LENGTH_UNIT ( ) NAMED_UNIT ( * ) SI_UNIT ( .MILLI., .METRE. ) );
#4991 = ORIENTED_EDGE ( 'NONE', *, *, #4505, .T. ) ;
#4992 = ORIENTED_EDGE ( 'NONE', *, *, #5628, .T. ) ;
#4993 = ORIENTED_EDGE ( 'NONE', *, *, #683, .T. ) ;
#4994 = DIRECTION ( 'NONE',  ( -0.000000000000000000, -1.000000000000000000, -0.000000000000000000 ) ) ;
#4995 = DIRECTION ( 'NONE',  ( 0.000000000000000000, -1.000000000000000000, 0.000000000000000000 ) ) ;
#4996 = VECTOR ( 'NONE', #1349, 1000.000000000000000 ) ;
#4997 = DIRECTION ( 'NONE',  ( 0.000000000000000000, 0.000000000000000000, 1.000000000000000000 ) ) ;
#4998 = CARTESIAN_POINT ( 'NONE',  ( -1.499999999999999778, 0.04999999999999969746, 1.499999999999999778 ) ) ;
#4999 = CARTESIAN_POINT ( 'NONE',  ( -0.3750000000000112688, 0.2000000000000000111, -1.500000000000000000 ) ) ;
#5000 = ORIENTED_EDGE ( 'NONE', *, *, #2318, .F. ) ;
#5001 = ORIENTED_EDGE ( 'NONE', *, *, #4444, .F. ) ;
#5002 = DIRECTION ( 'NONE',  ( -0.000000000000000000, -1.000000000000000000, -0.000000000000000000 ) ) ;
#5003 = DIRECTION ( 'NONE',  ( 0.000000000000000000, 0.000000000000000000, -1.000000000000000000 ) ) ;
#5004 = LINE ( 'NONE', #252, #5996 ) ;
#5005 = ORIENTED_EDGE ( 'NONE', *, *, #3185, .T. ) ;
#5006 = EDGE_CURVE ( 'NONE', #2971, #3128, #571, .T. ) ;
#5007 = CARTESIAN_POINT ( 'NONE',  ( -1.199999999999999734, 0.2000000000000000111, -0.3249999999999999001 ) ) ;
#5008 = CLOSED_SHELL ( 'NONE', ( #570, #1073, #4575, #427, #29, #1316, #1702, #5692 ) ) ;
#5009 = ORIENTED_EDGE ( 'NONE', *, *, #1840, .T. ) ;
#5010 = CARTESIAN_POINT ( 'NONE',  ( 1.149999999999999911, 0.2000000000000000111, 0.6749999999999996003 ) ) ;
#5011 = VERTEX_POINT ( 'NONE', #2081 ) ;
#5012 = EDGE_LOOP ( 'NONE', ( #2890, #4167, #157, #2041 ) ) ;
#5013 = AXIS2_PLACEMENT_3D ( 'NONE', #3069, #3586, #4915 ) ;
#5014 = ADVANCED_FACE ( 'NONE', ( #872 ), #6302, .T. ) ;
#5015 = ADVANCED_FACE ( 'NONE', ( #3347 ), #6263, .F. ) ;
#5016 = ADVANCED_FACE ( 'NONE', ( #3892 ), #5724, .F. ) ;
#5017 = CARTESIAN_POINT ( 'NONE',  ( 0.1249999999999800576, 0.2000000000000000111, -1.500000000000000000 ) ) ;
#5018 = DIRECTION ( 'NONE',  ( 0.000000000000000000, -0.000000000000000000, 1.000000000000000000 ) ) ;
#5019 = CARTESIAN_POINT ( 'NONE',  ( -1.499999999999999778, 0.2000000000000000111, -0.3749999999999997224 ) ) ;
#5020 = ORIENTED_EDGE ( 'NONE', *, *, #914, .T. ) ;
#5021 = DIRECTION ( 'NONE',  ( 0.000000000000000000, -1.000000000000000000, 0.000000000000000000 ) ) ;
#5022 =( GEOMETRIC_REPRESENTATION_CONTEXT ( 3 ) GLOBAL_UNCERTAINTY_ASSIGNED_CONTEXT ( ( #528 ) ) GLOBAL_UNIT_ASSIGNED_CONTEXT ( ( #1491, #6151, #2639 ) ) REPRESENTATION_CONTEXT ( 'NONE', 'WORKASPACE' ) );
#5023 = ORIENTED_EDGE ( 'NONE', *, *, #2566, .T. ) ;
#5024 = ORIENTED_EDGE ( 'NONE', *, *, #6672, .F. ) ;
#5025 = CARTESIAN_POINT ( 'NONE',  ( 1.199999999999999956, 0.2000000000000000111, 0.8749999999999996669 ) ) ;
#5026 = DIRECTION ( 'NONE',  ( -8.673617379884037996E-14, 0.000000000000000000, -1.000000000000000000 ) ) ;
#5027 = DIRECTION ( 'NONE',  ( 1.000000000000000000, 0.000000000000000000, -0.000000000000000000 ) ) ;
#5028 =( NAMED_UNIT ( * ) PLANE_ANGLE_UNIT ( ) SI_UNIT ( $, .RADIAN. ) );
#5029 = VERTEX_POINT ( 'NONE', #1371 ) ;
#5030 = ORIENTED_EDGE ( 'NONE', *, *, #26, .F. ) ;
#5031 = ORIENTED_EDGE ( 'NONE', *, *, #3835, .F. ) ;
#5032 = ADVANCED_FACE ( 'NONE', ( #197 ), #4989, .F. ) ;
#5033 = DIRECTION ( 'NONE',  ( -1.000000000000000000, -0.000000000000000000, 1.807003620809173153E-16 ) ) ;
#5034 = DIRECTION ( 'NONE',  ( 0.000000000000000000, 0.000000000000000000, -1.000000000000000000 ) ) ;
#5035 = AXIS2_PLACEMENT_3D ( 'NONE', #1920, #2396, #3578 ) ;
#5036 = CARTESIAN_POINT ( 'NONE',  ( 0.1750000000000002109, 0.2000000000000000111, 1.149999999999999689 ) ) ;
#5037 = CARTESIAN_POINT ( 'NONE',  ( 1.199999999999999956, 0.000000000000000000, 0.1249999999999997363 ) ) ;
#5038 = DIRECTION ( 'NONE',  ( -3.614007241618346799E-16, 0.000000000000000000, -1.000000000000000000 ) ) ;
#5039 = ORIENTED_EDGE ( 'NONE', *, *, #3337, .T. ) ;
#5040 = ORIENTED_EDGE ( 'NONE', *, *, #5571, .T. ) ;
#5041 = CARTESIAN_POINT ( 'NONE',  ( 1.500000000000000000, 0.2000000000000000111, 0.8749999999999996669 ) ) ;
#5042 = CARTESIAN_POINT ( 'NONE',  ( -0.8250000000000027311, 0.2000000000000000111, -1.149999999999999467 ) ) ;
#5043 = CARTESIAN_POINT ( 'NONE',  ( -0.8750000000000000000, 0.2000000000000000111, -0.6750000000000000444 ) ) ;
#5044 = VERTEX_POINT ( 'NONE', #7715 ) ;
#5045 = CYLINDRICAL_SURFACE ( 'NONE', #56, 0.04999999999999991257 ) ;
#5046 = DIRECTION ( 'NONE',  ( -0.000000000000000000, 0.000000000000000000, 1.000000000000000000 ) ) ;
#5047 = ORIENTED_EDGE ( 'NONE', *, *, #6861, .F. ) ;
#5048 = LINE ( 'NONE', #7311, #2478 ) ;
#5049 = VECTOR ( 'NONE', #2709, 1000.000000000000000 ) ;
#5050 = VERTEX_POINT ( 'NONE', #393 ) ;
#5051 = PLANE ( 'NONE',  #6682 ) ;
#5052 = VECTOR ( 'NONE', #4065, 1000.000000000000000 ) ;
#5053 = CARTESIAN_POINT ( 'NONE',  ( 1.500000000000000000, 0.2000000000000000111, -0.3750000000000003331 ) ) ;
#5054 = CARTESIAN_POINT ( 'NONE',  ( -0.1250000000000026090, 0.04999999999999999584, -1.200000000000000178 ) ) ;
#5055 = ORIENTED_EDGE ( 'NONE', *, *, #3284, .T. ) ;
#5056 = PLANE ( 'NONE',  #1844 ) ;
#5057 = ORIENTED_EDGE ( 'NONE', *, *, #2567, .T. ) ;
#5058 = ADVANCED_FACE ( 'NONE', ( #4087 ), #1018, .T. ) ;
#5059 = EDGE_CURVE ( 'NONE', #4595, #1545, #5337, .T. ) ;
#5060 = EDGE_CURVE ( 'NONE', #2293, #2516, #2785, .T. ) ;
#5061 = ORIENTED_EDGE ( 'NONE', *, *, #1128, .T. ) ;
#5062 = COLOUR_RGB ( '',0.2509803921568627416, 0.2509803921568627416, 0.2509803921568627416 ) ;
#5063 = ORIENTED_EDGE ( 'NONE', *, *, #2663, .T. ) ;
#5064 = VERTEX_POINT ( 'NONE', #1646 ) ;
#5065 = DIRECTION ( 'NONE',  ( 0.000000000000000000, 1.000000000000000000, 0.000000000000000000 ) ) ;
#5066 = CARTESIAN_POINT ( 'NONE',  ( 0.6749999999999973799, 0.000000000000000000, -1.200000000000000178 ) ) ;
#5067 = DIRECTION ( 'NONE',  ( 0.000000000000000000, 0.000000000000000000, 1.000000000000000000 ) ) ;
#5068 = CARTESIAN_POINT ( 'NONE',  ( 1.500000000000000000, 0.2000000000000000111, 0.1249999999999997363 ) ) ;
#5069 = VERTEX_POINT ( 'NONE', #7093 ) ;
#5070 = AXIS2_PLACEMENT_3D ( 'NONE', #6095, #4936, #2025 ) ;
#5071 = VERTEX_POINT ( 'NONE', #984 ) ;
#5072 = CARTESIAN_POINT ( 'NONE',  ( -1.149999999999999467, 0.2000000000000000111, 0.6750000000000001554 ) ) ;
#5073 = LINE ( 'NONE', #2087, #1762 ) ;
#5074 = AXIS2_PLACEMENT_3D ( 'NONE', #4928, #1943, #4381 ) ;
#5075 = LINE ( 'NONE', #5036, #4895 ) ;
#5076 = DIRECTION ( 'NONE',  ( -2.891205793294679332E-14, 0.000000000000000000, -1.000000000000000000 ) ) ;
#5077 = DIRECTION ( 'NONE',  ( 0.000000000000000000, 1.000000000000000000, 0.000000000000000000 ) ) ;
#5078 = ORIENTED_EDGE ( 'NONE', *, *, #3527, .T. ) ;
#5079 = EDGE_LOOP ( 'NONE', ( #3679, #5778, #4511, #943 ) ) ;
#5080 = LINE ( 'NONE', #997, #4362 ) ;
#5081 = VECTOR ( 'NONE', #1045, 1000.000000000000000 ) ;
#5082 = VECTOR ( 'NONE', #6225, 1000.000000000000000 ) ;
#5083 = CARTESIAN_POINT ( 'NONE',  ( -0.6749999999999996003, 0.2000000000000000111, 1.199999999999999734 ) ) ;
#5084 = DIRECTION ( 'NONE',  ( 0.000000000000000000, 1.000000000000000000, 0.000000000000000000 ) ) ;
#5085 = ORIENTED_EDGE ( 'NONE', *, *, #2298, .T. ) ;
#5086 = EDGE_CURVE ( 'NONE', #6784, #5157, #6070, .T. ) ;
#5087 =( GEOMETRIC_REPRESENTATION_CONTEXT ( 3 ) GLOBAL_UNCERTAINTY_ASSIGNED_CONTEXT ( ( #1780 ) ) GLOBAL_UNIT_ASSIGNED_CONTEXT ( ( #7653, #2837, #2876 ) ) REPRESENTATION_CONTEXT ( 'NONE', 'WORKASPACE' ) );
#5088 = EDGE_CURVE ( 'NONE', #3613, #7049, #4044, .T. ) ;
#5090 = FACE_OUTER_BOUND ( 'NONE', #2838, .T. ) ;
#5089 = VECTOR ( 'NONE', #1517, 1000.000000000000000 ) ;
#5091 = CARTESIAN_POINT ( 'NONE',  ( 0.8250000000000003997, 0.2000000000000000111, 1.199999999999999734 ) ) ;
#5092 = LINE ( 'NONE', #2058, #3588 ) ;
#5093 = ORIENTED_EDGE ( 'NONE', *, *, #2950, .T. ) ;
#5094 = DIRECTION ( 'NONE',  ( 0.000000000000000000, -0.000000000000000000, 1.000000000000000000 ) ) ;
#5095 = ORIENTED_EDGE ( 'NONE', *, *, #2715, .F. ) ;
#5096 = AXIS2_PLACEMENT_3D ( 'NONE', #2669, #2630, #6224 ) ;
#5097 = VECTOR ( 'NONE', #4078, 1000.000000000000000 ) ;
#5098 = VERTEX_POINT ( 'NONE', #4006 ) ;
#5099 = VECTOR ( 'NONE', #3249, 1000.000000000000000 ) ;
#5100 = LINE ( 'NONE', #2619, #5551 ) ;
#5101 = AXIS2_PLACEMENT_3D ( 'NONE', #246, #7500, #5735 ) ;
#5102 = PLANE ( 'NONE',  #336 ) ;
#5103 = LINE ( 'NONE', #7478, #1198 ) ;
#5104 = VERTEX_POINT ( 'NONE', #6462 ) ;
#5105 = DIRECTION ( 'NONE',  ( 1.807003620809173153E-16, -0.000000000000000000, 1.000000000000000000 ) ) ;
#5106 = ORIENTED_EDGE ( 'NONE', *, *, #4203, .T. ) ;
#5107 = EDGE_LOOP ( 'NONE', ( #3253, #8, #846, #299, #201, #3500 ) ) ;
#5108 = ORIENTED_EDGE ( 'NONE', *, *, #6673, .T. ) ;
#5109 = DIRECTION ( 'NONE',  ( 0.000000000000000000, 1.000000000000000000, 0.000000000000000000 ) ) ;
#5110 = EDGE_CURVE ( 'NONE', #7124, #2764, #3381, .T. ) ;
#5111 = DIRECTION ( 'NONE',  ( 0.000000000000000000, 0.000000000000000000, -1.000000000000000000 ) ) ;
#5112 = EDGE_CURVE ( 'NONE', #5104, #5361, #4592, .T. ) ;
#5113 = ADVANCED_FACE ( 'NONE', ( #1566 ), #7563, .T. ) ;
#5114 = PLANE ( 'NONE',  #826 ) ;
#5115 = CARTESIAN_POINT ( 'NONE',  ( -1.149999999999999689, 0.000000000000000000, 0.1750000000000000999 ) ) ;
#5116 = ORIENTED_EDGE ( 'NONE', *, *, #4076, .F. ) ;
#5117 = VECTOR ( 'NONE', #5332, 1000.000000000000000 ) ;
#5118 = VERTEX_POINT ( 'NONE', #3457 ) ;
#5119 = DIRECTION ( 'NONE',  ( -1.000000000000000000, -0.000000000000000000, -0.000000000000000000 ) ) ;
#5120 = CARTESIAN_POINT ( 'NONE',  ( -0.3249999999999997891, 0.2000000000000000111, 1.199999999999999734 ) ) ;
#5121 = VECTOR ( 'NONE', #7634, 1000.000000000000000 ) ;
#5122 = SURFACE_STYLE_FILL_AREA ( #6902 ) ;
#5123 = ADVANCED_FACE ( 'NONE', ( #2868 ), #3533, .T. ) ;
#5124 = CARTESIAN_POINT ( 'NONE',  ( -0.6750000000000000444, 0.2000000000000000111, -0.8750000000000000000 ) ) ;
#5125 = EDGE_CURVE ( 'NONE', #1811, #2650, #4711, .T. ) ;
#5126 = EDGE_CURVE ( 'NONE', #6383, #1290, #1683, .T. ) ;
#5127 = CARTESIAN_POINT ( 'NONE',  ( 0.8249999999999975131, 0.2000000000000000111, -1.149999999999999911 ) ) ;
#5128 = ORIENTED_EDGE ( 'NONE', *, *, #6287, .F. ) ;
#5129 = VERTEX_POINT ( 'NONE', #7642 ) ;
#5130 = DIRECTION ( 'NONE',  ( -1.000000000000000000, 0.000000000000000000, 0.000000000000000000 ) ) ;
#5131 = ORIENTED_EDGE ( 'NONE', *, *, #7559, .F. ) ;
#5132 = VERTEX_POINT ( 'NONE', #6344 ) ;
#5133 = DIRECTION ( 'NONE',  ( 0.000000000000000000, -0.000000000000000000, 1.000000000000000000 ) ) ;
#5134 = FILL_AREA_STYLE ('',( #2847 ) ) ;
#5135 = DIRECTION ( 'NONE',  ( 0.000000000000000000, 0.000000000000000000, 1.000000000000000000 ) ) ;
#5136 = EDGE_LOOP ( 'NONE', ( #2149, #7567, #4032, #1630 ) ) ;
#5137 = CARTESIAN_POINT ( 'NONE',  ( 0.1249999999999800576, 0.2000000000000000111, -1.500000000000000000 ) ) ;
#5138 = ORIENTED_EDGE ( 'NONE', *, *, #1342, .F. ) ;
#5139 = EDGE_CURVE ( 'NONE', #2342, #905, #5868, .T. ) ;
#5140 = DIRECTION ( 'NONE',  ( 0.000000000000000000, 1.000000000000000000, 0.000000000000000000 ) ) ;
#5141 = CARTESIAN_POINT ( 'NONE',  ( 0.8750000000000000000, 0.2000000000000000111, -0.8750000000000000000 ) ) ;
#5142 = CARTESIAN_POINT ( 'NONE',  ( 0.6749999999999973799, 0.2000000000000000111, -1.149999999999999467 ) ) ;
#5143 = CARTESIAN_POINT ( 'NONE',  ( 0.3750000000000003331, 0.2000000000000000111, 1.499999999999999778 ) ) ;
#5144 = DIRECTION ( 'NONE',  ( -1.000000000000000000, 0.000000000000000000, 0.000000000000000000 ) ) ;
#5145 = ORIENTED_EDGE ( 'NONE', *, *, #4079, .F. ) ;
#5146 = ORIENTED_EDGE ( 'NONE', *, *, #2713, .F. ) ;
#5147 = CARTESIAN_POINT ( 'NONE',  ( 0.3750000000000003331, 0.05000000000000000278, 0.000000000000000000 ) ) ;
#5148 = AXIS2_PLACEMENT_3D ( 'NONE', #5919, #2217, #6989 ) ;
#5149 = DIRECTION ( 'NONE',  ( 0.000000000000000000, 1.000000000000000000, 0.000000000000000000 ) ) ;
#5150 = LINE ( 'NONE', #3807, #2569 ) ;
#5151 = ORIENTED_EDGE ( 'NONE', *, *, #3889, .T. ) ;
#5152 = ORIENTED_EDGE ( 'NONE', *, *, #3148, .F. ) ;
#5153 = DIRECTION ( 'NONE',  ( 0.000000000000000000, 0.000000000000000000, 1.000000000000000000 ) ) ;
#5154 = CARTESIAN_POINT ( 'NONE',  ( 0.3749999999999973910, 0.2000000000000000111, -1.200000000000000178 ) ) ;
#5155 =( LENGTH_UNIT ( ) NAMED_UNIT ( * ) SI_UNIT ( .MILLI., .METRE. ) );
#5156 = CARTESIAN_POINT ( 'NONE',  ( 0.8250000000000003997, 0.04999999999999999584, 1.199999999999999734 ) ) ;
#5157 = VERTEX_POINT ( 'NONE', #2901 ) ;
#5158 = ORIENTED_EDGE ( 'NONE', *, *, #6092, .F. ) ;
#5159 = AXIS2_PLACEMENT_3D ( 'NONE', #3539, #5269, #1614 ) ;
#5160 = CARTESIAN_POINT ( 'NONE',  ( 1.500000000000000000, 0.2000000000000000111, 0.1249999999999997363 ) ) ;
#5161 = CARTESIAN_POINT ( 'NONE',  ( 1.500000000000000000, 0.2000000000000000111, -0.3750000000000003331 ) ) ;
#5162 = EDGE_CURVE ( 'NONE', #1292, #691, #5298, .T. ) ;
#5163 = EDGE_CURVE ( 'NONE', #1513, #5251, #5222, .T. ) ;
#5164 = ADVANCED_FACE ( 'NONE', ( #2240 ), #4631, .F. ) ;
#5165 = FACE_OUTER_BOUND ( 'NONE', #4755, .T. ) ;
#5166 = ORIENTED_EDGE ( 'NONE', *, *, #3625, .T. ) ;
#5167 = CARTESIAN_POINT ( 'NONE',  ( 0.8750000000000004441, 0.2000000000000000111, 1.499999999999999778 ) ) ;
#5168 = ORIENTED_EDGE ( 'NONE', *, *, #5763, .T. ) ;
#5169 = ORIENTED_EDGE ( 'NONE', *, *, #3387, .F. ) ;
#5170 = CARTESIAN_POINT ( 'NONE',  ( 1.500000000000000000, 0.2000000000000000111, -0.6250000000000003331 ) ) ;
#5171 = DIRECTION ( 'NONE',  ( 0.000000000000000000, -1.000000000000000000, 0.000000000000000000 ) ) ;
#5172 = CARTESIAN_POINT ( 'NONE',  ( 0.3249999999999975131, 0.000000000000000000, -1.200000000000000178 ) ) ;
#5173 = DIRECTION ( 'NONE',  ( 0.000000000000000000, 1.000000000000000000, 0.000000000000000000 ) ) ;
#5174 = AXIS2_PLACEMENT_3D ( 'NONE', #1869, #2421, #4896 ) ;
#5175 = DIRECTION ( 'NONE',  ( -0.000000000000000000, -1.000000000000000000, -0.000000000000000000 ) ) ;
#5176 = VECTOR ( 'NONE', #7373, 1000.000000000000114 ) ;
#5177 = CARTESIAN_POINT ( 'NONE',  ( -1.499999999999999778, 0.2000000000000000111, 0.3750000000000002776 ) ) ;
#5178 = EDGE_CURVE ( 'NONE', #1547, #3953, #7241, .T. ) ;
#5179 = CARTESIAN_POINT ( 'NONE',  ( -0.6249999999999995559, 0.2000000000000000111, 1.499999999999999778 ) ) ;
#5180 = DIRECTION ( 'NONE',  ( 0.000000000000000000, 0.000000000000000000, 1.000000000000000000 ) ) ;
#5181 = DIRECTION ( 'NONE',  ( 0.000000000000000000, -1.000000000000000000, 0.000000000000000000 ) ) ;
#5182 = ORIENTED_EDGE ( 'NONE', *, *, #1497, .F. ) ;
#5183 = ORIENTED_EDGE ( 'NONE', *, *, #932, .T. ) ;
#5184 = ORIENTED_EDGE ( 'NONE', *, *, #2950, .F. ) ;
#5185 = VECTOR ( 'NONE', #5645, 1000.000000000000000 ) ;
#5186 = DIRECTION ( 'NONE',  ( 0.000000000000000000, 0.000000000000000000, 1.000000000000000000 ) ) ;
#5187 = CARTESIAN_POINT ( 'NONE',  ( -0.1249999999999996531, 0.000000000000000000, 1.499999999999999778 ) ) ;
#5188 = CARTESIAN_POINT ( 'NONE',  ( 1.199999999999999734, 0.04999999999999999584, -0.8250000000000003997 ) ) ;
#5189 = LINE ( 'NONE', #993, #7043 ) ;
#5190 = VECTOR ( 'NONE', #4196, 1000.000000000000000 ) ;
#5191 = ORIENTED_EDGE ( 'NONE', *, *, #1770, .T. ) ;
#5192 = LINE ( 'NONE', #6907, #2975 ) ;
#5193 = CARTESIAN_POINT ( 'NONE',  ( -0.6749999999999996003, 0.2000000000000000111, 1.149999999999999689 ) ) ;
#5194 = CARTESIAN_POINT ( 'NONE',  ( 1.499999999999999778, 0.04999999999999969746, 1.499999999999999778 ) ) ;
#5195 = VECTOR ( 'NONE', #7121, 1000.000000000000000 ) ;
#5196 = CYLINDRICAL_SURFACE ( 'NONE', #4467, 0.04999999999999991257 ) ;
#5197 = LINE ( 'NONE', #2220, #2290 ) ;
#5198 = EDGE_CURVE ( 'NONE', #2467, #5264, #3723, .T. ) ;
#5199 = SURFACE_STYLE_FILL_AREA ( #5134 ) ;
#5200 = EDGE_CURVE ( 'NONE', #4071, #5203, #4899, .T. ) ;
#5201 = ADVANCED_FACE ( 'NONE', ( #3563 ), #6054, .T. ) ;
#5202 = CARTESIAN_POINT ( 'NONE',  ( -1.199999999999999734, 0.2000000000000000111, -0.1749999999999997391 ) ) ;
#5203 = VERTEX_POINT ( 'NONE', #6096 ) ;
#5204 = CARTESIAN_POINT ( 'NONE',  ( 0.6749999999999973799, 0.2000000000000000111, -1.200000000000000178 ) ) ;
#5205 = EDGE_LOOP ( 'NONE', ( #4491, #5898, #3313, #5498 ) ) ;
#5206 = VECTOR ( 'NONE', #6393, 1000.000000000000000 ) ;
#5207 = VERTEX_POINT ( 'NONE', #76 ) ;
#5208 = VECTOR ( 'NONE', #6764, 1000.000000000000000 ) ;
#5209 = CARTESIAN_POINT ( 'NONE',  ( -0.8749999999999996669, 0.2000000000000000111, 1.199999999999999734 ) ) ;
#5210 = FACE_OUTER_BOUND ( 'NONE', #1533, .T. ) ;
#5211 = FACE_OUTER_BOUND ( 'NONE', #2940, .T. ) ;
#5212 = DIRECTION ( 'NONE',  ( -0.000000000000000000, -0.000000000000000000, 1.000000000000000000 ) ) ;
#5213 = ORIENTED_EDGE ( 'NONE', *, *, #593, .T. ) ;
#5214 = AXIS2_PLACEMENT_3D ( 'NONE', #5756, #430, #2826 ) ;
#5215 = CIRCLE ( 'NONE', #7332, 0.04999999999999991257 ) ;
#5216 = FACE_OUTER_BOUND ( 'NONE', #4317, .T. ) ;
#5217 = ORIENTED_EDGE ( 'NONE', *, *, #2474, .T. ) ;
#5218 = AXIS2_PLACEMENT_3D ( 'NONE', #420, #2778, #2744 ) ;
#5219 = AXIS2_PLACEMENT_3D ( 'NONE', #575, #687, #5575 ) ;
#5220 = LINE ( 'NONE', #7604, #4175 ) ;
#5221 = CYLINDRICAL_SURFACE ( 'NONE', #1423, 0.04999999999999980849 ) ;
#5222 = LINE ( 'NONE', #1728, #1442 ) ;
#5223 = DIRECTION ( 'NONE',  ( 0.000000000000000000, 1.000000000000000000, 0.000000000000000000 ) ) ;
#5224 = ORIENTED_EDGE ( 'NONE', *, *, #7056, .T. ) ;
#5225 = EDGE_LOOP ( 'NONE', ( #3295, #2242, #6702, #5288 ) ) ;
#5226 = VECTOR ( 'NONE', #6994, 1000.000000000000000 ) ;
#5227 = DIRECTION ( 'NONE',  ( 0.000000000000000000, -1.000000000000000000, 0.000000000000000000 ) ) ;
#5228 = EDGE_CURVE ( 'NONE', #6295, #6711, #3051, .T. ) ;
#5229 = EDGE_CURVE ( 'NONE', #6464, #3383, #5518, .T. ) ;
#5230 = ORIENTED_EDGE ( 'NONE', *, *, #3013, .T. ) ;
#5231 = DIRECTION ( 'NONE',  ( 0.000000000000000000, 1.000000000000000000, 0.000000000000000000 ) ) ;
#5232 = VECTOR ( 'NONE', #5105, 1000.000000000000000 ) ;
#5233 = DIRECTION ( 'NONE',  ( -0.000000000000000000, -0.000000000000000000, -1.000000000000000000 ) ) ;
#5234 = DIRECTION ( 'NONE',  ( 0.000000000000000000, 1.000000000000000000, 0.000000000000000000 ) ) ;
#5235 = ORIENTED_EDGE ( 'NONE', *, *, #2225, .F. ) ;
#5236 = ORIENTED_EDGE ( 'NONE', *, *, #7209, .F. ) ;
#5237 = LINE ( 'NONE', #6, #4734 ) ;
#5238 = CARTESIAN_POINT ( 'NONE',  ( -1.149999999999999911, 0.2000000000000000111, -0.6749999999999997113 ) ) ;
#5239 = FACE_OUTER_BOUND ( 'NONE', #3993, .T. ) ;
#5240 = VECTOR ( 'NONE', #2105, 1000.000000000000000 ) ;
#5241 = DIRECTION ( 'NONE',  ( -1.000000000000000000, -0.000000000000000000, -0.000000000000000000 ) ) ;
#5242 = UNCERTAINTY_MEASURE_WITH_UNIT (LENGTH_MEASURE( 1.000000000000000082E-05 ), #4911, 'distance_accuracy_value', 'NONE');
#5243 = FACE_OUTER_BOUND ( 'NONE', #6062, .T. ) ;
#5244 = VECTOR ( 'NONE', #4379, 1000.000000000000000 ) ;
#5245 = DIRECTION ( 'NONE',  ( -1.000000000000000000, 0.000000000000000000, 0.000000000000000000 ) ) ;
#5246 = CARTESIAN_POINT ( 'NONE',  ( -1.199999999999999512, 0.2000000000000000111, 0.6750000000000001554 ) ) ;
#5247 = ORIENTED_EDGE ( 'NONE', *, *, #1499, .T. ) ;
#5248 = DIRECTION ( 'NONE',  ( 0.000000000000000000, -1.000000000000000000, 0.000000000000000000 ) ) ;
#5249 = VERTEX_POINT ( 'NONE', #7130 ) ;
#5250 = EDGE_CURVE ( 'NONE', #4925, #804, #6569, .T. ) ;
#5251 = VERTEX_POINT ( 'NONE', #147 ) ;
#5252 = CARTESIAN_POINT ( 'NONE',  ( 1.199999999999999956, 0.2000000000000000111, 0.8749999999999996669 ) ) ;
#5253 = CARTESIAN_POINT ( 'NONE',  ( 0.8750000000000000000, 0.000000000000000000, 0.8750000000000000000 ) ) ;
#5254 = CARTESIAN_POINT ( 'NONE',  ( -1.199999999999999512, 0.000000000000000000, 0.6750000000000001554 ) ) ;
#5255 = DIRECTION ( 'NONE',  ( 0.000000000000000000, 1.000000000000000000, 0.000000000000000000 ) ) ;
#5256 = CYLINDRICAL_SURFACE ( 'NONE', #3226, 0.05000000000000012768 ) ;
#5257 = ADVANCED_FACE ( 'NONE', ( #6608 ), #6532, .T. ) ;
#5258 = EDGE_CURVE ( 'NONE', #5044, #5611, #4858, .T. ) ;
#5259 = ADVANCED_FACE ( 'NONE', ( #584 ), #4275, .F. ) ;
#5260 = CARTESIAN_POINT ( 'NONE',  ( 1.500000000000000000, 0.000000000000000000, -0.1250000000000002776 ) ) ;
#5261 = CARTESIAN_POINT ( 'NONE',  ( -1.499999999999999778, 0.2000000000000000111, 0.3750000000000002776 ) ) ;
#5262 = DIRECTION ( 'NONE',  ( 0.000000000000000000, 1.000000000000000000, 0.000000000000000000 ) ) ;
#5263 = CARTESIAN_POINT ( 'NONE',  ( -0.6749999999999996003, 0.2000000000000000111, 1.149999999999999689 ) ) ;
#5264 = VERTEX_POINT ( 'NONE', #6646 ) ;
#5265 = ORIENTED_EDGE ( 'NONE', *, *, #6573, .F. ) ;
#5266 = ORIENTED_EDGE ( 'NONE', *, *, #7066, .F. ) ;
#5267 = LINE ( 'NONE', #6832, #2767 ) ;
#5268 = EDGE_LOOP ( 'NONE', ( #6519, #963, #3671, #5377 ) ) ;
#5269 = DIRECTION ( 'NONE',  ( 4.264528545109778674E-14, -0.000000000000000000, 1.000000000000000000 ) ) ;
#5270 = AXIS2_PLACEMENT_3D ( 'NONE', #3869, #375, #4530 ) ;
#5271 = CARTESIAN_POINT ( 'NONE',  ( 0.8249999999999975131, 0.000000000000000000, -1.149999999999999911 ) ) ;
#5272 = EDGE_CURVE ( 'NONE', #5712, #6619, #704, .T. ) ;
#5273 = LINE ( 'NONE', #4096, #5206 ) ;
#5274 = EDGE_LOOP ( 'NONE', ( #7721, #3021, #855, #3773, #4386, #4164 ) ) ;
#5275 = ORIENTED_EDGE ( 'NONE', *, *, #2030, .F. ) ;
#5276 = CARTESIAN_POINT ( 'NONE',  ( -1.149999999999999467, 0.2000000000000000111, 0.8250000000000002887 ) ) ;
#5277 = DIRECTION ( 'NONE',  ( 0.000000000000000000, 0.000000000000000000, 1.000000000000000000 ) ) ;
#5278 =( GEOMETRIC_REPRESENTATION_CONTEXT ( 3 ) GLOBAL_UNCERTAINTY_ASSIGNED_CONTEXT ( ( #1705 ) ) GLOBAL_UNIT_ASSIGNED_CONTEXT ( ( #3815, #2760, #3227 ) ) REPRESENTATION_CONTEXT ( 'NONE', 'WORKASPACE' ) );
#5279 = FACE_OUTER_BOUND ( 'NONE', #1940, .T. ) ;
#5280 = CARTESIAN_POINT ( 'NONE',  ( -0.1749999999999996281, 0.2000000000000000111, 1.199999999999999734 ) ) ;
#5281 = VECTOR ( 'NONE', #3976, 1000.000000000000000 ) ;
#5282 = EDGE_CURVE ( 'NONE', #4068, #6298, #961, .T. ) ;
#5283 = SURFACE_STYLE_USAGE ( .BOTH. , #3945 ) ;
#5284 =( NAMED_UNIT ( * ) PLANE_ANGLE_UNIT ( ) SI_UNIT ( $, .RADIAN. ) );
#5285 = ORIENTED_EDGE ( 'NONE', *, *, #1753, .T. ) ;
#5286 = CARTESIAN_POINT ( 'NONE',  ( -0.6749999999999996003, 0.2000000000000000111, 1.149999999999999689 ) ) ;
#5287 = ORIENTED_EDGE ( 'NONE', *, *, #1551, .F. ) ;
#5289 = ORIENTED_EDGE ( 'NONE', *, *, #4528, .F. ) ;
#5288 = ORIENTED_EDGE ( 'NONE', *, *, #947, .T. ) ;
#5290 = LINE ( 'NONE', #7630, #2085 ) ;
#5291 = DIRECTION ( 'NONE',  ( 0.000000000000000000, 0.000000000000000000, 1.000000000000000000 ) ) ;
#5292 = CARTESIAN_POINT ( 'NONE',  ( 1.149999999999999911, 0.000000000000000000, -0.6750000000000002665 ) ) ;
#5293 = CARTESIAN_POINT ( 'NONE',  ( -0.6750000000000000444, 0.2000000000000000111, -0.8750000000000000000 ) ) ;
#5294 = ORIENTED_EDGE ( 'NONE', *, *, #5395, .T. ) ;
#5295 = DIRECTION ( 'NONE',  ( 1.807003620809173399E-16, 0.000000000000000000, 1.000000000000000000 ) ) ;
#5296 = CARTESIAN_POINT ( 'NONE',  ( 0.3750000000000003331, 0.000000000000000000, 1.499999999999999778 ) ) ;
#5297 = DIRECTION ( 'NONE',  ( 0.000000000000000000, 0.000000000000000000, -1.000000000000000000 ) ) ;
#5298 = LINE ( 'NONE', #7679, #1950 ) ;
#5299 = FACE_OUTER_BOUND ( 'NONE', #7189, .T. ) ;
#5300 = VERTEX_POINT ( 'NONE', #622 ) ;
#5301 = EDGE_CURVE ( 'NONE', #254, #2586, #5577, .T. ) ;
#5302 = ADVANCED_FACE ( 'NONE', ( #5406 ), #37, .T. ) ;
#5303 = EDGE_CURVE ( 'NONE', #6213, #1685, #4238, .T. ) ;
#5304 = ORIENTED_EDGE ( 'NONE', *, *, #5912, .F. ) ;
#5305 = CYLINDRICAL_SURFACE ( 'NONE', #133, 0.04999999999999991257 ) ;
#5306 = AXIS2_PLACEMENT_3D ( 'NONE', #34, #4744, #6011 ) ;
#5307 = ORIENTED_EDGE ( 'NONE', *, *, #2812, .F. ) ;
#5308 = DIRECTION ( 'NONE',  ( 0.000000000000000000, 0.000000000000000000, -1.000000000000000000 ) ) ;
#5309 = CARTESIAN_POINT ( 'NONE',  ( 1.500000000000000000, 0.000000000000000000, -0.8750000000000003331 ) ) ;
#5310 = DIRECTION ( 'NONE',  ( 0.000000000000000000, 0.000000000000000000, 1.000000000000000000 ) ) ;
#5311 = ORIENTED_EDGE ( 'NONE', *, *, #3907, .F. ) ;
#5312 = AXIS2_PLACEMENT_3D ( 'NONE', #449, #4141, #1707 ) ;
#5313 = ORIENTED_EDGE ( 'NONE', *, *, #4413, .T. ) ;
#5314 = CARTESIAN_POINT ( 'NONE',  ( -0.8750000000000000000, 0.04999999999999999584, -0.6750000000000000444 ) ) ;
#5315 = CARTESIAN_POINT ( 'NONE',  ( -1.199999999999999734, 0.04999999999999999584, -0.3249999999999999001 ) ) ;
#5316 = CARTESIAN_POINT ( 'NONE',  ( -0.8750000000000000000, 0.2000000000000000111, 0.8750000000000000000 ) ) ;
#5317 = UNCERTAINTY_MEASURE_WITH_UNIT (LENGTH_MEASURE( 1.000000000000000082E-05 ), #631, 'distance_accuracy_value', 'NONE');
#5318 = CARTESIAN_POINT ( 'NONE',  ( -1.149999999999999689, 0.2000000000000000111, 0.3250000000000002887 ) ) ;
#5319 = DIRECTION ( 'NONE',  ( 0.000000000000000000, 0.000000000000000000, 1.000000000000000000 ) ) ;
#5320 = VERTEX_POINT ( 'NONE', #658 ) ;
#5321 = VECTOR ( 'NONE', #5597, 1000.000000000000000 ) ;
#5322 = DIRECTION ( 'NONE',  ( 0.000000000000000000, 0.000000000000000000, -1.000000000000000000 ) ) ;
#5323 = EDGE_CURVE ( 'NONE', #3370, #3297, #5444, .T. ) ;
#5324 = EDGE_CURVE ( 'NONE', #4418, #7035, #6193, .T. ) ;
#5326 = ORIENTED_EDGE ( 'NONE', *, *, #4745, .F. ) ;
#5325 = ORIENTED_EDGE ( 'NONE', *, *, #1266, .F. ) ;
#5327 = VECTOR ( 'NONE', #3554, 1000.000000000000000 ) ;
#5328 = DIRECTION ( 'NONE',  ( 0.000000000000000000, 0.000000000000000000, -1.000000000000000000 ) ) ;
#5329 = DIRECTION ( 'NONE',  ( 0.000000000000000000, 0.000000000000000000, -1.000000000000000000 ) ) ;
#5330 = CARTESIAN_POINT ( 'NONE',  ( -0.6249999999999995559, 0.2000000000000000111, 1.499999999999999778 ) ) ;
#5331 = DIRECTION ( 'NONE',  ( 0.000000000000000000, 0.000000000000000000, 1.000000000000000000 ) ) ;
#5332 = DIRECTION ( 'NONE',  ( 3.614007241618346306E-16, -0.000000000000000000, 1.000000000000000000 ) ) ;
#5333 = PRESENTATION_LAYER_ASSIGNMENT (  '', '', ( #4082 ) ) ;
#5334 = LINE ( 'NONE', #72, #6154 ) ;
#5335 = PRESENTATION_LAYER_ASSIGNMENT (  '', '', ( #6947 ) ) ;
#5336 = DIRECTION ( 'NONE',  ( 0.000000000000000000, 1.000000000000000000, 0.000000000000000000 ) ) ;
#5337 = LINE ( 'NONE', #3416, #4959 ) ;
#5338 = DIRECTION ( 'NONE',  ( 0.000000000000000000, -1.000000000000000000, 0.000000000000000000 ) ) ;
#5339 = ORIENTED_EDGE ( 'NONE', *, *, #3711, .F. ) ;
#5340 = ORIENTED_EDGE ( 'NONE', *, *, #1454, .T. ) ;
#5341 = ORIENTED_EDGE ( 'NONE', *, *, #5583, .T. ) ;
#5342 = AXIS2_PLACEMENT_3D ( 'NONE', #7402, #6813, #6855 ) ;
#5343 = VECTOR ( 'NONE', #31, 1000.000000000000000 ) ;
#5344 = ORIENTED_EDGE ( 'NONE', *, *, #4861, .T. ) ;
#5345 = EDGE_CURVE ( 'NONE', #4945, #7319, #2657, .T. ) ;
#5346 = CARTESIAN_POINT ( 'NONE',  ( -1.149999999999999689, 0.000000000000000000, -0.1749999999999997391 ) ) ;
#5347 = SURFACE_STYLE_USAGE ( .BOTH. , #1186 ) ;
#5348 = AXIS2_PLACEMENT_3D ( 'NONE', #6291, #938, #3373 ) ;
#5349 = VERTEX_POINT ( 'NONE', #304 ) ;
#5350 =( NAMED_UNIT ( * ) SI_UNIT ( $, .STERADIAN. ) SOLID_ANGLE_UNIT ( ) );
#5351 = PLANE ( 'NONE',  #4264 ) ;
#5352 = VECTOR ( 'NONE', #6712, 1000.000000000000000 ) ;
#5353 = EDGE_CURVE ( 'NONE', #1290, #6181, #4836, .T. ) ;
#5354 = EDGE_CURVE ( 'NONE', #4912, #4035, #5825, .T. ) ;
#5355 = CARTESIAN_POINT ( 'NONE',  ( 0.6750000000000002665, 0.2000000000000000111, 1.149999999999999689 ) ) ;
#5356 = EDGE_CURVE ( 'NONE', #3471, #498, #3208, .T. ) ;
#5357 = FACE_OUTER_BOUND ( 'NONE', #4021, .T. ) ;
#5358 = DIRECTION ( 'NONE',  ( -0.000000000000000000, -1.000000000000000000, -0.000000000000000000 ) ) ;
#5359 = AXIS2_PLACEMENT_3D ( 'NONE', #1365, #3680, #3759 ) ;
#5360 = LINE ( 'NONE', #6038, #1735 ) ;
#5361 = VERTEX_POINT ( 'NONE', #5598 ) ;
#5362 = VECTOR ( 'NONE', #4932, 1000.000000000000000 ) ;
#5363 = DIRECTION ( 'NONE',  ( 0.000000000000000000, 0.000000000000000000, 1.000000000000000000 ) ) ;
#5364 = DIRECTION ( 'NONE',  ( -0.000000000000000000, -1.000000000000000000, -0.000000000000000000 ) ) ;
#5365 = ADVANCED_FACE ( 'NONE', ( #5635 ), #5715, .T. ) ;
#5366 = DIRECTION ( 'NONE',  ( -3.614007241618346306E-16, 0.000000000000000000, -1.000000000000000000 ) ) ;
#5367 = CARTESIAN_POINT ( 'NONE',  ( 1.500000000000000000, 0.2000000000000000111, -0.6250000000000003331 ) ) ;
#5368 = EDGE_LOOP ( 'NONE', ( #4351, #1425, #3728, #3124 ) ) ;
#5369 = DIRECTION ( 'NONE',  ( -1.807003620809173399E-16, 0.000000000000000000, -1.000000000000000000 ) ) ;
#5370 = AXIS2_PLACEMENT_3D ( 'NONE', #922, #4061, #7063 ) ;
#5371 = DIRECTION ( 'NONE',  ( 0.000000000000000000, 0.000000000000000000, -1.000000000000000000 ) ) ;
#5372 = CARTESIAN_POINT ( 'NONE',  ( 0.1750000000000002109, 0.000000000000000000, 1.149999999999999689 ) ) ;
#5373 = CARTESIAN_POINT ( 'NONE',  ( 0.1249999999999800576, 0.2000000000000000111, -1.500000000000000000 ) ) ;
#5374 = DIRECTION ( 'NONE',  ( 0.000000000000000000, 0.000000000000000000, 1.000000000000000000 ) ) ;
#5375 = ORIENTED_EDGE ( 'NONE', *, *, #2329, .T. ) ;
#5376 = PLANE ( 'NONE',  #1467 ) ;
#5377 = ORIENTED_EDGE ( 'NONE', *, *, #700, .T. ) ;
#5378 = ORIENTED_EDGE ( 'NONE', *, *, #2701, .F. ) ;
#5379 = EDGE_LOOP ( 'NONE', ( #6930, #6163, #5095, #3574, #6701, #313 ) ) ;
#5380 = PLANE ( 'NONE',  #2012 ) ;
#5381 = LINE ( 'NONE', #6698, #772 ) ;
#5382 = CARTESIAN_POINT ( 'NONE',  ( -0.3750000000000112688, 0.000000000000000000, -1.500000000000000000 ) ) ;
#5383 = CARTESIAN_POINT ( 'NONE',  ( -1.499999999999999556, 0.2000000000000000111, 0.6250000000000003331 ) ) ;
#5384 = ORIENTED_EDGE ( 'NONE', *, *, #4299, .F. ) ;
#5385 = ORIENTED_EDGE ( 'NONE', *, *, #164, .F. ) ;
#5386 = DIRECTION ( 'NONE',  ( 0.000000000000000000, 1.000000000000000000, 0.000000000000000000 ) ) ;
#5387 = LINE ( 'NONE', #5961, #1136 ) ;
#5388 = CLOSED_SHELL ( 'NONE', ( #28, #1988, #405, #4108, #5652, #2108, #3804, #1549 ) ) ;
#5389 = CARTESIAN_POINT ( 'NONE',  ( 1.149999999999999911, 0.2000000000000000111, -0.8250000000000003997 ) ) ;
#5390 = DIRECTION ( 'NONE',  ( 0.000000000000000000, -0.000000000000000000, 1.000000000000000000 ) ) ;
#5391 = AXIS2_PLACEMENT_3D ( 'NONE', #2099, #965, #7539 ) ;
#5392 = CARTESIAN_POINT ( 'NONE',  ( -0.3749999999999996669, 0.000000000000000000, 1.199999999999999734 ) ) ;
#5393 = ADVANCED_FACE ( 'NONE', ( #2540 ), #7393, .T. ) ;
#5394 = EDGE_CURVE ( 'NONE', #3995, #6295, #1516, .T. ) ;
#5395 = EDGE_CURVE ( 'NONE', #4421, #7719, #6763, .T. ) ;
#5396 = DIRECTION ( 'NONE',  ( 0.000000000000000000, 0.000000000000000000, 1.000000000000000000 ) ) ;
#5397 = ORIENTED_EDGE ( 'NONE', *, *, #5670, .F. ) ;
#5398 = PLANE ( 'NONE',  #5219 ) ;
#5399 = CARTESIAN_POINT ( 'NONE',  ( 1.149999999999999911, 0.2000000000000000111, -0.3250000000000003442 ) ) ;
#5400 = CARTESIAN_POINT ( 'NONE',  ( 0.8750000000000004441, 0.000000000000000000, 1.499999999999999778 ) ) ;
#5401 = CARTESIAN_POINT ( 'NONE',  ( -0.8250000000000027311, 0.2000000000000000111, -1.149999999999999467 ) ) ;
#5402 = VERTEX_POINT ( 'NONE', #6211 ) ;
#5403 = DIRECTION ( 'NONE',  ( -0.000000000000000000, -1.000000000000000000, -0.000000000000000000 ) ) ;
#5404 = DIRECTION ( 'NONE',  ( 0.000000000000000000, -1.000000000000000000, 0.000000000000000000 ) ) ;
#5405 = CARTESIAN_POINT ( 'NONE',  ( 0.8750000000000000000, 0.2000000000000000111, 0.8750000000000000000 ) ) ;
#5406 = FACE_OUTER_BOUND ( 'NONE', #3950, .T. ) ;
#5407 = CARTESIAN_POINT ( 'NONE',  ( 1.199999999999999956, 0.2000000000000000111, -0.1250000000000002776 ) ) ;
#5408 = ORIENTED_EDGE ( 'NONE', *, *, #2225, .T. ) ;
#5409 = CARTESIAN_POINT ( 'NONE',  ( -1.149999999999999911, 0.2000000000000000111, -0.8249999999999998446 ) ) ;
#5410 = ORIENTED_EDGE ( 'NONE', *, *, #6144, .F. ) ;
#5411 = ORIENTED_EDGE ( 'NONE', *, *, #450, .T. ) ;
#5412 = ORIENTED_EDGE ( 'NONE', *, *, #1841, .T. ) ;
#5413 = EDGE_CURVE ( 'NONE', #6068, #3333, #2026, .T. ) ;
#5414 = DIRECTION ( 'NONE',  ( -0.000000000000000000, -1.000000000000000000, -0.000000000000000000 ) ) ;
#5415 = LINE ( 'NONE', #2479, #2927 ) ;
#5416 = LINE ( 'NONE', #5383, #4084 ) ;
#5417 = DIRECTION ( 'NONE',  ( 0.000000000000000000, 0.000000000000000000, 1.000000000000000000 ) ) ;
#5418 = ORIENTED_EDGE ( 'NONE', *, *, #6045, .F. ) ;
#5419 = ORIENTED_EDGE ( 'NONE', *, *, #7711, .T. ) ;
#5420 = VECTOR ( 'NONE', #5404, 1000.000000000000000 ) ;
#5421 = CARTESIAN_POINT ( 'NONE',  ( -0.3249999999999997891, 0.2000000000000000111, 1.149999999999999689 ) ) ;
#5422 = DIRECTION ( 'NONE',  ( -1.807003620809173153E-16, 0.000000000000000000, -1.000000000000000000 ) ) ;
#5423 = CARTESIAN_POINT ( 'NONE',  ( -1.199999999999999512, 0.2000000000000000111, 0.6250000000000002220 ) ) ;
#5424 = LINE ( 'NONE', #1345, #1043 ) ;
#5425 = AXIS2_PLACEMENT_3D ( 'NONE', #4568, #296, #7466 ) ;
#5426 = CARTESIAN_POINT ( 'NONE',  ( -0.8750000000000026645, 0.2000000000000000111, -1.500000000000000000 ) ) ;
#5427 = CYLINDRICAL_SURFACE ( 'NONE', #1229, 0.04999999999999991257 ) ;
#5428 = AXIS2_PLACEMENT_3D ( 'NONE', #5066, #6854, #6932 ) ;
#5429 = ORIENTED_EDGE ( 'NONE', *, *, #4131, .F. ) ;
#5430 = ADVANCED_FACE ( 'NONE', ( #1363 ), #5102, .T. ) ;
#5431 = ADVANCED_FACE ( 'NONE', ( #2581 ), #820, .T. ) ;
#5432 = EDGE_CURVE ( 'NONE', #199, #5264, #6800, .T. ) ;
#5433 = DIRECTION ( 'NONE',  ( 0.000000000000000000, -1.000000000000000000, 0.000000000000000000 ) ) ;
#5434 = CARTESIAN_POINT ( 'NONE',  ( 0.3749999999999800715, 0.2000000000000000111, -1.500000000000000000 ) ) ;
#5435 = VECTOR ( 'NONE', #3676, 1000.000000000000000 ) ;
#5436 = CARTESIAN_POINT ( 'NONE',  ( -1.199999999999999956, 0.7500000000000000000, -1.200000000000000178 ) ) ;
#5437 = PLANE ( 'NONE',  #4344 ) ;
#5438 = ORIENTED_EDGE ( 'NONE', *, *, #7275, .F. ) ;
#5439 = FACE_OUTER_BOUND ( 'NONE', #7702, .T. ) ;
#5440 = VECTOR ( 'NONE', #6924, 1000.000000000000000 ) ;
#5441 = EDGE_CURVE ( 'NONE', #5932, #1528, #4427, .T. ) ;
#5442 = CARTESIAN_POINT ( 'NONE',  ( 1.199999999999999956, 0.2000000000000000111, -0.3750000000000002776 ) ) ;
#5443 = PLANE ( 'NONE',  #3809 ) ;
#5444 = LINE ( 'NONE', #2465, #7582 ) ;
#5445 = LINE ( 'NONE', #1837, #4086 ) ;
#5446 = ORIENTED_EDGE ( 'NONE', *, *, #7371, .T. ) ;
#5447 = VECTOR ( 'NONE', #4805, 1000.000000000000000 ) ;
#5448 = STYLED_ITEM ( 'NONE', ( #3401 ), #3274 ) ;
#5449 = DIRECTION ( 'NONE',  ( -1.000000000000000000, 0.000000000000000000, -0.000000000000000000 ) ) ;
#5450 = VERTEX_POINT ( 'NONE', #7355 ) ;
#5451 = ORIENTED_EDGE ( 'NONE', *, *, #69, .T. ) ;
#5452 = ORIENTED_EDGE ( 'NONE', *, *, #1508, .F. ) ;
#5453 = CIRCLE ( 'NONE', #2825, 0.04999999999999991257 ) ;
#5454 = CARTESIAN_POINT ( 'NONE',  ( -0.1749999999999996281, 0.000000000000000000, 1.149999999999999689 ) ) ;
#5455 = DIRECTION ( 'NONE',  ( 0.000000000000000000, -1.000000000000000000, 0.000000000000000000 ) ) ;
#5456 = DIRECTION ( 'NONE',  ( -1.000000000000000000, -0.000000000000000000, 3.614007241618346306E-16 ) ) ;
#5457 = LINE ( 'NONE', #6025, #6442 ) ;
#5458 = ORIENTED_EDGE ( 'NONE', *, *, #265, .F. ) ;
#5459 = VERTEX_POINT ( 'NONE', #6131 ) ;
#5460 = VERTEX_POINT ( 'NONE', #7477 ) ;
#5461 = EDGE_CURVE ( 'NONE', #4190, #7502, #862, .T. ) ;
#5462 = AXIS2_PLACEMENT_3D ( 'NONE', #226, #3841, #5553 ) ;
#5463 = ADVANCED_FACE ( 'NONE', ( #2111 ), #4390, .F. ) ;
#5464 = AXIS2_PLACEMENT_3D ( 'NONE', #1816, #3699, #3624 ) ;
#5465 = PRESENTATION_STYLE_ASSIGNMENT (( #6473 ) ) ;
#5466 = DIRECTION ( 'NONE',  ( 1.000000000000000000, 0.000000000000000000, 0.000000000000000000 ) ) ;
#5467 = CARTESIAN_POINT ( 'NONE',  ( -1.199999999999999734, 0.2000000000000000111, 0.3750000000000002220 ) ) ;
#5468 = AXIS2_PLACEMENT_3D ( 'NONE', #4929, #5629, #775 ) ;
#5470 = DIRECTION ( 'NONE',  ( -1.000000000000000000, 0.000000000000000000, 0.000000000000000000 ) ) ;
#5469 = VECTOR ( 'NONE', #6783, 1000.000000000000000 ) ;
#5471 = ORIENTED_EDGE ( 'NONE', *, *, #1317, .T. ) ;
#5472 = CARTESIAN_POINT ( 'NONE',  ( -0.8249999999999997335, 0.2000000000000000111, 1.199999999999999734 ) ) ;
#5473 = CARTESIAN_POINT ( 'NONE',  ( 0.8749999999999974465, 0.2000000000000000111, -1.200000000000000178 ) ) ;
#5474 = AXIS2_PLACEMENT_3D ( 'NONE', #170, #210, #1463 ) ;
#5475 = VERTEX_POINT ( 'NONE', #1131 ) ;
#5476 = CARTESIAN_POINT ( 'NONE',  ( -1.499999999999999778, 0.2000000000000000111, 0.3750000000000002776 ) ) ;
#5477 = PLANE ( 'NONE',  #5948 ) ;
#5478 = ORIENTED_EDGE ( 'NONE', *, *, #1840, .F. ) ;
#5479 = ORIENTED_EDGE ( 'NONE', *, *, #123, .F. ) ;
#5480 = CARTESIAN_POINT ( 'NONE',  ( 0.6249999999999713562, 0.2000000000000000111, -1.500000000000000000 ) ) ;
#5481 = EDGE_CURVE ( 'NONE', #400, #7302, #7082, .T. ) ;
#5482 = CARTESIAN_POINT ( 'NONE',  ( 0.1749999999999973244, 0.04999999999999999584, -1.200000000000000178 ) ) ;
#5483 = DIRECTION ( 'NONE',  ( 0.000000000000000000, -1.000000000000000000, 0.000000000000000000 ) ) ;
#5484 = CARTESIAN_POINT ( 'NONE',  ( 0.000000000000000000, 0.05000000000000000278, 0.1249999999999997363 ) ) ;
#5485 = DIRECTION ( 'NONE',  ( 0.000000000000000000, 0.000000000000000000, -1.000000000000000000 ) ) ;
#5486 = CYLINDRICAL_SURFACE ( 'NONE', #4599, 0.04999999999999991257 ) ;
#5487 = ADVANCED_FACE ( 'NONE', ( #1720 ), #1597, .T. ) ;
#5488 = ADVANCED_FACE ( 'NONE', ( #5211 ), #2893, .F. ) ;
#5489 = EDGE_CURVE ( 'NONE', #2516, #6648, #977, .T. ) ;
#5490 = EDGE_LOOP ( 'NONE', ( #7113, #5138, #3808, #4320 ) ) ;
#5491 = EDGE_CURVE ( 'NONE', #1187, #3995, #3967, .T. ) ;
#5492 = ORIENTED_EDGE ( 'NONE', *, *, #7179, .F. ) ;
#5493 = AXIS2_PLACEMENT_3D ( 'NONE', #7729, #2366, #4176 ) ;
#5494 = LINE ( 'NONE', #5525, #6004 ) ;
#5495 = LINE ( 'NONE', #5382, #3435 ) ;
#5496 = ORIENTED_EDGE ( 'NONE', *, *, #5323, .T. ) ;
#5497 = VERTEX_POINT ( 'NONE', #5292 ) ;
#5498 = ORIENTED_EDGE ( 'NONE', *, *, #6791, .T. ) ;
#5499 = CARTESIAN_POINT ( 'NONE',  ( 0.3750000000000003331, 0.04999999999999999584, 1.199999999999999734 ) ) ;
#5500 = DIRECTION ( 'NONE',  ( -1.000000000000000000, -0.000000000000000000, -0.000000000000000000 ) ) ;
#5501 = CARTESIAN_POINT ( 'NONE',  ( 1.500000000000000000, 0.000000000000000000, -0.6250000000000003331 ) ) ;
#5502 = LINE ( 'NONE', #1268, #5672 ) ;
#5503 = VERTEX_POINT ( 'NONE', #7671 ) ;
#5504 = LINE ( 'NONE', #730, #5720 ) ;
#5505 = CARTESIAN_POINT ( 'NONE',  ( -1.149999999999999689, 0.2000000000000000111, 0.1750000000000000999 ) ) ;
#5506 = ORIENTED_EDGE ( 'NONE', *, *, #2138, .T. ) ;
#5507 = EDGE_CURVE ( 'NONE', #6271, #1368, #1637, .T. ) ;
#5508 = VECTOR ( 'NONE', #4457, 1000.000000000000000 ) ;
#5509 = DIRECTION ( 'NONE',  ( 0.000000000000000000, 0.000000000000000000, 1.000000000000000000 ) ) ;
#5510 = CARTESIAN_POINT ( 'NONE',  ( 0.6250000000000004441, 0.2000000000000000111, 1.499999999999999778 ) ) ;
#5511 = ORIENTED_EDGE ( 'NONE', *, *, #3859, .T. ) ;
#5512 = CARTESIAN_POINT ( 'NONE',  ( -0.6249999999999995559, 0.2000000000000000111, 1.499999999999999778 ) ) ;
#5513 = ORIENTED_EDGE ( 'NONE', *, *, #5110, .T. ) ;
#5514 = AXIS2_PLACEMENT_3D ( 'NONE', #5871, #518, #6502 ) ;
#5515 = CARTESIAN_POINT ( 'NONE',  ( -0.8750000000000000000, 0.2000000000000000111, -0.6750000000000000444 ) ) ;
#5516 = DIRECTION ( 'NONE',  ( 0.000000000000000000, 0.000000000000000000, 1.000000000000000000 ) ) ;
#5517 = AXIS2_PLACEMENT_3D ( 'NONE', #4248, #118, #2509 ) ;
#5518 = LINE ( 'NONE', #4313, #193 ) ;
#5519 = CARTESIAN_POINT ( 'NONE',  ( -1.499999999999999778, 0.04999999999999969746, 1.499999999999999778 ) ) ;
#5520 = EDGE_LOOP ( 'NONE', ( #7274, #3535, #6556, #4875 ) ) ;
#5521 = CARTESIAN_POINT ( 'NONE',  ( 0.3249999999999975131, 0.000000000000000000, -1.149999999999999911 ) ) ;
#5522 = VERTEX_POINT ( 'NONE', #5784 ) ;
#5523 = ORIENTED_EDGE ( 'NONE', *, *, #3454, .T. ) ;
#5524 = ORIENTED_EDGE ( 'NONE', *, *, #4625, .F. ) ;
#5525 = CARTESIAN_POINT ( 'NONE',  ( -0.3750000000000029421, 0.2000000000000000111, -1.200000000000000178 ) ) ;
#5526 = EDGE_CURVE ( 'NONE', #741, #3873, #465, .T. ) ;
#5527 = CARTESIAN_POINT ( 'NONE',  ( -1.199999999999999956, 0.7500000000000000000, -1.100000000000000089 ) ) ;
#5528 = EDGE_CURVE ( 'NONE', #1287, #5586, #349, .T. ) ;
#5529 = EDGE_CURVE ( 'NONE', #6977, #2051, #4620, .T. ) ;
#5530 = PLANE ( 'NONE',  #2700 ) ;
#5531 = VERTEX_POINT ( 'NONE', #4077 ) ;
#5532 = ORIENTED_EDGE ( 'NONE', *, *, #3528, .T. ) ;
#5533 = ORIENTED_EDGE ( 'NONE', *, *, #4771, .T. ) ;
#5534 = LINE ( 'NONE', #4952, #4376 ) ;
#5535 = CARTESIAN_POINT ( 'NONE',  ( 1.500000000000000000, 0.2000000000000000111, -0.3750000000000003331 ) ) ;
#5536 = CARTESIAN_POINT ( 'NONE',  ( 1.500000000000000222, 0.04999999999999969746, -0.6250000000000003331 ) ) ;
#5537 = CARTESIAN_POINT ( 'NONE',  ( 0.1749999999999973244, 0.2000000000000000111, -1.200000000000000178 ) ) ;
#5538 = ORIENTED_EDGE ( 'NONE', *, *, #1048, .T. ) ;
#5539 = DIRECTION ( 'NONE',  ( 1.000000000000000000, -0.000000000000000000, -0.000000000000000000 ) ) ;
#5540 = CARTESIAN_POINT ( 'NONE',  ( -1.499999999999990896, 0.2000000000000000111, -0.8749999999999870104 ) ) ;
#5541 = ORIENTED_EDGE ( 'NONE', *, *, #6187, .F. ) ;
#5542 = ORIENTED_EDGE ( 'NONE', *, *, #3528, .F. ) ;
#5543 = AXIS2_PLACEMENT_3D ( 'NONE', #2255, #4763, #5390 ) ;
#5544 = CARTESIAN_POINT ( 'NONE',  ( -1.499999999999990896, 0.000000000000000000, -0.8749999999999870104 ) ) ;
#5545 = FACE_OUTER_BOUND ( 'NONE', #239, .T. ) ;
#5546 = ORIENTED_EDGE ( 'NONE', *, *, #2329, .F. ) ;
#5547 =( GEOMETRIC_REPRESENTATION_CONTEXT ( 3 ) GLOBAL_UNCERTAINTY_ASSIGNED_CONTEXT ( ( #5317 ) ) GLOBAL_UNIT_ASSIGNED_CONTEXT ( ( #631, #6617, #1255 ) ) REPRESENTATION_CONTEXT ( 'NONE', 'WORKASPACE' ) );
#5548 = CARTESIAN_POINT ( 'NONE',  ( -6.776263578034400247E-17, 0.05000000000000000278, -0.3750000000000000000 ) ) ;
#5549 = EDGE_CURVE ( 'NONE', #5522, #4925, #6198, .T. ) ;
#5550 = EDGE_CURVE ( 'NONE', #1652, #2516, #6926, .T. ) ;
#5551 = VECTOR ( 'NONE', #2065, 1000.000000000000000 ) ;
#5552 = CARTESIAN_POINT ( 'NONE',  ( 0.1250000000000003608, 0.2000000000000000111, 1.499999999999999778 ) ) ;
#5553 = DIRECTION ( 'NONE',  ( 0.000000000000000000, -0.000000000000000000, 1.000000000000000000 ) ) ;
#5554 = CYLINDRICAL_SURFACE ( 'NONE', #7199, 0.04999999999999991257 ) ;
#5555 = VERTEX_POINT ( 'NONE', #5863 ) ;
#5556 = CARTESIAN_POINT ( 'NONE',  ( -1.149999999999999911, 0.04999999999999999584, -0.6749999999999997113 ) ) ;
#5557 = VECTOR ( 'NONE', #4266, 1000.000000000000000 ) ;
#5558 = ORIENTED_EDGE ( 'NONE', *, *, #5922, .T. ) ;
#5559 = VERTEX_POINT ( 'NONE', #6411 ) ;
#5560 = VERTEX_POINT ( 'NONE', #385 ) ;
#5561 = CARTESIAN_POINT ( 'NONE',  ( 0.1749999999999973244, 0.2000000000000000111, -1.149999999999999467 ) ) ;
#5562 = PLANE ( 'NONE',  #424 ) ;
#5563 = MECHANICAL_DESIGN_GEOMETRIC_PRESENTATION_REPRESENTATION (  '', ( #1312 ), #7572 ) ;
#5564 = DIRECTION ( 'NONE',  ( -0.000000000000000000, 0.000000000000000000, -1.000000000000000000 ) ) ;
#5565 = ORIENTED_EDGE ( 'NONE', *, *, #2946, .F. ) ;
#5566 = ORIENTED_EDGE ( 'NONE', *, *, #7411, .F. ) ;
#5567 = VERTEX_POINT ( 'NONE', #3957 ) ;
#5568 = DIRECTION ( 'NONE',  ( -1.000000000000000000, -0.000000000000000000, 1.807003620809173153E-16 ) ) ;
#5569 = LINE ( 'NONE', #913, #4148 ) ;
#5570 = MECHANICAL_DESIGN_GEOMETRIC_PRESENTATION_REPRESENTATION (  '', ( #4955 ), #3334 ) ;
#5571 = EDGE_CURVE ( 'NONE', #2117, #487, #3448, .T. ) ;
#5572 = AXIS2_PLACEMENT_3D ( 'NONE', #1104, #6463, #547 ) ;
#5573 = SURFACE_SIDE_STYLE ('',( #5122 ) ) ;
#5574 = FACE_OUTER_BOUND ( 'NONE', #3537, .T. ) ;
#5575 = DIRECTION ( 'NONE',  ( 1.000000000000000000, 0.000000000000000000, -0.000000000000000000 ) ) ;
#5576 = VERTEX_POINT ( 'NONE', #4541 ) ;
#5577 = CIRCLE ( 'NONE', #2206, 0.04999999999999991257 ) ;
#5578 = VECTOR ( 'NONE', #5338, 1000.000000000000000 ) ;
#5579 = LINE ( 'NONE', #4295, #5352 ) ;
#5580 = LINE ( 'NONE', #1977, #5244 ) ;
#5581 = DIRECTION ( 'NONE',  ( 0.000000000000000000, 1.000000000000000000, 0.000000000000000000 ) ) ;
#5582 = EDGE_CURVE ( 'NONE', #6341, #5889, #2963, .T. ) ;
#5583 = EDGE_CURVE ( 'NONE', #6166, #3894, #4580, .T. ) ;
#5584 = ADVANCED_FACE ( 'NONE', ( #3998 ), #4660, .F. ) ;
#5585 = AXIS2_PLACEMENT_3D ( 'NONE', #4118, #502, #3522 ) ;
#5586 = VERTEX_POINT ( 'NONE', #3491 ) ;
#5587 = CIRCLE ( 'NONE', #6827, 0.05000000000000012768 ) ;
#5588 = DIRECTION ( 'NONE',  ( 1.000000000000000000, -0.000000000000000000, 0.000000000000000000 ) ) ;
#5589 = PRESENTATION_STYLE_ASSIGNMENT (( #258 ) ) ;
#5590 = VERTEX_POINT ( 'NONE', #2817 ) ;
#5591 = AXIS2_PLACEMENT_3D ( 'NONE', #6917, #3947, #5706 ) ;
#5592 = CARTESIAN_POINT ( 'NONE',  ( 1.500000000000000000, 0.2000000000000000111, -0.3750000000000003331 ) ) ;
#5593 = ORIENTED_EDGE ( 'NONE', *, *, #6552, .T. ) ;
#5594 = ORIENTED_EDGE ( 'NONE', *, *, #4843, .T. ) ;
#5595 = AXIS2_PLACEMENT_3D ( 'NONE', #6575, #4201, #6018 ) ;
#5596 = EDGE_CURVE ( 'NONE', #5712, #495, #710, .T. ) ;
#5597 = DIRECTION ( 'NONE',  ( -0.000000000000000000, -1.000000000000000000, -0.000000000000000000 ) ) ;
#5598 = CARTESIAN_POINT ( 'NONE',  ( 0.6249999999999713562, 0.04999999999999999584, -1.500000000000000000 ) ) ;
#5599 = DIRECTION ( 'NONE',  ( -3.642919299551479807E-14, -0.000000000000000000, 1.000000000000000000 ) ) ;
#5600 = ORIENTED_EDGE ( 'NONE', *, *, #6723, .T. ) ;
#5601 = CARTESIAN_POINT ( 'NONE',  ( -0.1250000000000112688, 0.2000000000000000111, -1.500000000000000000 ) ) ;
#5602 = VECTOR ( 'NONE', #2261, 1000.000000000000000 ) ;
#5603 = ORIENTED_EDGE ( 'NONE', *, *, #1879, .F. ) ;
#5604 = ORIENTED_EDGE ( 'NONE', *, *, #1601, .F. ) ;
#5605 = EDGE_LOOP ( 'NONE', ( #269, #7385, #3684, #5446 ) ) ;
#5606 = CARTESIAN_POINT ( 'NONE',  ( 1.149999999999999911, 0.2000000000000000111, 0.1749999999999996558 ) ) ;
#5607 = VECTOR ( 'NONE', #379, 1000.000000000000000 ) ;
#5608 = DIRECTION ( 'NONE',  ( 1.000000000000000000, 0.000000000000000000, -1.807003620809173399E-16 ) ) ;
#5609 = CARTESIAN_POINT ( 'NONE',  ( -1.199999999999999512, 0.000000000000000000, 0.8750000000000002220 ) ) ;
#5610 = ORIENTED_EDGE ( 'NONE', *, *, #790, .T. ) ;
#5611 = VERTEX_POINT ( 'NONE', #5400 ) ;
#5612 = ORIENTED_EDGE ( 'NONE', *, *, #7315, .F. ) ;
#5613 = DIRECTION ( 'NONE',  ( 0.000000000000000000, 1.000000000000000000, 0.000000000000000000 ) ) ;
#5614 = DIRECTION ( 'NONE',  ( 0.000000000000000000, 0.000000000000000000, 1.000000000000000000 ) ) ;
#5615 = VECTOR ( 'NONE', #6706, 1000.000000000000000 ) ;
#5616 = CARTESIAN_POINT ( 'NONE',  ( -0.8249999999999997335, 0.04999999999999999584, 1.199999999999999734 ) ) ;
#5617 = DIRECTION ( 'NONE',  ( -1.000000000000000000, 0.000000000000000000, 2.891205793294679332E-14 ) ) ;
#5618 = DIRECTION ( 'NONE',  ( -1.000000000000000000, 0.000000000000000000, 0.000000000000000000 ) ) ;
#5619 = ORIENTED_EDGE ( 'NONE', *, *, #509, .T. ) ;
#5620 = ORIENTED_EDGE ( 'NONE', *, *, #1151, .F. ) ;
#5621 = CARTESIAN_POINT ( 'NONE',  ( 0.1250000000000003608, 0.2000000000000000111, 1.499999999999999778 ) ) ;
#5622 = DIRECTION ( 'NONE',  ( 0.000000000000000000, 0.000000000000000000, -1.000000000000000000 ) ) ;
#5623 = FACE_OUTER_BOUND ( 'NONE', #4280, .T. ) ;
#5624 = ORIENTED_EDGE ( 'NONE', *, *, #2207, .T. ) ;
#5625 = EDGE_CURVE ( 'NONE', #4202, #2604, #1827, .T. ) ;
#5626 = DIRECTION ( 'NONE',  ( 0.000000000000000000, -1.000000000000000000, 0.000000000000000000 ) ) ;
#5627 = EDGE_CURVE ( 'NONE', #3518, #2358, #577, .T. ) ;
#5628 = EDGE_CURVE ( 'NONE', #3753, #2822, #1755, .T. ) ;
#5629 = DIRECTION ( 'NONE',  ( 0.000000000000000000, 1.000000000000000000, 0.000000000000000000 ) ) ;
#5630 = ORIENTED_EDGE ( 'NONE', *, *, #453, .T. ) ;
#5631 = LINE ( 'NONE', #222, #6475 ) ;
#5632 = EDGE_LOOP ( 'NONE', ( #2245, #3758 ) ) ;
#5633 = VECTOR ( 'NONE', #3621, 1000.000000000000000 ) ;
#5634 = FACE_OUTER_BOUND ( 'NONE', #5655, .T. ) ;
#5635 = FACE_OUTER_BOUND ( 'NONE', #3111, .T. ) ;
#5636 = LINE ( 'NONE', #5143, #5208 ) ;
#5637 = DIRECTION ( 'NONE',  ( -0.000000000000000000, -1.000000000000000000, -0.000000000000000000 ) ) ;
#5638 = ORIENTED_EDGE ( 'NONE', *, *, #4131, .T. ) ;
#5639 = AXIS2_PLACEMENT_3D ( 'NONE', #877, #3265, #2674 ) ;
#5640 = ORIENTED_EDGE ( 'NONE', *, *, #3907, .T. ) ;
#5641 = VERTEX_POINT ( 'NONE', #6559 ) ;
#5642 = ORIENTED_EDGE ( 'NONE', *, *, #4173, .T. ) ;
#5643 = FACE_OUTER_BOUND ( 'NONE', #6986, .T. ) ;
#5644 = VECTOR ( 'NONE', #45, 1000.000000000000000 ) ;
#5645 = DIRECTION ( 'NONE',  ( -8.673617379883233989E-15, -0.000000000000000000, -1.000000000000000000 ) ) ;
#5646 = CARTESIAN_POINT ( 'NONE',  ( 0.8749999999999713562, 0.2000000000000000111, -1.500000000000000000 ) ) ;
#5647 = DIRECTION ( 'NONE',  ( 1.000000000000000000, 0.000000000000000000, -0.000000000000000000 ) ) ;
#5648 = ORIENTED_EDGE ( 'NONE', *, *, #5059, .T. ) ;
#5649 = ORIENTED_EDGE ( 'NONE', *, *, #5858, .T. ) ;
#5650 = CARTESIAN_POINT ( 'NONE',  ( -1.499999999999999778, 0.04999999999999969746, 1.499999999999999778 ) ) ;
#5651 = CARTESIAN_POINT ( 'NONE',  ( 0.3749999999999973910, 0.04999999999999999584, -1.200000000000000178 ) ) ;
#5652 = ADVANCED_FACE ( 'NONE', ( #1238 ), #3043, .F. ) ;
#5653 = CARTESIAN_POINT ( 'NONE',  ( -1.499999999999999778, 0.04999999999999969746, 1.499999999999999778 ) ) ;
#5654 = CARTESIAN_POINT ( 'NONE',  ( 0.000000000000000000, 0.05000000000000000278, -0.8750000000000003331 ) ) ;
#5655 = EDGE_LOOP ( 'NONE', ( #6028, #6192, #7015, #3991 ) ) ;
#5656 = ORIENTED_EDGE ( 'NONE', *, *, #6768, .F. ) ;
#5657 = CARTESIAN_POINT ( 'NONE',  ( 1.500000000000000000, 0.2000000000000000111, -0.8750000000000003331 ) ) ;
#5658 = CARTESIAN_POINT ( 'NONE',  ( -1.499999999999999556, 0.2000000000000000111, 0.8750000000000003331 ) ) ;
#5659 = FACE_OUTER_BOUND ( 'NONE', #1581, .T. ) ;
#5660 = VERTEX_POINT ( 'NONE', #2414 ) ;
#5661 = DIRECTION ( 'NONE',  ( 0.000000000000000000, -1.000000000000000000, 0.000000000000000000 ) ) ;
#5662 = CARTESIAN_POINT ( 'NONE',  ( -1.149999999999999689, 0.2000000000000000111, 0.3250000000000002887 ) ) ;
#5663 = CARTESIAN_POINT ( 'NONE',  ( -0.8250000000000027311, 0.2000000000000000111, -1.149999999999999467 ) ) ;
#5664 = VERTEX_POINT ( 'NONE', #4775 ) ;
#5665 = DIRECTION ( 'NONE',  ( -0.000000000000000000, -1.000000000000000000, -0.000000000000000000 ) ) ;
#5666 = AXIS2_PLACEMENT_3D ( 'NONE', #2865, #2197, #2823 ) ;
#5667 = EDGE_CURVE ( 'NONE', #1649, #7169, #6601, .T. ) ;
#5668 = ORIENTED_EDGE ( 'NONE', *, *, #1725, .T. ) ;
#5669 = EDGE_CURVE ( 'NONE', #5118, #7134, #7192, .T. ) ;
#5670 = EDGE_CURVE ( 'NONE', #6985, #1805, #5972, .T. ) ;
#5671 = PLANE ( 'NONE',  #4690 ) ;
#5672 = VECTOR ( 'NONE', #6592, 1000.000000000000000 ) ;
#5673 = CARTESIAN_POINT ( 'NONE',  ( 1.199999999999999956, 0.2000000000000000111, 0.8749999999999996669 ) ) ;
#5674 = CARTESIAN_POINT ( 'NONE',  ( 0.3250000000000003997, 0.2000000000000000111, 1.199999999999999734 ) ) ;
#5675 = CARTESIAN_POINT ( 'NONE',  ( -0.1749999999999996281, 0.2000000000000000111, 1.199999999999999734 ) ) ;
#5676 = ADVANCED_FACE ( 'NONE', ( #7158 ), #2378, .F. ) ;
#5677 =( GEOMETRIC_REPRESENTATION_CONTEXT ( 3 ) GLOBAL_UNCERTAINTY_ASSIGNED_CONTEXT ( ( #7109 ) ) GLOBAL_UNIT_ASSIGNED_CONTEXT ( ( #5155, #7021, #596 ) ) REPRESENTATION_CONTEXT ( 'NONE', 'WORKASPACE' ) );
#5678 = ADVANCED_FACE ( 'NONE', ( #63 ), #3082, .F. ) ;
#5679 = VERTEX_POINT ( 'NONE', #1162 ) ;
#5680 = EDGE_CURVE ( 'NONE', #380, #6159, #7271, .T. ) ;
#5681 = ORIENTED_EDGE ( 'NONE', *, *, #849, .T. ) ;
#5682 = PLANE ( 'NONE',  #536 ) ;
#5683 =( NAMED_UNIT ( * ) PLANE_ANGLE_UNIT ( ) SI_UNIT ( $, .RADIAN. ) );
#5684 = CARTESIAN_POINT ( 'NONE',  ( -1.199999999999999734, 0.000000000000000000, -0.6749999999999997113 ) ) ;
#5685 = CARTESIAN_POINT ( 'NONE',  ( -0.3749999999999996669, 0.2000000000000000111, 1.499999999999999778 ) ) ;
#5686 = VECTOR ( 'NONE', #656, 1000.000000000000000 ) ;
#5687 = ORIENTED_EDGE ( 'NONE', *, *, #2759, .F. ) ;
#5688 = ORIENTED_EDGE ( 'NONE', *, *, #2494, .F. ) ;
#5689 = DIRECTION ( 'NONE',  ( -1.000000000000000000, 0.000000000000000000, -0.000000000000000000 ) ) ;
#5690 = DIRECTION ( 'NONE',  ( -0.000000000000000000, -1.000000000000000000, -0.000000000000000000 ) ) ;
#5691 = LINE ( 'NONE', #6782, #2922 ) ;
#5692 = ADVANCED_FACE ( 'NONE', ( #616 ), #4304, .F. ) ;
#5693 = FACE_OUTER_BOUND ( 'NONE', #2429, .T. ) ;
#5694 = ORIENTED_EDGE ( 'NONE', *, *, #1754, .T. ) ;
#5695 = ADVANCED_FACE ( 'NONE', ( #1787 ), #6637, .F. ) ;
#5696 = ORIENTED_EDGE ( 'NONE', *, *, #816, .F. ) ;
#5697 = CARTESIAN_POINT ( 'NONE',  ( 1.199999999999999956, 0.04999999999999999584, -0.3250000000000003442 ) ) ;
#5698 = CIRCLE ( 'NONE', #1089, 0.05000000000000012768 ) ;
#5699 = VECTOR ( 'NONE', #2221, 1000.000000000000114 ) ;
#5700 = FACE_OUTER_BOUND ( 'NONE', #857, .T. ) ;
#5701 = ORIENTED_EDGE ( 'NONE', *, *, #2080, .F. ) ;
#5702 = PLANE ( 'NONE',  #5270 ) ;
#5703 = CIRCLE ( 'NONE', #1438, 0.04999999999999991257 ) ;
#5705 = CARTESIAN_POINT ( 'NONE',  ( 1.199999999999999956, 0.04999999999999999584, 0.8749999999999996669 ) ) ;
#5704 = VECTOR ( 'NONE', #3374, 1000.000000000000000 ) ;
#5706 = DIRECTION ( 'NONE',  ( 1.000000000000000000, 0.000000000000000000, -0.000000000000000000 ) ) ;
#5707 = EDGE_LOOP ( 'NONE', ( #3193, #6501, #6040, #3517 ) ) ;
#5708 = CARTESIAN_POINT ( 'NONE',  ( 1.500000000000000000, 0.2000000000000000111, -0.1250000000000002776 ) ) ;
#5709 = ORIENTED_EDGE ( 'NONE', *, *, #572, .F. ) ;
#5710 = VECTOR ( 'NONE', #2978, 1000.000000000000000 ) ;
#5711 = AXIS2_PLACEMENT_3D ( 'NONE', #4700, #5255, #7123 ) ;
#5712 = VERTEX_POINT ( 'NONE', #5930 ) ;
#5713 = CARTESIAN_POINT ( 'NONE',  ( -1.149999999999999911, 0.05000000000000000278, 0.000000000000000000 ) ) ;
#5714 = CARTESIAN_POINT ( 'NONE',  ( -0.8750000000000000000, 0.2000000000000000111, -0.6750000000000000444 ) ) ;
#5715 = PLANE ( 'NONE',  #1077 ) ;
#5716 = DIRECTION ( 'NONE',  ( 0.000000000000000000, 0.000000000000000000, 1.000000000000000000 ) ) ;
#5717 = ORIENTED_EDGE ( 'NONE', *, *, #2654, .T. ) ;
#5718 = EDGE_CURVE ( 'NONE', #2437, #321, #1865, .T. ) ;
#5719 = CARTESIAN_POINT ( 'NONE',  ( -1.149999999999999467, 0.04999999999999999584, 0.6750000000000001554 ) ) ;
#5720 = VECTOR ( 'NONE', #1897, 1000.000000000000000 ) ;
#5721 = VERTEX_POINT ( 'NONE', #4188 ) ;
#5722 = LINE ( 'NONE', #3257, #3920 ) ;
#5723 = DIRECTION ( 'NONE',  ( 0.000000000000000000, 1.000000000000000000, 0.000000000000000000 ) ) ;
#5724 = CYLINDRICAL_SURFACE ( 'NONE', #4215, 0.04999999999999991257 ) ;
#5725 = CARTESIAN_POINT ( 'NONE',  ( 1.199999999999999734, 0.2000000000000000111, -0.6750000000000002665 ) ) ;
#5726 = ORIENTED_EDGE ( 'NONE', *, *, #6257, .F. ) ;
#5727 = AXIS2_PLACEMENT_3D ( 'NONE', #1496, #2356, #6397 ) ;
#5728 = EDGE_CURVE ( 'NONE', #1538, #2971, #1201, .T. ) ;
#5729 = ADVANCED_FACE ( 'NONE', ( #6046 ), #5477, .T. ) ;
#5730 = ADVANCED_FACE ( 'NONE', ( #812 ), #1944, .F. ) ;
#5731 = ORIENTED_EDGE ( 'NONE', *, *, #126, .F. ) ;
#5732 = LINE ( 'NONE', #4014, #256 ) ;
#5733 = CIRCLE ( 'NONE', #4987, 0.04999999999999991257 ) ;
#5734 = CARTESIAN_POINT ( 'NONE',  ( -0.8250000000000027311, 0.000000000000000000, -1.200000000000000178 ) ) ;
#5735 = DIRECTION ( 'NONE',  ( 0.000000000000000000, 0.000000000000000000, 1.000000000000000000 ) ) ;
#5736 = VERTEX_POINT ( 'NONE', #4382 ) ;
#5737 = CARTESIAN_POINT ( 'NONE',  ( 0.6250000000000003331, 0.2000000000000000111, 1.199999999999999734 ) ) ;
#5738 = VECTOR ( 'NONE', #6240, 1000.000000000000000 ) ;
#5739 = ORIENTED_EDGE ( 'NONE', *, *, #1521, .T. ) ;
#5740 = DIRECTION ( 'NONE',  ( -0.000000000000000000, 1.000000000000000000, -0.000000000000000000 ) ) ;
#5741 = VECTOR ( 'NONE', #444, 1000.000000000000000 ) ;
#5742 = CARTESIAN_POINT ( 'NONE',  ( 0.8250000000000003997, 0.000000000000000000, 1.149999999999999689 ) ) ;
#5743 = ORIENTED_EDGE ( 'NONE', *, *, #5356, .T. ) ;
#5744 = PLANE ( 'NONE',  #2599 ) ;
#5745 = ORIENTED_EDGE ( 'NONE', *, *, #4250, .T. ) ;
#5746 = ORIENTED_EDGE ( 'NONE', *, *, #4430, .F. ) ;
#5747 = DIRECTION ( 'NONE',  ( 0.000000000000000000, 1.000000000000000000, 0.000000000000000000 ) ) ;
#5748 = PLANE ( 'NONE',  #2313 ) ;
#5749 = DIRECTION ( 'NONE',  ( -1.000000000000000000, -0.000000000000000000, -0.000000000000000000 ) ) ;
#5750 = DIRECTION ( 'NONE',  ( -0.000000000000000000, -1.000000000000000000, -0.000000000000000000 ) ) ;
#5751 = CARTESIAN_POINT ( 'NONE',  ( 1.149999999999999911, 0.04999999999999999584, 0.1749999999999996558 ) ) ;
#5752 = EDGE_LOOP ( 'NONE', ( #5061, #6465, #1406, #2482 ) ) ;
#5753 = PLANE ( 'NONE',  #7164 ) ;
#5754 = CARTESIAN_POINT ( 'NONE',  ( -0.8250000000000027311, 0.2000000000000000111, -1.149999999999999467 ) ) ;
#5755 = AXIS2_PLACEMENT_3D ( 'NONE', #6474, #4137, #6511 ) ;
#5756 = CARTESIAN_POINT ( 'NONE',  ( -0.6250000000000026645, 0.2000000000000000111, -1.500000000000000000 ) ) ;
#5757 = CARTESIAN_POINT ( 'NONE',  ( 0.3750000000000003331, 0.2000000000000000111, 1.199999999999999734 ) ) ;
#5758 = EDGE_LOOP ( 'NONE', ( #3008, #7367, #1714, #599 ) ) ;
#5759 = ORIENTED_EDGE ( 'NONE', *, *, #3058, .F. ) ;
#5760 = SURFACE_STYLE_USAGE ( .BOTH. , #7016 ) ;
#5761 = CARTESIAN_POINT ( 'NONE',  ( -0.8250000000000027311, 0.2000000000000000111, -1.200000000000000178 ) ) ;
#5762 = VECTOR ( 'NONE', #4091, 1000.000000000000000 ) ;
#5763 = EDGE_CURVE ( 'NONE', #5249, #4538, #2103, .T. ) ;
#5764 = EDGE_CURVE ( 'NONE', #5011, #4524, #3715, .T. ) ;
#5765 = EDGE_CURVE ( 'NONE', #233, #2659, #4499, .T. ) ;
#5766 = LINE ( 'NONE', #7685, #3022 ) ;
#5767 = DIRECTION ( 'NONE',  ( 0.000000000000000000, 1.000000000000000000, 0.000000000000000000 ) ) ;
#5768 = ORIENTED_EDGE ( 'NONE', *, *, #5909, .F. ) ;
#5769 = ORIENTED_EDGE ( 'NONE', *, *, #6940, .T. ) ;
#5770 = AXIS2_PLACEMENT_3D ( 'NONE', #4094, #2835, #6981 ) ;
#5771 = DIRECTION ( 'NONE',  ( 0.000000000000000000, -1.000000000000000000, 0.000000000000000000 ) ) ;
#5772 = CARTESIAN_POINT ( 'NONE',  ( 1.500000000000000000, 0.2000000000000000111, 0.8749999999999996669 ) ) ;
#5773 = CARTESIAN_POINT ( 'NONE',  ( -1.199999999999999512, 0.2000000000000000111, 0.6750000000000001554 ) ) ;
#5774 = CARTESIAN_POINT ( 'NONE',  ( 0.000000000000000000, 0.8000000000000000444, 0.000000000000000000 ) ) ;
#5775 = CARTESIAN_POINT ( 'NONE',  ( -0.3749999999999996669, 0.2000000000000000111, 1.499999999999999778 ) ) ;
#5776 = ORIENTED_EDGE ( 'NONE', *, *, #697, .F. ) ;
#5777 = DIRECTION ( 'NONE',  ( -0.000000000000000000, -1.000000000000000000, -0.000000000000000000 ) ) ;
#5778 = ORIENTED_EDGE ( 'NONE', *, *, #665, .F. ) ;
#5779 = APPLICATION_CONTEXT ( 'automotive_design' ) ;
#5780 = ORIENTED_EDGE ( 'NONE', *, *, #178, .T. ) ;
#5781 = LINE ( 'NONE', #1672, #315 ) ;
#5782 = LINE ( 'NONE', #6410, #2563 ) ;
#5783 = EDGE_CURVE ( 'NONE', #1368, #1802, #5092, .T. ) ;
#5784 = CARTESIAN_POINT ( 'NONE',  ( -1.149999999999999467, 0.000000000000000000, 0.6750000000000001554 ) ) ;
#5785 = CARTESIAN_POINT ( 'NONE',  ( -0.8750000000000026645, 0.000000000000000000, -1.500000000000000000 ) ) ;
#5786 = ADVANCED_FACE ( 'NONE', ( #5545 ), #6244, .T. ) ;
#5787 = CIRCLE ( 'NONE', #788, 0.04999999999999991257 ) ;
#5788 = FACE_OUTER_BOUND ( 'NONE', #1593, .T. ) ;
#5789 = ORIENTED_EDGE ( 'NONE', *, *, #3529, .T. ) ;
#5790 = CIRCLE ( 'NONE', #2417, 0.05000000000000012768 ) ;
#5791 = DIRECTION ( 'NONE',  ( 0.000000000000000000, 0.000000000000000000, 1.000000000000000000 ) ) ;
#5792 = FACE_OUTER_BOUND ( 'NONE', #2481, .T. ) ;
#5793 = CARTESIAN_POINT ( 'NONE',  ( 0.1249999999999800576, 0.000000000000000000, -1.500000000000000000 ) ) ;
#5794 = CARTESIAN_POINT ( 'NONE',  ( -0.8749999999999995559, 0.04999999999999969746, 1.499999999999999778 ) ) ;
#5795 = EDGE_LOOP ( 'NONE', ( #7504, #2388, #516, #6789, #5275, #2337 ) ) ;
#5796 = ORIENTED_EDGE ( 'NONE', *, *, #5112, .T. ) ;
#5797 = ORIENTED_EDGE ( 'NONE', *, *, #4788, .F. ) ;
#5798 = PLANE ( 'NONE',  #630 ) ;
#5799 = ORIENTED_EDGE ( 'NONE', *, *, #2277, .F. ) ;
#5800 = PLANE ( 'NONE',  #5770 ) ;
#5801 = AXIS2_PLACEMENT_3D ( 'NONE', #6461, #7605, #6419 ) ;
#5802 = EDGE_LOOP ( 'NONE', ( #5630, #6905, #5496, #5078, #4944, #4483 ) ) ;
#5803 = CARTESIAN_POINT ( 'NONE',  ( -1.149999999999999467, 0.2000000000000000111, 0.8250000000000002887 ) ) ;
#5804 = EDGE_CURVE ( 'NONE', #5559, #3772, #3875, .T. ) ;
#5805 = DIRECTION ( 'NONE',  ( 0.000000000000000000, 0.000000000000000000, -1.000000000000000000 ) ) ;
#5806 = DIRECTION ( 'NONE',  ( -0.000000000000000000, -1.000000000000000000, -0.000000000000000000 ) ) ;
#5807 = CARTESIAN_POINT ( 'NONE',  ( -0.8250000000000027311, 0.2000000000000000111, -1.149999999999999467 ) ) ;
#5808 = CIRCLE ( 'NONE', #6807, 0.04999999999999991257 ) ;
#5809 =( NAMED_UNIT ( * ) PLANE_ANGLE_UNIT ( ) SI_UNIT ( $, .RADIAN. ) );
#5810 = CARTESIAN_POINT ( 'NONE',  ( 1.500000000000000222, 0.04999999999999969746, -0.1250000000000003331 ) ) ;
#5811 = ORIENTED_EDGE ( 'NONE', *, *, #1934, .T. ) ;
#5812 = EDGE_CURVE ( 'NONE', #7469, #6959, #3830, .T. ) ;
#5813 = ADVANCED_FACE ( 'NONE', ( #3750 ), #7349, .T. ) ;
#5814 = CARTESIAN_POINT ( 'NONE',  ( -0.8750000000000000000, 0.2000000000000000111, -0.6750000000000000444 ) ) ;
#5815 = ORIENTED_EDGE ( 'NONE', *, *, #2472, .F. ) ;
#5816 = ADVANCED_FACE ( 'NONE', ( #1354 ), #3279, .T. ) ;
#5817 = VECTOR ( 'NONE', #4325, 1000.000000000000000 ) ;
#5818 = ORIENTED_EDGE ( 'NONE', *, *, #1151, .T. ) ;
#5819 = AXIS2_PLACEMENT_3D ( 'NONE', #863, #3250, #2067 ) ;
#5820 = LINE ( 'NONE', #4539, #5081 ) ;
#5821 = LINE ( 'NONE', #7552, #4567 ) ;
#5822 = DIRECTION ( 'NONE',  ( 1.000000000000000000, 0.000000000000000000, -7.697835424647134493E-14 ) ) ;
#5823 = CARTESIAN_POINT ( 'NONE',  ( 0.000000000000000000, 0.2000000000000000111, 0.000000000000000000 ) ) ;
#5824 = ORIENTED_EDGE ( 'NONE', *, *, #95, .F. ) ;
#5825 = CIRCLE ( 'NONE', #2450, 0.04999999999999991257 ) ;
#5826 = AXIS2_PLACEMENT_3D ( 'NONE', #1598, #4621, #3492 ) ;
#5827 = DIRECTION ( 'NONE',  ( -1.000000000000000000, 0.000000000000000000, -0.000000000000000000 ) ) ;
#5828 = EDGE_CURVE ( 'NONE', #5990, #6959, #3205, .T. ) ;
#5829 = DIRECTION ( 'NONE',  ( -1.000000000000000000, 0.000000000000000000, -0.000000000000000000 ) ) ;
#5830 = DIRECTION ( 'NONE',  ( -0.000000000000000000, -1.000000000000000000, -0.000000000000000000 ) ) ;
#5831 = CARTESIAN_POINT ( 'NONE',  ( -0.8750000000000000000, 0.2000000000000000111, 0.8750000000000000000 ) ) ;
#5832 = DIRECTION ( 'NONE',  ( 1.000000000000000000, -0.000000000000000000, -0.000000000000000000 ) ) ;
#5833 = ORIENTED_EDGE ( 'NONE', *, *, #2031, .T. ) ;
#5834 = VERTEX_POINT ( 'NONE', #7468 ) ;
#5835 = CARTESIAN_POINT ( 'NONE',  ( -1.199999999999999734, 0.000000000000000000, -0.1249999999999998196 ) ) ;
#5836 = VERTEX_POINT ( 'NONE', #2571 ) ;
#5837 = ADVANCED_FACE ( 'NONE', ( #6877 ), #738, .T. ) ;
#5838 = FACE_OUTER_BOUND ( 'NONE', #6488, .T. ) ;
#5839 = VECTOR ( 'NONE', #6253, 1000.000000000000000 ) ;
#5840 = CARTESIAN_POINT ( 'NONE',  ( 1.199999999999999956, 0.04999999999999999584, 0.6249999999999996669 ) ) ;
#5841 = CARTESIAN_POINT ( 'NONE',  ( 1.199999999999999956, 0.000000000000000000, -0.1750000000000001832 ) ) ;
#5842 = ORIENTED_EDGE ( 'NONE', *, *, #773, .F. ) ;
#5843 = ORIENTED_EDGE ( 'NONE', *, *, #2798, .F. ) ;
#5844 =( LENGTH_UNIT ( ) NAMED_UNIT ( * ) SI_UNIT ( .MILLI., .METRE. ) );
#5845 = CARTESIAN_POINT ( 'NONE',  ( -1.499999999999999778, 0.04999999999999969746, -1.500000000000000222 ) ) ;
#5846 = AXIS2_PLACEMENT_3D ( 'NONE', #3637, #694, #653 ) ;
#5847 = CARTESIAN_POINT ( 'NONE',  ( -1.199999999999999734, 0.2000000000000000111, -0.3749999999999997780 ) ) ;
#5848 = UNCERTAINTY_MEASURE_WITH_UNIT (LENGTH_MEASURE( 1.000000000000000082E-05 ), #6322, 'distance_accuracy_value', 'NONE');
#5849 = DIRECTION ( 'NONE',  ( 0.000000000000000000, 0.000000000000000000, 1.000000000000000000 ) ) ;
#5850 = CARTESIAN_POINT ( 'NONE',  ( -1.199999999999999512, 0.2000000000000000111, 0.8250000000000002887 ) ) ;
#5851 = CARTESIAN_POINT ( 'NONE',  ( 0.3749999999999973910, 0.000000000000000000, -1.200000000000000178 ) ) ;
#5852 = ORIENTED_EDGE ( 'NONE', *, *, #7371, .F. ) ;
#5853 = MANIFOLD_SOLID_BREP ( 'Boss-Extrude3[17]', #7372 ) ;
#5854 = CARTESIAN_POINT ( 'NONE',  ( 0.3250000000000003997, 0.2000000000000000111, 1.149999999999999689 ) ) ;
#5855 = MECHANICAL_DESIGN_GEOMETRIC_PRESENTATION_REPRESENTATION (  '', ( #6487 ), #1115 ) ;
#5857 = EDGE_LOOP ( 'NONE', ( #3785, #6610, #5759, #7119 ) ) ;
#5856 = ORIENTED_EDGE ( 'NONE', *, *, #1902, .F. ) ;
#5858 = EDGE_CURVE ( 'NONE', #1158, #5736, #141, .T. ) ;
#5859 = ADVANCED_FACE ( 'NONE', ( #3365 ), #2259, .F. ) ;
#5860 = ADVANCED_FACE ( 'NONE', ( #494 ), #2805, .T. ) ;
#5861 = CARTESIAN_POINT ( 'NONE',  ( 0.8749999999999974465, 0.2000000000000000111, -1.200000000000000178 ) ) ;
#5862 = FACE_OUTER_BOUND ( 'NONE', #6369, .T. ) ;
#5863 = CARTESIAN_POINT ( 'NONE',  ( -1.199999999999999956, 0.2000000000000000111, -0.6249999999999998890 ) ) ;
#5864 = DIRECTION ( 'NONE',  ( 0.000000000000000000, 0.000000000000000000, 1.000000000000000000 ) ) ;
#5865 = CARTESIAN_POINT ( 'NONE',  ( -1.499999999999999778, -4.242640687119283882, -1.500000000000000222 ) ) ;
#5866 = DIRECTION ( 'NONE',  ( -0.000000000000000000, -1.000000000000000000, -0.000000000000000000 ) ) ;
#5867 = DIRECTION ( 'NONE',  ( 1.000000000000000000, 0.000000000000000000, 0.000000000000000000 ) ) ;
#5868 = LINE ( 'NONE', #514, #330 ) ;
#5869 = DIRECTION ( 'NONE',  ( 0.000000000000000000, 0.000000000000000000, -1.000000000000000000 ) ) ;
#5870 = ORIENTED_EDGE ( 'NONE', *, *, #5394, .T. ) ;
#5871 = CARTESIAN_POINT ( 'NONE',  ( -1.199999999999999734, 0.2000000000000000111, -0.1749999999999997391 ) ) ;
#5872 = VERTEX_POINT ( 'NONE', #2769 ) ;
#5873 = LINE ( 'NONE', #5346, #2521 ) ;
#5874 = AXIS2_PLACEMENT_3D ( 'NONE', #2484, #3152, #2520 ) ;
#5875 = DIRECTION ( 'NONE',  ( 0.000000000000000000, 0.000000000000000000, 1.000000000000000000 ) ) ;
#5876 = MANIFOLD_SOLID_BREP ( 'Boss-Extrude3[11]', #2625 ) ;
#5877 = FILL_AREA_STYLE ('',( #7102 ) ) ;
#5878 = ORIENTED_EDGE ( 'NONE', *, *, #7034, .F. ) ;
#5879 = ORIENTED_EDGE ( 'NONE', *, *, #1051, .F. ) ;
#5880 = EDGE_CURVE ( 'NONE', #598, #4072, #1717, .T. ) ;
#5881 = EDGE_CURVE ( 'NONE', #6850, #6213, #2735, .T. ) ;
#5882 = LINE ( 'NONE', #1116, #3240 ) ;
#5883 = CARTESIAN_POINT ( 'NONE',  ( 0.8750000000000004441, 0.2000000000000000111, 1.499999999999999778 ) ) ;
#5884 = COLOUR_RGB ( '',0.7921568627450980005, 0.8196078431372548767, 0.9333333333333333481 ) ;
#5885 = LINE ( 'NONE', #5963, #3207 ) ;
#5886 = DIRECTION ( 'NONE',  ( 0.000000000000000000, -0.000000000000000000, 1.000000000000000000 ) ) ;
#5887 = AXIS2_PLACEMENT_3D ( 'NONE', #5915, #2874, #2910 ) ;
#5888 = PLANE ( 'NONE',  #6838 ) ;
#5889 = VERTEX_POINT ( 'NONE', #5851 ) ;
#5890 = LINE ( 'NONE', #2294, #5602 ) ;
#5891 = EDGE_LOOP ( 'NONE', ( #5907, #989, #7142, #3781, #2878, #532, #436, #311, #6103, #142, #2490, #1906, #6843, #3204, #7096, #1350, #48, #1253, #3818, #5943 ) ) ;
#5893 = ORIENTED_EDGE ( 'NONE', *, *, #7545, .T. ) ;
#5892 = ORIENTED_EDGE ( 'NONE', *, *, #605, .T. ) ;
#5894 = DIRECTION ( 'NONE',  ( -3.614007241618346799E-16, 0.000000000000000000, -1.000000000000000000 ) ) ;
#5895 = CARTESIAN_POINT ( 'NONE',  ( 1.149999999999999911, 0.2000000000000000111, -0.8250000000000003997 ) ) ;
#5896 = CARTESIAN_POINT ( 'NONE',  ( 0.6750000000000002665, 0.2000000000000000111, 1.149999999999999689 ) ) ;
#5897 = CARTESIAN_POINT ( 'NONE',  ( -0.3750000000000029421, 0.2000000000000000111, -1.200000000000000178 ) ) ;
#5898 = ORIENTED_EDGE ( 'NONE', *, *, #1841, .F. ) ;
#5899 = PLANE ( 'NONE',  #726 ) ;
#5900 = EDGE_CURVE ( 'NONE', #3940, #5300, #3990, .T. ) ;
#5901 = EDGE_CURVE ( 'NONE', #2125, #4421, #6585, .T. ) ;
#5902 = DIRECTION ( 'NONE',  ( -0.000000000000000000, -1.000000000000000000, -0.000000000000000000 ) ) ;
#5903 = PLANE ( 'NONE',  #1680 ) ;
#5904 = AXIS2_PLACEMENT_3D ( 'NONE', #1137, #1681, #4629 ) ;
#5905 = CARTESIAN_POINT ( 'NONE',  ( -1.499999999999999778, 0.000000000000000000, -0.3749999999999997224 ) ) ;
#5906 = DIRECTION ( 'NONE',  ( 0.000000000000000000, 0.000000000000000000, 1.000000000000000000 ) ) ;
#5907 = ORIENTED_EDGE ( 'NONE', *, *, #5461, .T. ) ;
#5908 = ORIENTED_EDGE ( 'NONE', *, *, #1408, .T. ) ;
#5909 = EDGE_CURVE ( 'NONE', #1545, #624, #1629, .T. ) ;
#5910 = EDGE_CURVE ( 'NONE', #4046, #3083, #2848, .T. ) ;
#5911 = ORIENTED_EDGE ( 'NONE', *, *, #4727, .F. ) ;
#5912 = EDGE_CURVE ( 'NONE', #1685, #5946, #6279, .T. ) ;
#5913 = CIRCLE ( 'NONE', #5425, 0.04999999999999991257 ) ;
#5914 = VERTEX_POINT ( 'NONE', #5810 ) ;
#5915 = CARTESIAN_POINT ( 'NONE',  ( 1.199999999999999734, 0.2000000000000000111, -0.8250000000000003997 ) ) ;
#5916 = LINE ( 'NONE', #3506, #6039 ) ;
#5917 = CARTESIAN_POINT ( 'NONE',  ( 0.8250000000000003997, 0.2000000000000000111, 1.149999999999999689 ) ) ;
#5918 = CARTESIAN_POINT ( 'NONE',  ( 0.1750000000000002109, 0.2000000000000000111, 1.199999999999999734 ) ) ;
#5919 = CARTESIAN_POINT ( 'NONE',  ( -0.6750000000000000444, 0.2000000000000000111, -0.8750000000000000000 ) ) ;
#5920 = VECTOR ( 'NONE', #7442, 1000.000000000000000 ) ;
#5921 = DIRECTION ( 'NONE',  ( 0.000000000000000000, -1.000000000000000000, 0.000000000000000000 ) ) ;
#5922 = EDGE_CURVE ( 'NONE', #7684, #4984, #6204, .T. ) ;
#5923 = LINE ( 'NONE', #7184, #4931 ) ;
#5924 = CARTESIAN_POINT ( 'NONE',  ( 1.199999999999999956, 0.2000000000000000111, -0.8750000000000002220 ) ) ;
#5925 = VECTOR ( 'NONE', #5608, 1000.000000000000000 ) ;
#5926 = LINE ( 'NONE', #7188, #4122 ) ;
#5927 = VERTEX_POINT ( 'NONE', #2491 ) ;
#5928 = CARTESIAN_POINT ( 'NONE',  ( 0.3750000000000003331, 0.000000000000000000, 1.499999999999999778 ) ) ;
#5929 = CARTESIAN_POINT ( 'NONE',  ( 0.8750000000000000000, 0.2000000000000000111, 0.8750000000000000000 ) ) ;
#5930 = CARTESIAN_POINT ( 'NONE',  ( 0.1249999999999970718, 0.2000000000000000111, -1.200000000000000178 ) ) ;
#5931 = CARTESIAN_POINT ( 'NONE',  ( 0.8750000000000004441, 0.2000000000000000111, 1.499999999999999778 ) ) ;
#5932 = VERTEX_POINT ( 'NONE', #6000 ) ;
#5933 = CARTESIAN_POINT ( 'NONE',  ( -1.149999999999999911, 0.000000000000000000, -0.8249999999999998446 ) ) ;
#5934 = ORIENTED_EDGE ( 'NONE', *, *, #6479, .T. ) ;
#5935 = AXIS2_PLACEMENT_3D ( 'NONE', #4019, #4134, #7141 ) ;
#5936 = CIRCLE ( 'NONE', #1434, 0.05000000000000012768 ) ;
#5937 = DIRECTION ( 'NONE',  ( -0.000000000000000000, -0.000000000000000000, 1.000000000000000000 ) ) ;
#5938 = VECTOR ( 'NONE', #6420, 1000.000000000000000 ) ;
#5939 = CARTESIAN_POINT ( 'NONE',  ( 0.1249999999999800576, 0.000000000000000000, -1.500000000000000000 ) ) ;
#5940 = CIRCLE ( 'NONE', #2576, 0.04999999999999991257 ) ;
#5941 = DIRECTION ( 'NONE',  ( 1.000000000000000000, 0.000000000000000000, 0.000000000000000000 ) ) ;
#5942 = CARTESIAN_POINT ( 'NONE',  ( -0.6249999999999995559, 0.000000000000000000, 1.499999999999999778 ) ) ;
#5943 = ORIENTED_EDGE ( 'NONE', *, *, #6627, .F. ) ;
#5944 = CARTESIAN_POINT ( 'NONE',  ( 0.8750000000000000000, 0.2000000000000000111, 0.8750000000000000000 ) ) ;
#5945 = VERTEX_POINT ( 'NONE', #7112 ) ;
#5946 = VERTEX_POINT ( 'NONE', #4105 ) ;
#5947 = EDGE_LOOP ( 'NONE', ( #5166, #3485, #4867, #3701, #896, #1960 ) ) ;
#5948 = AXIS2_PLACEMENT_3D ( 'NONE', #3242, #3127, #5046 ) ;
#5949 = CIRCLE ( 'NONE', #331, 0.04999999999999991257 ) ;
#5950 = ORIENTED_EDGE ( 'NONE', *, *, #7114, .T. ) ;
#5951 = LINE ( 'NONE', #6065, #4651 ) ;
#5952 = EDGE_CURVE ( 'NONE', #3525, #6979, #5958, .T. ) ;
#5953 = PLANE ( 'NONE',  #7304 ) ;
#5954 = EDGE_CURVE ( 'NONE', #7719, #1738, #3627, .T. ) ;
#5955 = EDGE_CURVE ( 'NONE', #1290, #6900, #4261, .T. ) ;
#5956 = PRODUCT_DEFINITION ( 'UNKNOWN', '', #3119, #7222 ) ;
#5957 = ORIENTED_EDGE ( 'NONE', *, *, #6873, .T. ) ;
#5958 = CIRCLE ( 'NONE', #2585, 0.1000000000000000472 ) ;
#5959 = ORIENTED_EDGE ( 'NONE', *, *, #6259, .F. ) ;
#5960 = SURFACE_SIDE_STYLE ('',( #561 ) ) ;
#5961 = CARTESIAN_POINT ( 'NONE',  ( -1.499999999999999778, -4.242640687119283882, 1.499999999999999778 ) ) ;
#5962 = VECTOR ( 'NONE', #5637, 1000.000000000000000 ) ;
#5963 = CARTESIAN_POINT ( 'NONE',  ( 0.8250000000000003997, 0.2000000000000000111, 1.149999999999999689 ) ) ;
#5964 = PLANE ( 'NONE',  #3794 ) ;
#5965 = DIRECTION ( 'NONE',  ( 0.000000000000000000, 0.000000000000000000, -1.000000000000000000 ) ) ;
#5966 = AXIS2_PLACEMENT_3D ( 'NONE', #4571, #5248, #3992 ) ;
#5967 = LINE ( 'NONE', #1821, #2610 ) ;
#5968 = VERTEX_POINT ( 'NONE', #7699 ) ;
#5969 = AXIS2_PLACEMENT_3D ( 'NONE', #5865, #7003, #5827 ) ;
#5970 = DIRECTION ( 'NONE',  ( 1.000000000000000000, -0.000000000000000000, -0.000000000000000000 ) ) ;
#5971 = DIRECTION ( 'NONE',  ( -0.000000000000000000, -1.000000000000000000, -0.000000000000000000 ) ) ;
#5972 = LINE ( 'NONE', #5896, #1579 ) ;
#5973 = CARTESIAN_POINT ( 'NONE',  ( 1.499999999999997780, 0.2000000000000000111, 0.6249999999999765743 ) ) ;
#5974 = ORIENTED_EDGE ( 'NONE', *, *, #2997, .F. ) ;
#5975 = DIRECTION ( 'NONE',  ( -1.000000000000000000, 0.000000000000000000, 1.807003620809173399E-16 ) ) ;
#5976 = MECHANICAL_DESIGN_GEOMETRIC_PRESENTATION_REPRESENTATION (  '', ( #607 ), #4611 ) ;
#5977 = ADVANCED_FACE ( 'NONE', ( #2336 ), #55, .F. ) ;
#5978 = LINE ( 'NONE', #3011, #5420 ) ;
#5979 = DIRECTION ( 'NONE',  ( 0.000000000000000000, 0.000000000000000000, 1.000000000000000000 ) ) ;
#5980 = CARTESIAN_POINT ( 'NONE',  ( -0.8750000000000000000, 0.2000000000000000111, 0.8750000000000000000 ) ) ;
#5981 = CARTESIAN_POINT ( 'NONE',  ( 1.199999999999999956, 0.000000000000000000, 0.8749999999999996669 ) ) ;
#5982 = VERTEX_POINT ( 'NONE', #7738 ) ;
#5983 = CARTESIAN_POINT ( 'NONE',  ( 1.500000000000000000, 0.2000000000000000111, -0.8750000000000003331 ) ) ;
#5984 = VERTEX_POINT ( 'NONE', #6483 ) ;
#5985 = VERTEX_POINT ( 'NONE', #5392 ) ;
#5986 = VERTEX_POINT ( 'NONE', #4802 ) ;
#5987 = CARTESIAN_POINT ( 'NONE',  ( -1.199999999999999734, 0.000000000000000000, 0.1750000000000000999 ) ) ;
#5988 = SURFACE_SIDE_STYLE ('',( #2989 ) ) ;
#5989 = VERTEX_POINT ( 'NONE', #3659 ) ;
#5990 = VERTEX_POINT ( 'NONE', #6630 ) ;
#5991 = CARTESIAN_POINT ( 'NONE',  ( 0.8750000000000000000, 0.000000000000000000, 0.8750000000000000000 ) ) ;
#5992 = FACE_OUTER_BOUND ( 'NONE', #7433, .T. ) ;
#5993 = ADVANCED_FACE ( 'NONE', ( #4143 ), #2961, .F. ) ;
#5994 = EDGE_CURVE ( 'NONE', #6733, #6282, #6466, .T. ) ;
#5995 = EDGE_CURVE ( 'NONE', #499, #5660, #678, .T. ) ;
#5996 = VECTOR ( 'NONE', #5740, 1000.000000000000000 ) ;
#5997 = DIRECTION ( 'NONE',  ( 1.000000000000000000, -0.000000000000000000, -0.000000000000000000 ) ) ;
#5998 = PLANE ( 'NONE',  #4549 ) ;
#5999 = VECTOR ( 'NONE', #4715, 1000.000000000000000 ) ;
#6000 = CARTESIAN_POINT ( 'NONE',  ( 1.199999999999999956, 0.2000000000000000111, 0.8749999999999996669 ) ) ;
#6001 = CARTESIAN_POINT ( 'NONE',  ( 0.8750000000000000000, 0.2000000000000000111, 0.8750000000000000000 ) ) ;
#6002 = ADVANCED_FACE ( 'NONE', ( #1156 ), #1269, .T. ) ;
#6003 = ORIENTED_EDGE ( 'NONE', *, *, #7690, .F. ) ;
#6004 = VECTOR ( 'NONE', #757, 1000.000000000000000 ) ;
#6005 = DIRECTION ( 'NONE',  ( -1.000000000000000000, 0.000000000000000000, 0.000000000000000000 ) ) ;
#6006 = LINE ( 'NONE', #4850, #7186 ) ;
#6007 = DIRECTION ( 'NONE',  ( -0.000000000000000000, 1.000000000000000000, -0.000000000000000000 ) ) ;
#6008 = DIRECTION ( 'NONE',  ( -0.000000000000000000, -1.000000000000000000, -0.000000000000000000 ) ) ;
#6009 = ORIENTED_EDGE ( 'NONE', *, *, #2821, .T. ) ;
#6010 = CYLINDRICAL_SURFACE ( 'NONE', #5846, 0.04999999999999991257 ) ;
#6011 = DIRECTION ( 'NONE',  ( 0.000000000000000000, 0.000000000000000000, -1.000000000000000000 ) ) ;
#6012 = EDGE_CURVE ( 'NONE', #3377, #2154, #568, .T. ) ;
#6013 = ADVANCED_FACE ( 'NONE', ( #4844 ), #6516, .T. ) ;
#6014 = LINE ( 'NONE', #3131, #6677 ) ;
#6015 = DIRECTION ( 'NONE',  ( 0.000000000000000000, -1.000000000000000000, 0.000000000000000000 ) ) ;
#6016 = CARTESIAN_POINT ( 'NONE',  ( 0.1749999999999973244, 0.2000000000000000111, -1.149999999999999467 ) ) ;
#6017 = ORIENTED_EDGE ( 'NONE', *, *, #4173, .F. ) ;
#6018 = DIRECTION ( 'NONE',  ( 0.000000000000000000, 0.000000000000000000, 1.000000000000000000 ) ) ;
#6019 = ORIENTED_EDGE ( 'NONE', *, *, #1221, .T. ) ;
#6020 = VERTEX_POINT ( 'NONE', #3000 ) ;
#6021 = ORIENTED_EDGE ( 'NONE', *, *, #7548, .T. ) ;
#6022 = PLANE ( 'NONE',  #1263 ) ;
#6023 = DIRECTION ( 'NONE',  ( -1.000000000000000000, 0.000000000000000000, 0.000000000000000000 ) ) ;
#6024 = LINE ( 'NONE', #2515, #186 ) ;
#6025 = CARTESIAN_POINT ( 'NONE',  ( 1.499999999999997780, 0.000000000000000000, 0.6249999999999765743 ) ) ;
#6026 = ORIENTED_EDGE ( 'NONE', *, *, #4864, .F. ) ;
#6027 = ORIENTED_EDGE ( 'NONE', *, *, #6493, .F. ) ;
#6028 = ORIENTED_EDGE ( 'NONE', *, *, #4962, .T. ) ;
#6029 = VECTOR ( 'NONE', #981, 1000.000000000000000 ) ;
#6030 = CARTESIAN_POINT ( 'NONE',  ( 0.000000000000000000, 0.05000000000000000278, -1.149999999999999467 ) ) ;
#6031 = FACE_OUTER_BOUND ( 'NONE', #6804, .T. ) ;
#6032 = LINE ( 'NONE', #3073, #3968 ) ;
#6033 = DIRECTION ( 'NONE',  ( 0.000000000000000000, -1.000000000000000000, 0.000000000000000000 ) ) ;
#6034 = CIRCLE ( 'NONE', #2539, 0.04999999999999991257 ) ;
#6035 = ORIENTED_EDGE ( 'NONE', *, *, #7497, .F. ) ;
#6036 = ADVANCED_FACE ( 'NONE', ( #3513 ), #1820, .F. ) ;
#6037 = DIRECTION ( 'NONE',  ( -0.000000000000000000, -1.000000000000000000, -0.000000000000000000 ) ) ;
#6038 = CARTESIAN_POINT ( 'NONE',  ( 0.1249999999999970718, 0.2000000000000000111, -1.200000000000000178 ) ) ;
#6039 = VECTOR ( 'NONE', #1655, 1000.000000000000000 ) ;
#6040 = ORIENTED_EDGE ( 'NONE', *, *, #3719, .F. ) ;
#6041 = CARTESIAN_POINT ( 'NONE',  ( -0.3249999999999997891, 0.2000000000000000111, 1.199999999999999734 ) ) ;
#6042 = ADVANCED_FACE ( 'NONE', ( #4766 ), #5888, .F. ) ;
#6043 = DIRECTION ( 'NONE',  ( -1.000000000000000000, 0.000000000000000000, 0.000000000000000000 ) ) ;
#6044 = ADVANCED_FACE ( 'NONE', ( #1194 ), #608, .F. ) ;
#6045 = EDGE_CURVE ( 'NONE', #6326, #7684, #5504, .T. ) ;
#6046 = FACE_OUTER_BOUND ( 'NONE', #4713, .T. ) ;
#6047 = ORIENTED_EDGE ( 'NONE', *, *, #5995, .F. ) ;
#6048 = PLANE ( 'NONE',  #7203 ) ;
#6049 = ORIENTED_EDGE ( 'NONE', *, *, #4388, .F. ) ;
#6050 = DIRECTION ( 'NONE',  ( 0.000000000000000000, 0.000000000000000000, 1.000000000000000000 ) ) ;
#6051 = CIRCLE ( 'NONE', #1185, 0.04999999999999991257 ) ;
#6052 = DIRECTION ( 'NONE',  ( -1.000000000000000000, 0.000000000000000000, -0.000000000000000000 ) ) ;
#6053 = CARTESIAN_POINT ( 'NONE',  ( -1.500000000000000000, 0.2000000000000000111, -0.6249999999999996669 ) ) ;
#6054 = CYLINDRICAL_SURFACE ( 'NONE', #4583, 0.04999999999999991257 ) ;
#6055 = DIRECTION ( 'NONE',  ( 1.000000000000000000, 0.000000000000000000, -1.807003620809173399E-16 ) ) ;
#6056 = VERTEX_POINT ( 'NONE', #2562 ) ;
#6057 = CIRCLE ( 'NONE', #1831, 0.04999999999999991257 ) ;
#6058 = AXIS2_PLACEMENT_3D ( 'NONE', #2670, #3893, #6264 ) ;
#6059 = CARTESIAN_POINT ( 'NONE',  ( -0.6749999999999996003, 0.04999999999999999584, 1.149999999999999689 ) ) ;
#6060 = ORIENTED_EDGE ( 'NONE', *, *, #7294, .F. ) ;
#6061 = EDGE_CURVE ( 'NONE', #6517, #7088, #3231, .T. ) ;
#6062 = EDGE_LOOP ( 'NONE', ( #4582, #579, #2072, #5340, #3269, #859 ) ) ;
#6063 = AXIS2_PLACEMENT_3D ( 'NONE', #6824, #4523, #6233 ) ;
#6064 = VECTOR ( 'NONE', #4391, 1000.000000000000000 ) ;
#6065 = CARTESIAN_POINT ( 'NONE',  ( 0.3749999999999800715, 0.000000000000000000, -1.500000000000000000 ) ) ;
#6066 = CARTESIAN_POINT ( 'NONE',  ( -1.199999999999999956, 0.7500000000000000000, -1.200000000000000178 ) ) ;
#6067 = FILL_AREA_STYLE ('',( #3692 ) ) ;
#6068 = VERTEX_POINT ( 'NONE', #4961 ) ;
#6069 = ORIENTED_EDGE ( 'NONE', *, *, #3871, .T. ) ;
#6070 = CIRCLE ( 'NONE', #1573, 0.04999999999999980849 ) ;
#6071 = CIRCLE ( 'NONE', #448, 0.04999999999999991257 ) ;
#6072 = DIRECTION ( 'NONE',  ( 0.000000000000000000, -1.000000000000000000, 0.000000000000000000 ) ) ;
#6073 = DIRECTION ( 'NONE',  ( 0.000000000000000000, -1.000000000000000000, 0.000000000000000000 ) ) ;
#6074 = EDGE_CURVE ( 'NONE', #6711, #158, #6749, .T. ) ;
#6075 = LINE ( 'NONE', #130, #3470 ) ;
#6076 = VECTOR ( 'NONE', #7517, 1000.000000000000000 ) ;
#6078 = CARTESIAN_POINT ( 'NONE',  ( 1.500000000000000000, 0.2000000000000000111, 0.3749999999999996669 ) ) ;
#6077 = VECTOR ( 'NONE', #7596, 1000.000000000000000 ) ;
#6079 = VERTEX_POINT ( 'NONE', #4883 ) ;
#6080 = DIRECTION ( 'NONE',  ( -1.000000000000000000, 0.000000000000000000, 0.000000000000000000 ) ) ;
#6081 = CARTESIAN_POINT ( 'NONE',  ( 1.199999999999999956, 0.2000000000000000111, 0.1749999999999996558 ) ) ;
#6082 = EDGE_LOOP ( 'NONE', ( #6536, #1642, #5411, #1659, #1968, #7740 ) ) ;
#6083 = VECTOR ( 'NONE', #928, 1000.000000000000000 ) ;
#6084 = ORIENTED_EDGE ( 'NONE', *, *, #5955, .F. ) ;
#6085 = AXIS2_PLACEMENT_3D ( 'NONE', #3571, #3941, #1766 ) ;
#6086 = CARTESIAN_POINT ( 'NONE',  ( 1.199999999999999956, 0.2000000000000000111, -0.3750000000000002776 ) ) ;
#6087 = DIRECTION ( 'NONE',  ( -1.000000000000000000, 0.000000000000000000, -0.000000000000000000 ) ) ;
#6088 = VERTEX_POINT ( 'NONE', #134 ) ;
#6089 = DIRECTION ( 'NONE',  ( 0.000000000000000000, 0.000000000000000000, -1.000000000000000000 ) ) ;
#6090 = VECTOR ( 'NONE', #4663, 1000.000000000000000 ) ;
#6091 = EDGE_CURVE ( 'NONE', #320, #3953, #3782, .T. ) ;
#6092 = EDGE_CURVE ( 'NONE', #5721, #5361, #3746, .T. ) ;
#6093 = EDGE_CURVE ( 'NONE', #1473, #1528, #3122, .T. ) ;
#6094 = DIRECTION ( 'NONE',  ( 1.000000000000000000, -0.000000000000000000, 0.000000000000000000 ) ) ;
#6095 = CARTESIAN_POINT ( 'NONE',  ( -0.8250000000000027311, 0.04999999999999999584, -1.200000000000000178 ) ) ;
#6096 = CARTESIAN_POINT ( 'NONE',  ( 1.500000000000000000, 0.04999999999999999584, 0.1249999999999997363 ) ) ;
#6097 = CARTESIAN_POINT ( 'NONE',  ( 1.500000000000000000, 0.2000000000000000111, -0.6250000000000003331 ) ) ;
#6098 = VERTEX_POINT ( 'NONE', #6196 ) ;
#6099 = VECTOR ( 'NONE', #2851, 1000.000000000000000 ) ;
#6100 = DIRECTION ( 'NONE',  ( 0.000000000000000000, 1.000000000000000000, 0.000000000000000000 ) ) ;
#6101 = ORIENTED_EDGE ( 'NONE', *, *, #6742, .F. ) ;
#6102 = ORIENTED_EDGE ( 'NONE', *, *, #7464, .T. ) ;
#6103 = ORIENTED_EDGE ( 'NONE', *, *, #3234, .T. ) ;
#6104 = PRESENTATION_LAYER_ASSIGNMENT (  '', '', ( #6487 ) ) ;
#6105 = CARTESIAN_POINT ( 'NONE',  ( 0.6250000000000003331, 0.2000000000000000111, 1.199999999999999734 ) ) ;
#6106 = DIRECTION ( 'NONE',  ( 0.000000000000000000, -0.000000000000000000, 1.000000000000000000 ) ) ;
#6107 = DIRECTION ( 'NONE',  ( -1.807003620809173399E-16, 0.000000000000000000, -1.000000000000000000 ) ) ;
#6108 = EDGE_LOOP ( 'NONE', ( #6922, #6571, #5739, #192 ) ) ;
#6109 = ORIENTED_EDGE ( 'NONE', *, *, #5198, .T. ) ;
#6110 = EDGE_LOOP ( 'NONE', ( #4003, #6825, #5265, #2686 ) ) ;
#6111 = CARTESIAN_POINT ( 'NONE',  ( -1.149999999999999689, 0.2000000000000000111, -0.1749999999999997391 ) ) ;
#6112 = CARTESIAN_POINT ( 'NONE',  ( 1.500000000000000000, 0.2000000000000000111, -0.6250000000000003331 ) ) ;
#6113 = PLANE ( 'NONE',  #1952 ) ;
#6114 = CARTESIAN_POINT ( 'NONE',  ( -0.8750000000000000000, 0.000000000000000000, -0.6750000000000000444 ) ) ;
#6115 = EDGE_CURVE ( 'NONE', #6298, #1561, #5579, .T. ) ;
#6116 = ORIENTED_EDGE ( 'NONE', *, *, #291, .F. ) ;
#6117 = ADVANCED_FACE ( 'NONE', ( #2644 ), #2525, .F. ) ;
#6118 = LINE ( 'NONE', #6155, #461 ) ;
#6119 = DIRECTION ( 'NONE',  ( 0.000000000000000000, -1.000000000000000000, 0.000000000000000000 ) ) ;
#6120 = ORIENTED_EDGE ( 'NONE', *, *, #2821, .F. ) ;
#6121 = VECTOR ( 'NONE', #6622, 1000.000000000000000 ) ;
#6122 = CARTESIAN_POINT ( 'NONE',  ( 1.199999999999999956, 0.000000000000000000, 0.3749999999999997224 ) ) ;
#6123 = CARTESIAN_POINT ( 'NONE',  ( 0.1250000000000003608, 0.2000000000000000111, 1.499999999999999778 ) ) ;
#6124 = ORIENTED_EDGE ( 'NONE', *, *, #7495, .T. ) ;
#6125 = CARTESIAN_POINT ( 'NONE',  ( 0.6749999999999973799, 0.2000000000000000111, -1.149999999999999467 ) ) ;
#6126 = ORIENTED_EDGE ( 'NONE', *, *, #7750, .T. ) ;
#6127 = AXIS2_PLACEMENT_3D ( 'NONE', #3225, #5614, #6818 ) ;
#6128 = CARTESIAN_POINT ( 'NONE',  ( 1.149999999999999911, 0.2000000000000000111, 0.3249999999999998446 ) ) ;
#6129 = CARTESIAN_POINT ( 'NONE',  ( -0.6249999999999996669, 0.2000000000000000111, 1.199999999999999734 ) ) ;
#6130 = VECTOR ( 'NONE', #6541, 1000.000000000000000 ) ;
#6131 = CARTESIAN_POINT ( 'NONE',  ( -0.8749999999999995559, 0.000000000000000000, 1.499999999999999778 ) ) ;
#6132 = DIRECTION ( 'NONE',  ( 0.000000000000000000, -0.000000000000000000, 1.000000000000000000 ) ) ;
#6133 = ORIENTED_EDGE ( 'NONE', *, *, #3433, .F. ) ;
#6134 = EDGE_CURVE ( 'NONE', #180, #647, #6118, .T. ) ;
#6135 = LINE ( 'NONE', #3171, #5839 ) ;
#6136 = VERTEX_POINT ( 'NONE', #5041 ) ;
#6137 = ORIENTED_EDGE ( 'NONE', *, *, #3041, .F. ) ;
#6138 = ORIENTED_EDGE ( 'NONE', *, *, #3244, .T. ) ;
#6139 = DIRECTION ( 'NONE',  ( 0.000000000000000000, -1.000000000000000000, 0.000000000000000000 ) ) ;
#6140 = LINE ( 'NONE', #667, #7682 ) ;
#6141 = CARTESIAN_POINT ( 'NONE',  ( 0.3249999999999975131, 0.2000000000000000111, -1.200000000000000178 ) ) ;
#6142 = PRESENTATION_STYLE_ASSIGNMENT (( #2884 ) ) ;
#6143 = VERTEX_POINT ( 'NONE', #3157 ) ;
#6144 = EDGE_CURVE ( 'NONE', #5932, #7439, #6669, .T. ) ;
#6145 = ADVANCED_FACE ( 'NONE', ( #6236 ), #6829, .T. ) ;
#6146 = VERTEX_POINT ( 'NONE', #1307 ) ;
#6147 = EDGE_LOOP ( 'NONE', ( #4860, #3460, #4277, #1925, #1299, #2643 ) ) ;
#6148 = ADVANCED_FACE ( 'NONE', ( #3271 ), #3703, .F. ) ;
#6149 = CARTESIAN_POINT ( 'NONE',  ( 1.500000000000000222, 0.8000000000000000444, 1.499999999999999778 ) ) ;
#6150 = DIRECTION ( 'NONE',  ( 0.000000000000000000, 0.000000000000000000, 1.000000000000000000 ) ) ;
#6151 =( NAMED_UNIT ( * ) PLANE_ANGLE_UNIT ( ) SI_UNIT ( $, .RADIAN. ) );
#6152 = LINE ( 'NONE', #6710, #798 ) ;
#6153 = EDGE_LOOP ( 'NONE', ( #4234, #5169, #4213, #1978 ) ) ;
#6154 = VECTOR ( 'NONE', #7749, 1000.000000000000000 ) ;
#6155 = CARTESIAN_POINT ( 'NONE',  ( -1.499999999999999778, 0.000000000000000000, -0.1249999999999997641 ) ) ;
#6156 = CARTESIAN_POINT ( 'NONE',  ( 0.000000000000000000, 0.05000000000000000278, 0.000000000000000000 ) ) ;
#6157 = CARTESIAN_POINT ( 'NONE',  ( -1.149999999999999911, 0.000000000000000000, -0.6749999999999997113 ) ) ;
#6158 = EDGE_CURVE ( 'NONE', #7538, #5402, #4923, .T. ) ;
#6159 = VERTEX_POINT ( 'NONE', #1933 ) ;
#6160 = CIRCLE ( 'NONE', #2795, 0.1000000000000000472 ) ;
#6161 = DIRECTION ( 'NONE',  ( 0.000000000000000000, 0.000000000000000000, 1.000000000000000000 ) ) ;
#6162 = FILL_AREA_STYLE_COLOUR ( '', #3086 ) ;
#6163 = ORIENTED_EDGE ( 'NONE', *, *, #2298, .F. ) ;
#6164 = VECTOR ( 'NONE', #1615, 1000.000000000000000 ) ;
#6165 = DIRECTION ( 'NONE',  ( -0.000000000000000000, -1.000000000000000000, -0.000000000000000000 ) ) ;
#6166 = VERTEX_POINT ( 'NONE', #1385 ) ;
#6167 = FACE_OUTER_BOUND ( 'NONE', #1687, .T. ) ;
#6168 = CARTESIAN_POINT ( 'NONE',  ( 0.000000000000000000, 0.2000000000000000111, 0.000000000000000000 ) ) ;
#6169 = CARTESIAN_POINT ( 'NONE',  ( -0.3750000000000029421, 0.2000000000000000111, -1.200000000000000178 ) ) ;
#6170 = LINE ( 'NONE', #3921, #5232 ) ;
#6171 = AXIS2_PLACEMENT_3D ( 'NONE', #2776, #5171, #1596 ) ;
#6172 = ORIENTED_EDGE ( 'NONE', *, *, #1167, .F. ) ;
#6173 = ORIENTED_EDGE ( 'NONE', *, *, #6913, .T. ) ;
#6174 = PLANE ( 'NONE',  #4157 ) ;
#6175 = DIRECTION ( 'NONE',  ( 0.000000000000000000, 0.000000000000000000, 1.000000000000000000 ) ) ;
#6176 = AXIS2_PLACEMENT_3D ( 'NONE', #6618, #1849, #5417 ) ;
#6177 = FACE_OUTER_BOUND ( 'NONE', #2145, .T. ) ;
#6178 = PLANE ( 'NONE',  #6948 ) ;
#6179 = ORIENTED_EDGE ( 'NONE', *, *, #4193, .F. ) ;
#6180 = ORIENTED_EDGE ( 'NONE', *, *, #1358, .F. ) ;
#6181 = VERTEX_POINT ( 'NONE', #805 ) ;
#6182 = DIRECTION ( 'NONE',  ( 0.000000000000000000, 0.000000000000000000, 1.000000000000000000 ) ) ;
#6183 = FACE_OUTER_BOUND ( 'NONE', #972, .T. ) ;
#6184 = COLOUR_RGB ( '',0.7921568627450980005, 0.8196078431372548767, 0.9333333333333333481 ) ;
#6185 = VECTOR ( 'NONE', #5599, 1000.000000000000000 ) ;
#6186 = ADVANCED_FACE ( 'NONE', ( #4415 ), #3190, .T. ) ;
#6187 = EDGE_CURVE ( 'NONE', #4068, #5251, #3820, .T. ) ;
#6188 = EDGE_CURVE ( 'NONE', #691, #1234, #216, .T. ) ;
#6189 = CARTESIAN_POINT ( 'NONE',  ( -0.1249999999999996531, 0.2000000000000000111, 1.499999999999999778 ) ) ;
#6190 = PLANE ( 'NONE',  #4060 ) ;
#6191 = PLANE ( 'NONE',  #711 ) ;
#6192 = ORIENTED_EDGE ( 'NONE', *, *, #6968, .F. ) ;
#6193 = CIRCLE ( 'NONE', #7201, 0.1000000000000000472 ) ;
#6194 = VECTOR ( 'NONE', #5212, 1000.000000000000000 ) ;
#6195 = ORIENTED_EDGE ( 'NONE', *, *, #6939, .T. ) ;
#6196 = CARTESIAN_POINT ( 'NONE',  ( -0.6749999999999996003, 0.2000000000000000111, 1.149999999999999689 ) ) ;
#6197 = FACE_OUTER_BOUND ( 'NONE', #6329, .T. ) ;
#6198 = CIRCLE ( 'NONE', #2578, 0.04999999999999991257 ) ;
#6199 = ORIENTED_EDGE ( 'NONE', *, *, #2757, .F. ) ;
#6200 = AXIS2_PLACEMENT_3D ( 'NONE', #4334, #6708, #3742 ) ;
#6201 = DIRECTION ( 'NONE',  ( 0.000000000000000000, -0.000000000000000000, 1.000000000000000000 ) ) ;
#6202 = DIRECTION ( 'NONE',  ( 4.264528545109778674E-14, 0.000000000000000000, 1.000000000000000000 ) ) ;
#6203 = EDGE_LOOP ( 'NONE', ( #6416, #6937, #6852, #2306 ) ) ;
#6204 = CIRCLE ( 'NONE', #589, 0.04999999999999991257 ) ;
#6205 = EDGE_CURVE ( 'NONE', #2604, #7560, #6946, .T. ) ;
#6206 = DIRECTION ( 'NONE',  ( 0.000000000000000000, 0.000000000000000000, 1.000000000000000000 ) ) ;
#6207 = ORIENTED_EDGE ( 'NONE', *, *, #6769, .F. ) ;
#6208 = VECTOR ( 'NONE', #2173, 1000.000000000000000 ) ;
#6209 = CARTESIAN_POINT ( 'NONE',  ( -1.199999999999999734, 0.000000000000000000, 0.3250000000000002887 ) ) ;
#6210 = ADVANCED_FACE ( 'NONE', ( #333 ), #7718, .T. ) ;
#6211 = CARTESIAN_POINT ( 'NONE',  ( -0.3249999999999997891, 0.000000000000000000, 1.149999999999999689 ) ) ;
#6212 = PLANE ( 'NONE',  #5819 ) ;
#6213 = VERTEX_POINT ( 'NONE', #2728 ) ;
#6214 = EDGE_CURVE ( 'NONE', #2903, #5985, #7132, .T. ) ;
#6215 = LINE ( 'NONE', #902, #3101 ) ;
#6216 = ORIENTED_EDGE ( 'NONE', *, *, #26, .T. ) ;
#6217 = VECTOR ( 'NONE', #4307, 1000.000000000000000 ) ;
#6218 = VERTEX_POINT ( 'NONE', #1619 ) ;
#6219 = ORIENTED_EDGE ( 'NONE', *, *, #3662, .T. ) ;
#6220 = ORIENTED_EDGE ( 'NONE', *, *, #7114, .F. ) ;
#6221 = CYLINDRICAL_SURFACE ( 'NONE', #4673, 0.05000000000000012768 ) ;
#6222 = AXIS2_PLACEMENT_3D ( 'NONE', #6788, #2645, #1421 ) ;
#6223 = CARTESIAN_POINT ( 'NONE',  ( -1.199999999999999734, 0.2000000000000000111, -0.6749999999999997113 ) ) ;
#6224 = DIRECTION ( 'NONE',  ( 0.000000000000000000, 0.000000000000000000, 1.000000000000000000 ) ) ;
#6225 = DIRECTION ( 'NONE',  ( -0.000000000000000000, -0.000000000000000000, 1.000000000000000000 ) ) ;
#6226 = ORIENTED_EDGE ( 'NONE', *, *, #2032, .T. ) ;
#6227 = ORIENTED_EDGE ( 'NONE', *, *, #4079, .T. ) ;
#6228 = DIRECTION ( 'NONE',  ( -1.000000000000000000, 0.000000000000000000, 0.000000000000000000 ) ) ;
#6229 = CARTESIAN_POINT ( 'NONE',  ( -1.149999999999999689, 0.2000000000000000111, 0.3250000000000002887 ) ) ;
#6230 = AXIS2_PLACEMENT_3D ( 'NONE', #3739, #6072, #3775 ) ;
#6231 = CARTESIAN_POINT ( 'NONE',  ( 0.8750000000000004441, 0.2000000000000000111, 1.499999999999999778 ) ) ;
#6232 = LINE ( 'NONE', #5653, #7422 ) ;
#6233 = DIRECTION ( 'NONE',  ( 0.000000000000000000, 0.000000000000000000, 1.000000000000000000 ) ) ;
#6234 = ORIENTED_EDGE ( 'NONE', *, *, #1265, .T. ) ;
#6235 = ORIENTED_EDGE ( 'NONE', *, *, #6791, .F. ) ;
#6236 = FACE_OUTER_BOUND ( 'NONE', #4403, .T. ) ;
#6237 = EDGE_CURVE ( 'NONE', #341, #6638, #7503, .T. ) ;
#6238 = ADVANCED_FACE ( 'NONE', ( #7577 ), #4022, .F. ) ;
#6239 = EDGE_CURVE ( 'NONE', #4524, #380, #2097, .T. ) ;
#6240 = DIRECTION ( 'NONE',  ( 0.000000000000000000, -1.000000000000000000, 0.000000000000000000 ) ) ;
#6241 = CARTESIAN_POINT ( 'NONE',  ( -1.199999999999999734, 0.2000000000000000111, 0.3250000000000002887 ) ) ;
#6242 = EDGE_LOOP ( 'NONE', ( #2476, #5542, #5311, #7103 ) ) ;
#6243 = CARTESIAN_POINT ( 'NONE',  ( 0.3250000000000003997, 0.2000000000000000111, 1.199999999999999734 ) ) ;
#6244 = PLANE ( 'NONE',  #6330 ) ;
#6245 = ORIENTED_EDGE ( 'NONE', *, *, #5126, .T. ) ;
#6246 = ADVANCED_FACE ( 'NONE', ( #1174 ), #7535, .T. ) ;
#6247 = CARTESIAN_POINT ( 'NONE',  ( 1.500000000000000000, 0.2000000000000000111, -0.8750000000000003331 ) ) ;
#6248 = ORIENTED_EDGE ( 'NONE', *, *, #3593, .F. ) ;
#6249 = ORIENTED_EDGE ( 'NONE', *, *, #4508, .T. ) ;
#6250 = CARTESIAN_POINT ( 'NONE',  ( -0.8750000000000026645, 0.2000000000000000111, -1.500000000000000000 ) ) ;
#6251 = DIRECTION ( 'NONE',  ( -1.000000000000000000, 0.000000000000000000, 1.807003620809173399E-16 ) ) ;
#6252 = LINE ( 'NONE', #2698, #574 ) ;
#6253 = DIRECTION ( 'NONE',  ( 1.000000000000000000, 0.000000000000000000, 0.000000000000000000 ) ) ;
#6254 = COLOUR_RGB ( '',0.7921568627450980005, 0.8196078431372548767, 0.9333333333333333481 ) ;
#6255 = VERTEX_POINT ( 'NONE', #5160 ) ;
#6256 = ORIENTED_EDGE ( 'NONE', *, *, #310, .T. ) ;
#6257 = EDGE_CURVE ( 'NONE', #7510, #6620, #6867, .T. ) ;
#6258 = ORIENTED_EDGE ( 'NONE', *, *, #7594, .F. ) ;
#6259 = EDGE_CURVE ( 'NONE', #7666, #2503, #4526, .T. ) ;
#6260 = LINE ( 'NONE', #1370, #1159 ) ;
#6261 = VECTOR ( 'NONE', #666, 1000.000000000000000 ) ;
#6262 = CARTESIAN_POINT ( 'NONE',  ( -1.199999999999999734, 0.2000000000000000111, -0.3749999999999997780 ) ) ;
#6263 = CYLINDRICAL_SURFACE ( 'NONE', #5342, 0.04999999999999991257 ) ;
#6264 = DIRECTION ( 'NONE',  ( -3.614007241618346799E-16, 0.000000000000000000, -1.000000000000000000 ) ) ;
#6265 = ORIENTED_EDGE ( 'NONE', *, *, #7734, .F. ) ;
#6266 = DIRECTION ( 'NONE',  ( 0.000000000000000000, 1.000000000000000000, 0.000000000000000000 ) ) ;
#6267 = VERTEX_POINT ( 'NONE', #964 ) ;
#6268 = LINE ( 'NONE', #4406, #4272 ) ;
#6269 = DIRECTION ( 'NONE',  ( 0.000000000000000000, -1.000000000000000000, 0.000000000000000000 ) ) ;
#6270 = FACE_OUTER_BOUND ( 'NONE', #1149, .T. ) ;
#6271 = VERTEX_POINT ( 'NONE', #4563 ) ;
#6272 = ORIENTED_EDGE ( 'NONE', *, *, #5828, .T. ) ;
#6273 = FACE_OUTER_BOUND ( 'NONE', #1063, .T. ) ;
#6274 = FILL_AREA_STYLE_COLOUR ( '', #735 ) ;
#6275 = DIRECTION ( 'NONE',  ( 0.000000000000000000, 0.000000000000000000, 1.000000000000000000 ) ) ;
#6276 = EDGE_CURVE ( 'NONE', #5679, #2923, #5192, .T. ) ;
#6277 = PLANE ( 'NONE',  #295 ) ;
#6278 = DIRECTION ( 'NONE',  ( -1.000000000000000000, -0.000000000000000000, 4.264528545109778674E-14 ) ) ;
#6279 = LINE ( 'NONE', #4688, #6083 ) ;
#6280 = ORIENTED_EDGE ( 'NONE', *, *, #6377, .T. ) ;
#6281 = PLANE ( 'NONE',  #2733 ) ;
#6282 = VERTEX_POINT ( 'NONE', #2682 ) ;
#6283 = VECTOR ( 'NONE', #2158, 1000.000000000000000 ) ;
#6284 = EDGE_LOOP ( 'NONE', ( #2341, #4736, #6753, #6995 ) ) ;
#6285 = EDGE_CURVE ( 'NONE', #4402, #903, #6987, .T. ) ;
#6286 = EDGE_CURVE ( 'NONE', #6668, #4692, #5080, .T. ) ;
#6287 = EDGE_CURVE ( 'NONE', #6681, #4071, #346, .T. ) ;
#6288 = CARTESIAN_POINT ( 'NONE',  ( -1.199999999999999956, 0.7500000000000000000, -1.300000000000000266 ) ) ;
#6289 = LINE ( 'NONE', #3839, #3555 ) ;
#6290 = VECTOR ( 'NONE', #3031, 1000.000000000000000 ) ;
#6291 = CARTESIAN_POINT ( 'NONE',  ( -1.199999999999999734, 0.2000000000000000111, -0.6749999999999997113 ) ) ;
#6292 = DIRECTION ( 'NONE',  ( 0.000000000000000000, 1.000000000000000000, 0.000000000000000000 ) ) ;
#6293 = ORIENTED_EDGE ( 'NONE', *, *, #849, .F. ) ;
#6294 = DIRECTION ( 'NONE',  ( -1.000000000000000000, 0.000000000000000000, 0.000000000000000000 ) ) ;
#6295 = VERTEX_POINT ( 'NONE', #4493 ) ;
#6296 = ORIENTED_EDGE ( 'NONE', *, *, #7536, .F. ) ;
#6297 = MECHANICAL_DESIGN_GEOMETRIC_PRESENTATION_REPRESENTATION (  '', ( #7553 ), #5677 ) ;
#6298 = VERTEX_POINT ( 'NONE', #5737 ) ;
#6299 = EDGE_LOOP ( 'NONE', ( #7717, #1330, #4885, #6659 ) ) ;
#6300 = CARTESIAN_POINT ( 'NONE',  ( 1.199999999999999956, 0.000000000000000000, 0.6749999999999996003 ) ) ;
#6301 = DIRECTION ( 'NONE',  ( 0.000000000000000000, 0.000000000000000000, 1.000000000000000000 ) ) ;
#6302 = PLANE ( 'NONE',  #701 ) ;
#6303 = LINE ( 'NONE', #2039, #1065 ) ;
#6304 = ORIENTED_EDGE ( 'NONE', *, *, #5489, .F. ) ;
#6305 = VECTOR ( 'NONE', #6884, 1000.000000000000000 ) ;
#6306 = ORIENTED_EDGE ( 'NONE', *, *, #2798, .T. ) ;
#6307 = CARTESIAN_POINT ( 'NONE',  ( -0.6750000000000000444, 0.2000000000000000111, -0.8750000000000000000 ) ) ;
#6308 = DIRECTION ( 'NONE',  ( -1.000000000000000000, 0.000000000000000000, -0.000000000000000000 ) ) ;
#6309 = VECTOR ( 'NONE', #3410, 1000.000000000000000 ) ;
#6310 = DIRECTION ( 'NONE',  ( -1.807003620809173153E-16, 0.000000000000000000, -1.000000000000000000 ) ) ;
#6311 = CARTESIAN_POINT ( 'NONE',  ( 0.6749999999999973799, 0.2000000000000000111, -1.200000000000000178 ) ) ;
#6312 = CARTESIAN_POINT ( 'NONE',  ( 0.8249999999999975131, 0.000000000000000000, -1.200000000000000178 ) ) ;
#6313 = EDGE_LOOP ( 'NONE', ( #2704, #6760, #2021, #5412 ) ) ;
#6314 = DIRECTION ( 'NONE',  ( -1.000000000000000000, 0.000000000000000000, 0.000000000000000000 ) ) ;
#6315 = ADVANCED_FACE ( 'NONE', ( #6273 ), #3394, .F. ) ;
#6316 = AXIS2_PLACEMENT_3D ( 'NONE', #5725, #3971, #6345 ) ;
#6317 = PRESENTATION_STYLE_ASSIGNMENT (( #7620 ) ) ;
#6318 = CARTESIAN_POINT ( 'NONE',  ( -0.8250000000000027311, 0.2000000000000000111, -1.200000000000000178 ) ) ;
#6319 = VECTOR ( 'NONE', #794, 1000.000000000000000 ) ;
#6321 = DIRECTION ( 'NONE',  ( 1.807003620809173399E-16, -0.000000000000000000, 1.000000000000000000 ) ) ;
#6320 = AXIS2_PLACEMENT_3D ( 'NONE', #4007, #1684, #2979 ) ;
#6322 =( LENGTH_UNIT ( ) NAMED_UNIT ( * ) SI_UNIT ( .MILLI., .METRE. ) );
#6323 = DIRECTION ( 'NONE',  ( 0.000000000000000000, 1.000000000000000000, 0.000000000000000000 ) ) ;
#6324 = ORIENTED_EDGE ( 'NONE', *, *, #4917, .F. ) ;
#6325 = LINE ( 'NONE', #1631, #5607 ) ;
#6326 = VERTEX_POINT ( 'NONE', #5803 ) ;
#6327 = AXIS2_PLACEMENT_3D ( 'NONE', #1798, #4197, #1210 ) ;
#6328 = VECTOR ( 'NONE', #7001, 1000.000000000000000 ) ;
#6329 = EDGE_LOOP ( 'NONE', ( #3026, #1053, #6340, #2623 ) ) ;
#6330 = AXIS2_PLACEMENT_3D ( 'NONE', #176, #6087, #3198 ) ;
#6331 = DIRECTION ( 'NONE',  ( 0.000000000000000000, -1.000000000000000000, 0.000000000000000000 ) ) ;
#6332 = DIRECTION ( 'NONE',  ( 0.000000000000000000, -0.000000000000000000, 1.000000000000000000 ) ) ;
#6333 = DIRECTION ( 'NONE',  ( -1.000000000000000000, -0.000000000000000000, 4.264528545109778674E-14 ) ) ;
#6334 = FACE_OUTER_BOUND ( 'NONE', #7350, .T. ) ;
#6335 = DIRECTION ( 'NONE',  ( 1.000000000000000000, 0.000000000000000000, -1.807003620809173399E-16 ) ) ;
#6336 = EDGE_CURVE ( 'NONE', #2650, #180, #5237, .T. ) ;
#6337 = EDGE_CURVE ( 'NONE', #1398, #199, #7724, .T. ) ;
#6338 = EDGE_CURVE ( 'NONE', #3855, #5721, #707, .T. ) ;
#6339 =( GEOMETRIC_REPRESENTATION_CONTEXT ( 3 ) GLOBAL_UNCERTAINTY_ASSIGNED_CONTEXT ( ( #725 ) ) GLOBAL_UNIT_ASSIGNED_CONTEXT ( ( #7509, #5284, #3324 ) ) REPRESENTATION_CONTEXT ( 'NONE', 'WORKASPACE' ) );
#6340 = ORIENTED_EDGE ( 'NONE', *, *, #1313, .F. ) ;
#6341 = VERTEX_POINT ( 'NONE', #5521 ) ;
#6342 = CARTESIAN_POINT ( 'NONE',  ( 1.500000000000000000, 0.2000000000000000111, -0.8750000000000003331 ) ) ;
#6343 = FILL_AREA_STYLE_COLOUR ( '', #5062 ) ;
#6344 = CARTESIAN_POINT ( 'NONE',  ( -0.1749999999999996281, 0.000000000000000000, 1.149999999999999689 ) ) ;
#6345 = DIRECTION ( 'NONE',  ( 0.000000000000000000, 0.000000000000000000, -1.000000000000000000 ) ) ;
#6346 = VECTOR ( 'NONE', #6802, 1000.000000000000000 ) ;
#6347 = VERTEX_POINT ( 'NONE', #4902 ) ;
#6348 = CARTESIAN_POINT ( 'NONE',  ( -0.6750000000000024869, 0.000000000000000000, -1.200000000000000178 ) ) ;
#6349 = FACE_OUTER_BOUND ( 'NONE', #2553, .T. ) ;
#6350 = VECTOR ( 'NONE', #3602, 1000.000000000000000 ) ;
#6351 = CARTESIAN_POINT ( 'NONE',  ( -1.199999999999999956, 0.2000000000000000111, -0.6249999999999998890 ) ) ;
#6352 = CARTESIAN_POINT ( 'NONE',  ( -0.3749999999999679146, 0.05000000000000000278, 1.084202172485411980E-14 ) ) ;
#6353 = DIRECTION ( 'NONE',  ( 0.000000000000000000, 0.000000000000000000, 1.000000000000000000 ) ) ;
#6354 = ORIENTED_EDGE ( 'NONE', *, *, #3779, .F. ) ;
#6355 = ORIENTED_EDGE ( 'NONE', *, *, #7069, .F. ) ;
#6356 = CARTESIAN_POINT ( 'NONE',  ( 1.500000000000000000, 0.2000000000000000111, -0.3750000000000003331 ) ) ;
#6357 = VECTOR ( 'NONE', #2374, 1000.000000000000000 ) ;
#6358 = PRESENTATION_STYLE_ASSIGNMENT (( #7025 ) ) ;
#6359 = DIRECTION ( 'NONE',  ( -0.000000000000000000, -1.000000000000000000, -0.000000000000000000 ) ) ;
#6360 = ADVANCED_FACE ( 'NONE', ( #4361 ), #6650, .F. ) ;
#6361 = AXIS2_PLACEMENT_3D ( 'NONE', #3068, #3508, #4760 ) ;
#6362 = EDGE_CURVE ( 'NONE', #1030, #5945, #1801, .T. ) ;
#6363 = LINE ( 'NONE', #3362, #7673 ) ;
#6364 = CARTESIAN_POINT ( 'NONE',  ( -0.8750000000000000000, 0.2000000000000000111, -0.6750000000000000444 ) ) ;
#6365 =( NAMED_UNIT ( * ) SI_UNIT ( $, .STERADIAN. ) SOLID_ANGLE_UNIT ( ) );
#6366 = ORIENTED_EDGE ( 'NONE', *, *, #6188, .F. ) ;
#6367 = LINE ( 'NONE', #5286, #97 ) ;
#6368 = EDGE_LOOP ( 'NONE', ( #7048, #3296, #3536, #6975 ) ) ;
#6369 = EDGE_LOOP ( 'NONE', ( #1578, #5797, #6486, #762 ) ) ;
#6370 = LINE ( 'NONE', #6883, #2719 ) ;
#6371 = FACE_OUTER_BOUND ( 'NONE', #2047, .T. ) ;
#6372 = CARTESIAN_POINT ( 'NONE',  ( 0.1750000000000002109, 0.2000000000000000111, 1.199999999999999734 ) ) ;
#6373 = CARTESIAN_POINT ( 'NONE',  ( -1.199999999999999512, 0.04999999999999999584, 0.6750000000000001554 ) ) ;
#6374 = CYLINDRICAL_SURFACE ( 'NONE', #6470, 0.04999999999999991257 ) ;
#6375 = ORIENTED_EDGE ( 'NONE', *, *, #7053, .T. ) ;
#6376 = LINE ( 'NONE', #5177, #410 ) ;
#6377 = EDGE_CURVE ( 'NONE', #4184, #6909, #4107, .T. ) ;
#6378 = CARTESIAN_POINT ( 'NONE',  ( -0.8249999999999997335, 0.2000000000000000111, 1.149999999999999689 ) ) ;
#6379 = VECTOR ( 'NONE', #1033, 1000.000000000000000 ) ;
#6380 = DIRECTION ( 'NONE',  ( 0.000000000000000000, 1.000000000000000000, 0.000000000000000000 ) ) ;
#6381 = DIRECTION ( 'NONE',  ( 0.000000000000000000, 0.000000000000000000, 1.000000000000000000 ) ) ;
#6382 = EDGE_LOOP ( 'NONE', ( #7413, #2147, #1923, #6445 ) ) ;
#6383 = VERTEX_POINT ( 'NONE', #5983 ) ;
#6384 = DIRECTION ( 'NONE',  ( 3.614007241618346306E-16, -0.000000000000000000, 1.000000000000000000 ) ) ;
#6385 = CARTESIAN_POINT ( 'NONE',  ( 0.3250000000000003997, 0.04999999999999999584, 1.149999999999999689 ) ) ;
#6386 = VECTOR ( 'NONE', #4557, 1000.000000000000000 ) ;
#6387 = VERTEX_POINT ( 'NONE', #2468 ) ;
#6388 = DIRECTION ( 'NONE',  ( 0.000000000000000000, 0.000000000000000000, 1.000000000000000000 ) ) ;
#6389 = ADVANCED_FACE ( 'NONE', ( #625 ), #5376, .F. ) ;
#6390 = DIRECTION ( 'NONE',  ( -1.000000000000000000, -0.000000000000000000, -0.000000000000000000 ) ) ;
#6391 = EDGE_CURVE ( 'NONE', #4035, #5522, #39, .T. ) ;
#6392 = EDGE_CURVE ( 'NONE', #4421, #2394, #6611, .T. ) ;
#6393 = DIRECTION ( 'NONE',  ( 0.000000000000000000, -1.000000000000000000, 0.000000000000000000 ) ) ;
#6394 = ORIENTED_EDGE ( 'NONE', *, *, #6115, .T. ) ;
#6395 = ORIENTED_EDGE ( 'NONE', *, *, #697, .T. ) ;
#6396 = VECTOR ( 'NONE', #1066, 1000.000000000000000 ) ;
#6397 = DIRECTION ( 'NONE',  ( 0.000000000000000000, -0.000000000000000000, 1.000000000000000000 ) ) ;
#6398 = LINE ( 'NONE', #3430, #4516 ) ;
#6399 = LINE ( 'NONE', #2330, #4216 ) ;
#6400 = UNCERTAINTY_MEASURE_WITH_UNIT (LENGTH_MEASURE( 1.000000000000000082E-05 ), #4601, 'distance_accuracy_value', 'NONE');
#6401 = CARTESIAN_POINT ( 'NONE',  ( 1.199999999999999956, 0.04999999999999999584, -0.6250000000000003331 ) ) ;
#6402 = LINE ( 'NONE', #6480, #60 ) ;
#6403 = DIRECTION ( 'NONE',  ( 0.000000000000000000, 0.000000000000000000, 1.000000000000000000 ) ) ;
#6404 = ORIENTED_EDGE ( 'NONE', *, *, #530, .T. ) ;
#6405 = CARTESIAN_POINT ( 'NONE',  ( -1.499999999999999556, 0.2000000000000000111, 0.6250000000000003331 ) ) ;
#6406 = ORIENTED_EDGE ( 'NONE', *, *, #6767, .F. ) ;
#6407 = ADVANCED_FACE ( 'NONE', ( #661 ), #2389, .F. ) ;
#6408 = ORIENTED_EDGE ( 'NONE', *, *, #5783, .F. ) ;
#6409 = CARTESIAN_POINT ( 'NONE',  ( -1.500000000000000000, 0.2000000000000000111, -0.6249999999999996669 ) ) ;
#6410 = CARTESIAN_POINT ( 'NONE',  ( -0.1749999999999996281, 0.2000000000000000111, 1.149999999999999689 ) ) ;
#6411 = CARTESIAN_POINT ( 'NONE',  ( -0.8750000000000000000, 0.2000000000000000111, 0.8750000000000000000 ) ) ;
#6412 = CARTESIAN_POINT ( 'NONE',  ( 0.3750000000000003331, 0.2000000000000000111, 1.499999999999999778 ) ) ;
#6413 = ORIENTED_EDGE ( 'NONE', *, *, #1892, .F. ) ;
#6414 = CIRCLE ( 'NONE', #3925, 0.05000000000000012768 ) ;
#6415 = CARTESIAN_POINT ( 'NONE',  ( 0.8250000000000003997, 0.2000000000000000111, 1.149999999999999689 ) ) ;
#6416 = ORIENTED_EDGE ( 'NONE', *, *, #773, .T. ) ;
#6417 = VECTOR ( 'NONE', #1857, 1000.000000000000000 ) ;
#6418 = DIRECTION ( 'NONE',  ( -0.000000000000000000, -1.000000000000000000, -0.000000000000000000 ) ) ;
#6419 = DIRECTION ( 'NONE',  ( 0.000000000000000000, 0.000000000000000000, 1.000000000000000000 ) ) ;
#6420 = DIRECTION ( 'NONE',  ( -1.000000000000000000, 0.000000000000000000, 0.000000000000000000 ) ) ;
#6421 = LINE ( 'NONE', #1057, #1321 ) ;
#6422 = ORIENTED_EDGE ( 'NONE', *, *, #1127, .F. ) ;
#6423 = EDGE_LOOP ( 'NONE', ( #6945, #5384, #4906, #7568 ) ) ;
#6424 = VERTEX_POINT ( 'NONE', #4242 ) ;
#6425 = VECTOR ( 'NONE', #5233, 1000.000000000000000 ) ;
#6426 = PRESENTATION_STYLE_ASSIGNMENT (( #5760 ) ) ;
#6427 = DIRECTION ( 'NONE',  ( -0.000000000000000000, -1.000000000000000000, -0.000000000000000000 ) ) ;
#6428 = ORIENTED_EDGE ( 'NONE', *, *, #3872, .F. ) ;
#6429 = CARTESIAN_POINT ( 'NONE',  ( -0.3249999999999997891, 0.000000000000000000, 1.199999999999999734 ) ) ;
#6430 = FACE_OUTER_BOUND ( 'NONE', #4245, .T. ) ;
#6431 = AXIS2_PLACEMENT_3D ( 'NONE', #6645, #4818, #5516 ) ;
#6432 = CARTESIAN_POINT ( 'NONE',  ( 0.6250000000000004441, 0.2000000000000000111, 1.499999999999999778 ) ) ;
#6433 = VERTEX_POINT ( 'NONE', #4823 ) ;
#6434 = FILL_AREA_STYLE ('',( #6274 ) ) ;
#6435 = LINE ( 'NONE', #5845, #7139 ) ;
#6436 = ADVANCED_FACE ( 'NONE', ( #1956 ), #3645, .T. ) ;
#6437 = ADVANCED_FACE ( 'NONE', ( #79 ), #5486, .F. ) ;
#6438 = ADVANCED_FACE ( 'NONE', ( #1875 ), #2504, .T. ) ;
#6439 = DIRECTION ( 'NONE',  ( -0.000000000000000000, -0.000000000000000000, 1.000000000000000000 ) ) ;
#6440 = LINE ( 'NONE', #5807, #3547 ) ;
#6441 = CIRCLE ( 'NONE', #3327, 0.04999999999999991257 ) ;
#6442 = VECTOR ( 'NONE', #1335, 1000.000000000000000 ) ;
#6443 = VERTEX_POINT ( 'NONE', #6059 ) ;
#6444 = DIRECTION ( 'NONE',  ( 0.000000000000000000, -0.000000000000000000, 1.000000000000000000 ) ) ;
#6445 = ORIENTED_EDGE ( 'NONE', *, *, #2879, .T. ) ;
#6446 = PRESENTATION_LAYER_ASSIGNMENT (  '', '', ( #566 ) ) ;
#6447 = ORIENTED_EDGE ( 'NONE', *, *, #4627, .F. ) ;
#6448 = VECTOR ( 'NONE', #6055, 1000.000000000000000 ) ;
#6449 = DIRECTION ( 'NONE',  ( -1.000000000000000000, 0.000000000000000000, 0.000000000000000000 ) ) ;
#6450 = CARTESIAN_POINT ( 'NONE',  ( 1.149999999999999911, 0.2000000000000000111, 0.8249999999999997335 ) ) ;
#6451 = CARTESIAN_POINT ( 'NONE',  ( -0.3750000000000112688, 0.2000000000000000111, -1.500000000000000000 ) ) ;
#6452 = CARTESIAN_POINT ( 'NONE',  ( -1.499999999999999556, 0.2000000000000000111, 0.8750000000000003331 ) ) ;
#6453 = EDGE_LOOP ( 'NONE', ( #633, #3404, #1777, #150, #1249, #5492, #1367, #460, #4093, #5408, #7484, #6687, #5694, #795, #6047, #7361, #3864, #6109, #6258, #7172 ) ) ;
#6454 = VECTOR ( 'NONE', #1171, 1000.000000000000000 ) ;
#6455 = AXIS2_PLACEMENT_3D ( 'NONE', #2559, #6591, #637 ) ;
#6456 = CARTESIAN_POINT ( 'NONE',  ( 0.6250000000000004441, 0.000000000000000000, 1.499999999999999778 ) ) ;
#6457 = AXIS2_PLACEMENT_3D ( 'NONE', #854, #4970, #1982 ) ;
#6458 = VECTOR ( 'NONE', #1635, 1000.000000000000000 ) ;
#6459 = CARTESIAN_POINT ( 'NONE',  ( 0.1749999999999973244, 0.04999999999999999584, -1.149999999999999467 ) ) ;
#6460 = ADVANCED_FACE ( 'NONE', ( #1288 ), #3137, .T. ) ;
#6461 = CARTESIAN_POINT ( 'NONE',  ( -0.8250000000000027311, 0.2000000000000000111, -1.200000000000000178 ) ) ;
#6462 = CARTESIAN_POINT ( 'NONE',  ( 0.6249999999999713562, 0.2000000000000000111, -1.500000000000000000 ) ) ;
#6463 = DIRECTION ( 'NONE',  ( -0.000000000000000000, -1.000000000000000000, -0.000000000000000000 ) ) ;
#6464 = VERTEX_POINT ( 'NONE', #3726 ) ;
#6465 = ORIENTED_EDGE ( 'NONE', *, *, #6870, .F. ) ;
#6466 = CIRCLE ( 'NONE', #4355, 0.04999999999999980849 ) ;
#6467 = DIRECTION ( 'NONE',  ( 0.000000000000000000, -1.000000000000000000, 0.000000000000000000 ) ) ;
#6468 = ORIENTED_EDGE ( 'NONE', *, *, #3118, .F. ) ;
#6469 = CARTESIAN_POINT ( 'NONE',  ( 1.149999999999999911, 0.2000000000000000111, 0.1749999999999996558 ) ) ;
#6470 = AXIS2_PLACEMENT_3D ( 'NONE', #4001, #1640, #4040 ) ;
#6471 = FACE_OUTER_BOUND ( 'NONE', #3895, .T. ) ;
#6472 = FACE_OUTER_BOUND ( 'NONE', #3036, .T. ) ;
#6473 = SURFACE_STYLE_USAGE ( .BOTH. , #5960 ) ;
#6474 = CARTESIAN_POINT ( 'NONE',  ( -1.199999999999999512, 0.04999999999999999584, 0.8250000000000002887 ) ) ;
#6475 = VECTOR ( 'NONE', #6165, 1000.000000000000000 ) ;
#6476 = LINE ( 'NONE', #1703, #827 ) ;
#6477 = DIRECTION ( 'NONE',  ( 0.000000000000000000, 0.000000000000000000, 1.000000000000000000 ) ) ;
#6478 =( GEOMETRIC_REPRESENTATION_CONTEXT ( 3 ) GLOBAL_UNCERTAINTY_ASSIGNED_CONTEXT ( ( #4954 ) ) GLOBAL_UNIT_ASSIGNED_CONTEXT ( ( #5844, #6908, #374 ) ) REPRESENTATION_CONTEXT ( 'NONE', 'WORKASPACE' ) );
#6479 = EDGE_CURVE ( 'NONE', #2051, #2074, #149, .T. ) ;
#6480 = CARTESIAN_POINT ( 'NONE',  ( -0.6249999999999995559, 0.2000000000000000111, 1.499999999999999778 ) ) ;
#6481 = EDGE_CURVE ( 'NONE', #7256, #3736, #3212, .T. ) ;
#6482 = EDGE_CURVE ( 'NONE', #3083, #3886, #4393, .T. ) ;
#6483 = CARTESIAN_POINT ( 'NONE',  ( 1.149999999999999911, 0.000000000000000000, 0.6749999999999996003 ) ) ;
#6484 = ORIENTED_EDGE ( 'NONE', *, *, #4678, .T. ) ;
#6485 = LINE ( 'NONE', #5137, #353 ) ;
#6486 = ORIENTED_EDGE ( 'NONE', *, *, #3566, .T. ) ;
#6487 = STYLED_ITEM ( 'NONE', ( #5465 ), #7460 ) ;
#6489 = ORIENTED_EDGE ( 'NONE', *, *, #3503, .T. ) ;
#6488 = EDGE_LOOP ( 'NONE', ( #5833, #3450, #2546, #2618 ) ) ;
#6490 = DIRECTION ( 'NONE',  ( -0.000000000000000000, -0.000000000000000000, -1.000000000000000000 ) ) ;
#6491 = EDGE_CURVE ( 'NONE', #6887, #4286, #6135, .T. ) ;
#6492 = DIRECTION ( 'NONE',  ( 0.000000000000000000, 1.000000000000000000, 0.000000000000000000 ) ) ;
#6493 = EDGE_CURVE ( 'NONE', #7588, #7136, #3336, .T. ) ;
#6494 = DIRECTION ( 'NONE',  ( 0.000000000000000000, 0.000000000000000000, 1.000000000000000000 ) ) ;
#6495 = CARTESIAN_POINT ( 'NONE',  ( 1.199999999999999956, 0.04999999999999999584, 0.6749999999999996003 ) ) ;
#6496 = DIRECTION ( 'NONE',  ( 0.000000000000000000, -1.000000000000000000, 0.000000000000000000 ) ) ;
#6497 = CARTESIAN_POINT ( 'NONE',  ( -0.6250000000000026645, 0.2000000000000000111, -1.500000000000000000 ) ) ;
#6498 = CARTESIAN_POINT ( 'NONE',  ( -0.3250000000000026756, 0.2000000000000000111, -1.200000000000000178 ) ) ;
#6499 = DIRECTION ( 'NONE',  ( -1.000000000000000000, -0.000000000000000000, 1.807003620809173153E-16 ) ) ;
#6500 = DIRECTION ( 'NONE',  ( 0.000000000000000000, -1.000000000000000000, 0.000000000000000000 ) ) ;
#6501 = ORIENTED_EDGE ( 'NONE', *, *, #2714, .F. ) ;
#6502 = DIRECTION ( 'NONE',  ( 0.000000000000000000, 0.000000000000000000, 1.000000000000000000 ) ) ;
#6503 = ADVANCED_FACE ( 'NONE', ( #1439 ), #7480, .T. ) ;
#6504 = VERTEX_POINT ( 'NONE', #5556 ) ;
#6505 = PLANE ( 'NONE',  #5159 ) ;
#6506 = CLOSED_SHELL ( 'NONE', ( #2514, #641, #6615, #6438, #3315, #4876, #2780, #1656 ) ) ;
#6507 = LINE ( 'NONE', #3540, #2177 ) ;
#6508 =( NAMED_UNIT ( * ) SI_UNIT ( $, .STERADIAN. ) SOLID_ANGLE_UNIT ( ) );
#6509 = EDGE_LOOP ( 'NONE', ( #5093, #4951, #1535, #910 ) ) ;
#6510 = ORIENTED_EDGE ( 'NONE', *, *, #891, .T. ) ;
#6511 = DIRECTION ( 'NONE',  ( 0.000000000000000000, 0.000000000000000000, 1.000000000000000000 ) ) ;
#6512 = CIRCLE ( 'NONE', #5639, 0.04999999999999991257 ) ;
#6513 = DIRECTION ( 'NONE',  ( -0.000000000000000000, -0.000000000000000000, -1.000000000000000000 ) ) ;
#6514 = DIRECTION ( 'NONE',  ( 1.000000000000000000, -0.000000000000000000, 0.000000000000000000 ) ) ;
#6515 = VECTOR ( 'NONE', #2792, 1000.000000000000000 ) ;
#6516 = CYLINDRICAL_SURFACE ( 'NONE', #4476, 0.04999999999999980849 ) ;
#6517 = VERTEX_POINT ( 'NONE', #2155 ) ;
#6518 = CARTESIAN_POINT ( 'NONE',  ( -0.1749999999999996281, 0.04999999999999999584, 1.149999999999999689 ) ) ;
#6519 = ORIENTED_EDGE ( 'NONE', *, *, #988, .T. ) ;
#6520 = CARTESIAN_POINT ( 'NONE',  ( -0.6749999999999996003, 0.2000000000000000111, 1.199999999999999734 ) ) ;
#6521 = LINE ( 'NONE', #1161, #4324 ) ;
#6522 = DIRECTION ( 'NONE',  ( 0.000000000000000000, -0.000000000000000000, 1.000000000000000000 ) ) ;
#6523 = CARTESIAN_POINT ( 'NONE',  ( -1.499999999999999778, 0.2000000000000000111, 0.1250000000000002498 ) ) ;
#6524 = CYLINDRICAL_SURFACE ( 'NONE', #6849, 0.04999999999999991257 ) ;
#6525 = EDGE_LOOP ( 'NONE', ( #953, #6406, #2222, #7571 ) ) ;
#6526 = EDGE_CURVE ( 'NONE', #3085, #6341, #2115, .T. ) ;
#6527 = ADVANCED_FACE ( 'NONE', ( #6888 ), #2071, .F. ) ;
#6528 = EDGE_CURVE ( 'NONE', #7135, #5834, #4979, .T. ) ;
#6529 = DIRECTION ( 'NONE',  ( -0.000000000000000000, -1.000000000000000000, -0.000000000000000000 ) ) ;
#6530 = CARTESIAN_POINT ( 'NONE',  ( 0.8250000000000003997, 0.2000000000000000111, 1.199999999999999734 ) ) ;
#6531 = CIRCLE ( 'NONE', #4794, 0.04999999999999991257 ) ;
#6532 = PLANE ( 'NONE',  #1196 ) ;
#6533 = DIRECTION ( 'NONE',  ( 0.000000000000000000, 0.000000000000000000, 1.000000000000000000 ) ) ;
#6534 = ORIENTED_EDGE ( 'NONE', *, *, #2680, .T. ) ;
#6535 = CARTESIAN_POINT ( 'NONE',  ( 1.500000000000000000, 0.2000000000000000111, 0.1249999999999997363 ) ) ;
#6536 = ORIENTED_EDGE ( 'NONE', *, *, #5718, .T. ) ;
#6537 = ORIENTED_EDGE ( 'NONE', *, *, #4441, .F. ) ;
#6538 = ORIENTED_EDGE ( 'NONE', *, *, #1099, .F. ) ;
#6539 = AXIS2_PLACEMENT_3D ( 'NONE', #7736, #3546, #6551 ) ;
#6540 = ORIENTED_EDGE ( 'NONE', *, *, #3254, .T. ) ;
#6541 = DIRECTION ( 'NONE',  ( -1.000000000000000000, 0.000000000000000000, 0.000000000000000000 ) ) ;
#6542 = LINE ( 'NONE', #7652, #2420 ) ;
#6543 = DIRECTION ( 'NONE',  ( 0.000000000000000000, -0.000000000000000000, 1.000000000000000000 ) ) ;
#6544 = ORIENTED_EDGE ( 'NONE', *, *, #2276, .T. ) ;
#6545 = VECTOR ( 'NONE', #1774, 1000.000000000000000 ) ;
#6546 = VERTEX_POINT ( 'NONE', #4545 ) ;
#6547 = CARTESIAN_POINT ( 'NONE',  ( -0.1749999999999996281, 0.2000000000000000111, 1.149999999999999689 ) ) ;
#6548 = CARTESIAN_POINT ( 'NONE',  ( 1.499999999999997780, 0.2000000000000000111, 0.6249999999999765743 ) ) ;
#6549 = LINE ( 'NONE', #446, #962 ) ;
#6550 = UNCERTAINTY_MEASURE_WITH_UNIT (LENGTH_MEASURE( 1.000000000000000082E-05 ), #6657, 'distance_accuracy_value', 'NONE');
#6551 = DIRECTION ( 'NONE',  ( 0.000000000000000000, 0.000000000000000000, 1.000000000000000000 ) ) ;
#6552 = EDGE_CURVE ( 'NONE', #7684, #5522, #3883, .T. ) ;
#6553 = DIRECTION ( 'NONE',  ( 0.000000000000000000, -0.000000000000000000, 1.000000000000000000 ) ) ;
#6554 = AXIS2_PLACEMENT_3D ( 'NONE', #5895, #538, #1237 ) ;
#6555 = FACE_OUTER_BOUND ( 'NONE', #842, .T. ) ;
#6556 = ORIENTED_EDGE ( 'NONE', *, *, #2159, .F. ) ;
#6557 = DIRECTION ( 'NONE',  ( -1.000000000000000000, 0.000000000000000000, 3.614007241618346799E-16 ) ) ;
#6558 = DIRECTION ( 'NONE',  ( -0.000000000000000000, -1.000000000000000000, -0.000000000000000000 ) ) ;
#6559 = CARTESIAN_POINT ( 'NONE',  ( 0.1749999999999973244, 0.2000000000000000111, -1.149999999999999467 ) ) ;
#6560 = LINE ( 'NONE', #5973, #5343 ) ;
#6561 = ORIENTED_EDGE ( 'NONE', *, *, #5088, .T. ) ;
#6562 = LINE ( 'NONE', #3559, #3860 ) ;
#6563 = AXIS2_PLACEMENT_3D ( 'NONE', #1810, #120, #6107 ) ;
#6564 = AXIS2_PLACEMENT_3D ( 'NONE', #3098, #3607, #4938 ) ;
#6565 = DIRECTION ( 'NONE',  ( -0.000000000000000000, -1.000000000000000000, -0.000000000000000000 ) ) ;
#6566 = AXIS2_PLACEMENT_3D ( 'NONE', #2423, #7204, #1836 ) ;
#6567 = DIRECTION ( 'NONE',  ( 0.000000000000000000, 0.000000000000000000, -1.000000000000000000 ) ) ;
#6568 = CIRCLE ( 'NONE', #2959, 0.04999999999999991257 ) ;
#6569 = LINE ( 'NONE', #4160, #3706 ) ;
#6570 = CARTESIAN_POINT ( 'NONE',  ( 0.8749999999999713562, 0.000000000000000000, -1.500000000000000000 ) ) ;
#6571 = ORIENTED_EDGE ( 'NONE', *, *, #1934, .F. ) ;
#6572 = EDGE_CURVE ( 'NONE', #1177, #7196, #2583, .T. ) ;
#6573 = EDGE_CURVE ( 'NONE', #660, #618, #1518, .T. ) ;
#6574 = EDGE_CURVE ( 'NONE', #6213, #6020, #6215, .T. ) ;
#6575 = CARTESIAN_POINT ( 'NONE',  ( -1.199999999999999734, 0.04999999999999999584, 0.3250000000000002887 ) ) ;
#6576 = ORIENTED_EDGE ( 'NONE', *, *, #2179, .T. ) ;
#6577 = ORIENTED_EDGE ( 'NONE', *, *, #7447, .T. ) ;
#6578 = VECTOR ( 'NONE', #7309, 1000.000000000000000 ) ;
#6579 = AXIS2_PLACEMENT_3D ( 'NONE', #1828, #2415, #4809 ) ;
#6580 = VERTEX_POINT ( 'NONE', #5719 ) ;
#6581 = CARTESIAN_POINT ( 'NONE',  ( 1.500000000000000000, 0.2000000000000000111, 0.1249999999999997363 ) ) ;
#6582 = DIRECTION ( 'NONE',  ( 0.000000000000000000, 0.000000000000000000, -1.000000000000000000 ) ) ;
#6583 =( LENGTH_UNIT ( ) NAMED_UNIT ( * ) SI_UNIT ( .MILLI., .METRE. ) );
#6584 = ORIENTED_EDGE ( 'NONE', *, *, #2933, .F. ) ;
#6585 = CIRCLE ( 'NONE', #7595, 0.05000000000000012768 ) ;
#6586 = ORIENTED_EDGE ( 'NONE', *, *, #654, .T. ) ;
#6587 = DIRECTION ( 'NONE',  ( -0.000000000000000000, -0.000000000000000000, 1.000000000000000000 ) ) ;
#6588 = DIRECTION ( 'NONE',  ( -3.614007241618346799E-16, 0.000000000000000000, -1.000000000000000000 ) ) ;
#6589 = CARTESIAN_POINT ( 'NONE',  ( -1.149999999999999689, 0.2000000000000000111, -0.3249999999999999001 ) ) ;
#6590 = AXIS2_PLACEMENT_3D ( 'NONE', #6535, #2763, #1582 ) ;
#6591 = DIRECTION ( 'NONE',  ( 0.000000000000000000, 1.000000000000000000, 0.000000000000000000 ) ) ;
#6592 = DIRECTION ( 'NONE',  ( 0.000000000000000000, -1.000000000000000000, 0.000000000000000000 ) ) ;
#6593 = CARTESIAN_POINT ( 'NONE',  ( -0.6749999999999996003, 0.2000000000000000111, 1.149999999999999689 ) ) ;
#6594 = VECTOR ( 'NONE', #1206, 1000.000000000000000 ) ;
#6595 = FACE_OUTER_BOUND ( 'NONE', #3100, .T. ) ;
#6596 = EDGE_CURVE ( 'NONE', #1177, #3444, #306, .T. ) ;
#6597 = EDGE_CURVE ( 'NONE', #4662, #320, #6170, .T. ) ;
#6598 = VERTEX_POINT ( 'NONE', #5601 ) ;
#6599 = CARTESIAN_POINT ( 'NONE',  ( -0.3250000000000026756, 0.2000000000000000111, -1.149999999999999467 ) ) ;
#6600 = CARTESIAN_POINT ( 'NONE',  ( -1.499999999999999778, 0.04999999999999969746, 1.499999999999999778 ) ) ;
#6601 = LINE ( 'NONE', #2928, #1958 ) ;
#6602 = CARTESIAN_POINT ( 'NONE',  ( -1.499999999999999556, 0.2000000000000000111, 0.6250000000000003331 ) ) ;
#6603 = ORIENTED_EDGE ( 'NONE', *, *, #7250, .F. ) ;
#6604 = CARTESIAN_POINT ( 'NONE',  ( -1.499999999999999778, 0.2000000000000000111, -0.1249999999999997641 ) ) ;
#6605 = VECTOR ( 'NONE', #7220, 1000.000000000000000 ) ;
#6606 = CYLINDRICAL_SURFACE ( 'NONE', #5174, 0.04999999999999980849 ) ;
#6607 = DIRECTION ( 'NONE',  ( 0.000000000000000000, 0.000000000000000000, 1.000000000000000000 ) ) ;
#6608 = FACE_OUTER_BOUND ( 'NONE', #4939, .T. ) ;
#6609 = DIRECTION ( 'NONE',  ( 0.000000000000000000, 1.000000000000000000, 0.000000000000000000 ) ) ;
#6610 = ORIENTED_EDGE ( 'NONE', *, *, #2566, .F. ) ;
#6611 = LINE ( 'NONE', #7321, #1214 ) ;
#6612 = ORIENTED_EDGE ( 'NONE', *, *, #1222, .T. ) ;
#6613 = ORIENTED_EDGE ( 'NONE', *, *, #5728, .F. ) ;
#6614 = ORIENTED_EDGE ( 'NONE', *, *, #6259, .T. ) ;
#6615 = ADVANCED_FACE ( 'NONE', ( #2703 ), #5056, .F. ) ;
#6616 = LINE ( 'NONE', #4790, #2393 ) ;
#6617 =( NAMED_UNIT ( * ) PLANE_ANGLE_UNIT ( ) SI_UNIT ( $, .RADIAN. ) );
#6618 = CARTESIAN_POINT ( 'NONE',  ( 1.199999999999999956, 0.2000000000000000111, 0.3249999999999998446 ) ) ;
#6619 = VERTEX_POINT ( 'NONE', #230 ) ;
#6620 = VERTEX_POINT ( 'NONE', #2622 ) ;
#6621 = FILL_AREA_STYLE_COLOUR ( '', #4000 ) ;
#6622 = DIRECTION ( 'NONE',  ( -1.000000000000000000, 0.000000000000000000, 0.000000000000000000 ) ) ;
#6623 = CIRCLE ( 'NONE', #7380, 0.04999999999999991257 ) ;
#6624 = EDGE_CURVE ( 'NONE', #6255, #843, #941, .T. ) ;
#6625 = ADVANCED_FACE ( 'NONE', ( #2747 ), #6374, .F. ) ;
#6626 = DIRECTION ( 'NONE',  ( 0.000000000000000000, 1.000000000000000000, 0.000000000000000000 ) ) ;
#6627 = EDGE_CURVE ( 'NONE', #4190, #1260, #1134, .T. ) ;
#6628 = DIRECTION ( 'NONE',  ( 0.000000000000000000, 0.000000000000000000, 1.000000000000000000 ) ) ;
#6629 = CIRCLE ( 'NONE', #513, 0.04999999999999980849 ) ;
#6630 = CARTESIAN_POINT ( 'NONE',  ( 1.199999999999999956, 0.000000000000000000, -0.3750000000000002776 ) ) ;
#6631 = ORIENTED_EDGE ( 'NONE', *, *, #2855, .T. ) ;
#6632 = VERTEX_POINT ( 'NONE', #4702 ) ;
#6633 = AXIS2_PLACEMENT_3D ( 'NONE', #6231, #365, #2600 ) ;
#6634 = CARTESIAN_POINT ( 'NONE',  ( -1.199999999999999734, 0.04999999999999999584, -0.3749999999999997780 ) ) ;
#6635 = FACE_OUTER_BOUND ( 'NONE', #6110, .T. ) ;
#6636 = EDGE_CURVE ( 'NONE', #6424, #3441, #505, .T. ) ;
#6637 = PLANE ( 'NONE',  #2458 ) ;
#6638 = VERTEX_POINT ( 'NONE', #7125 ) ;
#6639 = LINE ( 'NONE', #7746, #2580 ) ;
#6640 = ORIENTED_EDGE ( 'NONE', *, *, #7520, .F. ) ;
#6641 = ADVANCED_FACE ( 'NONE', ( #388 ), #5899, .T. ) ;
#6642 = DIRECTION ( 'NONE',  ( 0.000000000000000000, -1.000000000000000000, 0.000000000000000000 ) ) ;
#6643 = ORIENTED_EDGE ( 'NONE', *, *, #4728, .F. ) ;
#6644 = CARTESIAN_POINT ( 'NONE',  ( 0.6749999999999973799, 0.2000000000000000111, -1.149999999999999467 ) ) ;
#6645 = CARTESIAN_POINT ( 'NONE',  ( 1.199999999999999956, 0.2000000000000000111, -0.3250000000000003442 ) ) ;
#6646 = CARTESIAN_POINT ( 'NONE',  ( -1.499999999999999778, 0.04999999999999999584, 0.3750000000000002776 ) ) ;
#6647 = DIRECTION ( 'NONE',  ( 0.000000000000000000, -0.000000000000000000, 1.000000000000000000 ) ) ;
#6648 = VERTEX_POINT ( 'NONE', #2232 ) ;
#6649 = EDGE_CURVE ( 'NONE', #86, #5044, #3451, .T. ) ;
#6650 = PLANE ( 'NONE',  #7343 ) ;
#6651 = ORIENTED_EDGE ( 'NONE', *, *, #6636, .T. ) ;
#6652 = EDGE_LOOP ( 'NONE', ( #4894, #7023, #7396, #1121 ) ) ;
#6653 = EDGE_LOOP ( 'NONE', ( #6404, #4015, #7310, #6069 ) ) ;
#6654 = ORIENTED_EDGE ( 'NONE', *, *, #1625, .T. ) ;
#6655 = DIRECTION ( 'NONE',  ( 0.000000000000000000, 1.000000000000000000, 0.000000000000000000 ) ) ;
#6656 = PRESENTATION_STYLE_ASSIGNMENT (( #1808 ) ) ;
#6657 =( LENGTH_UNIT ( ) NAMED_UNIT ( * ) SI_UNIT ( .MILLI., .METRE. ) );
#6658 = DIRECTION ( 'NONE',  ( 1.000000000000000000, 0.000000000000000000, -1.807003620809173399E-16 ) ) ;
#6659 = ORIENTED_EDGE ( 'NONE', *, *, #6983, .T. ) ;
#6660 = ORIENTED_EDGE ( 'NONE', *, *, #4338, .T. ) ;
#6661 = AXIS2_PLACEMENT_3D ( 'NONE', #1588, #145, #2100 ) ;
#6662 = CARTESIAN_POINT ( 'NONE',  ( 0.3750000000000003331, 0.2000000000000000111, 1.499999999999999778 ) ) ;
#6663 = FACE_OUTER_BOUND ( 'NONE', #332, .T. ) ;
#6664 = UNCERTAINTY_MEASURE_WITH_UNIT (LENGTH_MEASURE( 1.000000000000000082E-05 ), #680, 'distance_accuracy_value', 'NONE');
#6665 = CARTESIAN_POINT ( 'NONE',  ( 0.1750000000000002109, 0.04999999999999999584, 1.199999999999999734 ) ) ;
#6666 = LINE ( 'NONE', #6078, #6417 ) ;
#6667 = COLOUR_RGB ( '',0.7921568627450980005, 0.8196078431372548767, 0.9333333333333333481 ) ;
#6668 = VERTEX_POINT ( 'NONE', #7087 ) ;
#6669 = LINE ( 'NONE', #1420, #3473 ) ;
#6670 = CARTESIAN_POINT ( 'NONE',  ( -1.199999999999999734, 0.2000000000000000111, -0.6749999999999997113 ) ) ;
#6671 = ADVANCED_FACE ( 'NONE', ( #5788 ), #979, .T. ) ;
#6672 = EDGE_CURVE ( 'NONE', #647, #3900, #5733, .T. ) ;
#6673 = EDGE_CURVE ( 'NONE', #2157, #240, #3493, .T. ) ;
#6674 = DIRECTION ( 'NONE',  ( -0.000000000000000000, -1.000000000000000000, -0.000000000000000000 ) ) ;
#6675 = VERTEX_POINT ( 'NONE', #6415 ) ;
#6676 = LINE ( 'NONE', #4806, #5557 ) ;
#6677 = VECTOR ( 'NONE', #1870, 1000.000000000000000 ) ;
#6678 = DIRECTION ( 'NONE',  ( 0.000000000000000000, -0.000000000000000000, 1.000000000000000000 ) ) ;
#6679 = ORIENTED_EDGE ( 'NONE', *, *, #892, .F. ) ;
#6680 = CARTESIAN_POINT ( 'NONE',  ( -0.6250000000000026645, 0.05000000000000000278, 0.000000000000000000 ) ) ;
#6681 = VERTEX_POINT ( 'NONE', #5751 ) ;
#6682 = AXIS2_PLACEMENT_3D ( 'NONE', #7476, #3917, #937 ) ;
#6683 = CARTESIAN_POINT ( 'NONE',  ( -1.499999999999999778, 0.04999999999999969746, 0.6250000000000003331 ) ) ;
#6684 = DIRECTION ( 'NONE',  ( -0.000000000000000000, -1.000000000000000000, -0.000000000000000000 ) ) ;
#6685 = CARTESIAN_POINT ( 'NONE',  ( 0.8750000000000004441, 0.000000000000000000, 1.499999999999999778 ) ) ;
#6686 = CARTESIAN_POINT ( 'NONE',  ( 1.149999999999999911, 0.2000000000000000111, -0.3250000000000003442 ) ) ;
#6687 = ORIENTED_EDGE ( 'NONE', *, *, #2663, .F. ) ;
#6688 = CIRCLE ( 'NONE', #3070, 0.04999999999999991257 ) ;
#6689 = VECTOR ( 'NONE', #5181, 1000.000000000000000 ) ;
#6690 = DIRECTION ( 'NONE',  ( -1.000000000000000000, 0.000000000000000000, 1.807003620809173399E-16 ) ) ;
#6691 = VERTEX_POINT ( 'NONE', #423 ) ;
#6692 = ORIENTED_EDGE ( 'NONE', *, *, #4373, .F. ) ;
#6693 = ADVANCED_FACE ( 'NONE', ( #5216 ), #5256, .F. ) ;
#6694 = ORIENTED_EDGE ( 'NONE', *, *, #5667, .F. ) ;
#6695 = VECTOR ( 'NONE', #4481, 1000.000000000000000 ) ;
#6696 = EDGE_CURVE ( 'NONE', #3304, #6341, #542, .T. ) ;
#6697 = VECTOR ( 'NONE', #3796, 1000.000000000000000 ) ;
#6698 = CARTESIAN_POINT ( 'NONE',  ( -1.499999999999999778, 0.04999999999999969746, -1.500000000000000222 ) ) ;
#6699 = DIRECTION ( 'NONE',  ( -1.000000000000000000, -0.000000000000000000, -0.000000000000000000 ) ) ;
#6700 = LINE ( 'NONE', #597, #4460 ) ;
#6701 = ORIENTED_EDGE ( 'NONE', *, *, #6491, .F. ) ;
#6702 = ORIENTED_EDGE ( 'NONE', *, *, #6115, .F. ) ;
#6703 = ORIENTED_EDGE ( 'NONE', *, *, #6158, .F. ) ;
#6704 = AXIS2_PLACEMENT_3D ( 'NONE', #7009, #1326, #3097 ) ;
#6705 = AXIS2_PLACEMENT_3D ( 'NONE', #6495, #6008, #3600 ) ;
#6706 = DIRECTION ( 'NONE',  ( -0.000000000000000000, -1.000000000000000000, -0.000000000000000000 ) ) ;
#6707 = DIRECTION ( 'NONE',  ( 0.000000000000000000, -1.000000000000000000, 0.000000000000000000 ) ) ;
#6708 = DIRECTION ( 'NONE',  ( 0.000000000000000000, 0.000000000000000000, -1.000000000000000000 ) ) ;
#6709 = AXIS2_PLACEMENT_3D ( 'NONE', #1010, #7000, #2860 ) ;
#6710 = CARTESIAN_POINT ( 'NONE',  ( 1.500000000000000222, 0.04999999999999969746, 1.499999999999999778 ) ) ;
#6711 = VERTEX_POINT ( 'NONE', #1097 ) ;
#6712 = DIRECTION ( 'NONE',  ( 3.614007241618346306E-16, -0.000000000000000000, 1.000000000000000000 ) ) ;
#6713 = DIRECTION ( 'NONE',  ( 1.000000000000000000, 0.000000000000000000, 0.000000000000000000 ) ) ;
#6714 = ORIENTED_EDGE ( 'NONE', *, *, #235, .F. ) ;
#6715 = ORIENTED_EDGE ( 'NONE', *, *, #7069, .T. ) ;
#6716 = EDGE_CURVE ( 'NONE', #5927, #4474, #4367, .T. ) ;
#6717 = VECTOR ( 'NONE', #1212, 1000.000000000000000 ) ;
#6718 = DIRECTION ( 'NONE',  ( -0.000000000000000000, -1.000000000000000000, -0.000000000000000000 ) ) ;
#6719 = FILL_AREA_STYLE ('',( #6162 ) ) ;
#6720 = ORIENTED_EDGE ( 'NONE', *, *, #7659, .T. ) ;
#6721 = CARTESIAN_POINT ( 'NONE',  ( 1.199999999999999734, 0.000000000000000000, -0.8250000000000003997 ) ) ;
#6722 = CIRCLE ( 'NONE', #731, 0.04999999999999980849 ) ;
#6723 = EDGE_CURVE ( 'NONE', #401, #6088, #1469, .T. ) ;
#6724 = CARTESIAN_POINT ( 'NONE',  ( 0.1250000000000003053, 0.000000000000000000, 1.199999999999999734 ) ) ;
#6725 = ADVANCED_FACE ( 'NONE', ( #7601 ), #4624, .T. ) ;
#6726 = DIRECTION ( 'NONE',  ( -1.000000000000000000, -0.000000000000000000, 3.614007241618346306E-16 ) ) ;
#6727 = CARTESIAN_POINT ( 'NONE',  ( 1.199999999999999734, 0.2000000000000000111, -0.8250000000000003997 ) ) ;
#6728 = DIRECTION ( 'NONE',  ( 0.000000000000000000, 0.000000000000000000, 1.000000000000000000 ) ) ;
#6729 = ORIENTED_EDGE ( 'NONE', *, *, #2090, .F. ) ;
#6730 = VECTOR ( 'NONE', #7739, 1000.000000000000000 ) ;
#6731 = DIRECTION ( 'NONE',  ( 0.000000000000000000, 0.000000000000000000, -1.000000000000000000 ) ) ;
#6732 = ORIENTED_EDGE ( 'NONE', *, *, #3779, .T. ) ;
#6733 = VERTEX_POINT ( 'NONE', #2863 ) ;
#6734 = ORIENTED_EDGE ( 'NONE', *, *, #6287, .T. ) ;
#6735 = AXIS2_PLACEMENT_3D ( 'NONE', #1585, #489, #2880 ) ;
#6736 = FACE_OUTER_BOUND ( 'NONE', #6382, .T. ) ;
#6737 = CARTESIAN_POINT ( 'NONE',  ( 0.1249999999999800576, 0.2000000000000000111, -1.500000000000000000 ) ) ;
#6738 =( NAMED_UNIT ( * ) PLANE_ANGLE_UNIT ( ) SI_UNIT ( $, .RADIAN. ) );
#6739 = DIRECTION ( 'NONE',  ( 0.000000000000000000, 0.000000000000000000, 1.000000000000000000 ) ) ;
#6740 = ORIENTED_EDGE ( 'NONE', *, *, #3013, .F. ) ;
#6741 = VERTEX_POINT ( 'NONE', #2349 ) ;
#6742 = EDGE_CURVE ( 'NONE', #7510, #5157, #468, .T. ) ;
#6743 = FACE_OUTER_BOUND ( 'NONE', #6652, .T. ) ;
#6744 = CARTESIAN_POINT ( 'NONE',  ( -0.1749999999999996281, 0.000000000000000000, 1.199999999999999734 ) ) ;
#6745 = UNCERTAINTY_MEASURE_WITH_UNIT (LENGTH_MEASURE( 1.000000000000000082E-05 ), #3316, 'distance_accuracy_value', 'NONE');
#6746 = PLANE ( 'NONE',  #1325 ) ;
#6747 = CARTESIAN_POINT ( 'NONE',  ( 1.199999999999999956, 0.000000000000000000, 0.6249999999999996669 ) ) ;
#6748 = ORIENTED_EDGE ( 'NONE', *, *, #6526, .T. ) ;
#6749 = LINE ( 'NONE', #2049, #7720 ) ;
#6750 = LINE ( 'NONE', #3823, #3115 ) ;
#6751 = ORIENTED_EDGE ( 'NONE', *, *, #6811, .F. ) ;
#6752 = DIRECTION ( 'NONE',  ( 0.000000000000000000, 1.000000000000000000, 0.000000000000000000 ) ) ;
#6753 = ORIENTED_EDGE ( 'NONE', *, *, #1109, .F. ) ;
#6754 = CIRCLE ( 'NONE', #7638, 0.04999999999999991257 ) ;
#6755 = CARTESIAN_POINT ( 'NONE',  ( 0.1749999999999973244, 0.2000000000000000111, -1.200000000000000178 ) ) ;
#6756 = SURFACE_STYLE_FILL_AREA ( #6719 ) ;
#6757 = ORIENTED_EDGE ( 'NONE', *, *, #3738, .F. ) ;
#6758 = LINE ( 'NONE', #5548, #4737 ) ;
#6759 = AXIS2_PLACEMENT_3D ( 'NONE', #5120, #323, #3934 ) ;
#6760 = ORIENTED_EDGE ( 'NONE', *, *, #4109, .F. ) ;
#6761 = LINE ( 'NONE', #3880, #7688 ) ;
#6762 = VECTOR ( 'NONE', #1773, 1000.000000000000000 ) ;
#6763 = LINE ( 'NONE', #4937, #4840 ) ;
#6764 = DIRECTION ( 'NONE',  ( 1.000000000000000000, -0.000000000000000000, -0.000000000000000000 ) ) ;
#6765 = VERTEX_POINT ( 'NONE', #7042 ) ;
#6766 = CARTESIAN_POINT ( 'NONE',  ( 0.3749999999999800715, 0.2000000000000000111, -1.500000000000000000 ) ) ;
#6767 = EDGE_CURVE ( 'NONE', #7610, #6347, #1678, .T. ) ;
#6768 = EDGE_CURVE ( 'NONE', #2125, #1332, #3088, .T. ) ;
#6769 = EDGE_CURVE ( 'NONE', #4429, #1501, #7107, .T. ) ;
#6770 = ORIENTED_EDGE ( 'NONE', *, *, #3936, .T. ) ;
#6771 = EDGE_LOOP ( 'NONE', ( #3538, #1135, #2980, #2736 ) ) ;
#6772 = ORIENTED_EDGE ( 'NONE', *, *, #1937, .T. ) ;
#6773 = DIRECTION ( 'NONE',  ( 0.000000000000000000, 0.000000000000000000, -1.000000000000000000 ) ) ;
#6774 = LINE ( 'NONE', #1403, #5185 ) ;
#6775 = LINE ( 'NONE', #908, #6695 ) ;
#6776 = CARTESIAN_POINT ( 'NONE',  ( 0.8250000000000003997, 0.2000000000000000111, 1.149999999999999689 ) ) ;
#6777 = ORIENTED_EDGE ( 'NONE', *, *, #2474, .F. ) ;
#6778 = EDGE_LOOP ( 'NONE', ( #3418, #4414, #7213, #3774 ) ) ;
#6779 = ORIENTED_EDGE ( 'NONE', *, *, #3764, .F. ) ;
#6780 = CARTESIAN_POINT ( 'NONE',  ( 0.1750000000000002109, 0.2000000000000000111, 1.149999999999999689 ) ) ;
#6781 = DIRECTION ( 'NONE',  ( -0.000000000000000000, -1.000000000000000000, -0.000000000000000000 ) ) ;
#6782 = CARTESIAN_POINT ( 'NONE',  ( -0.1249999999999997086, 0.2000000000000000111, 1.199999999999999734 ) ) ;
#6783 = DIRECTION ( 'NONE',  ( 0.000000000000000000, -1.000000000000000000, 0.000000000000000000 ) ) ;
#6784 = VERTEX_POINT ( 'NONE', #5933 ) ;
#6785 = AXIS2_PLACEMENT_3D ( 'NONE', #6644, #1834, #6052 ) ;
#6786 = EDGE_LOOP ( 'NONE', ( #4695, #2436, #4682, #7095 ) ) ;
#6787 = CARTESIAN_POINT ( 'NONE',  ( 0.6750000000000002665, 0.2000000000000000111, 1.149999999999999689 ) ) ;
#6788 = CARTESIAN_POINT ( 'NONE',  ( -1.499999999999999778, 0.2000000000000000111, -0.3749999999999997224 ) ) ;
#6789 = ORIENTED_EDGE ( 'NONE', *, *, #3936, .F. ) ;
#6790 = VECTOR ( 'NONE', #5470, 1000.000000000000000 ) ;
#6791 = EDGE_CURVE ( 'NONE', #6079, #3922, #6562, .T. ) ;
#6792 = PLANE ( 'NONE',  #3690 ) ;
#6793 = DIRECTION ( 'NONE',  ( 0.000000000000000000, 1.000000000000000000, 0.000000000000000000 ) ) ;
#6794 = ORIENTED_EDGE ( 'NONE', *, *, #1083, .T. ) ;
#6795 = COLOUR_RGB ( '',0.7921568627450980005, 0.8196078431372548767, 0.9333333333333333481 ) ;
#6796 = DIRECTION ( 'NONE',  ( -1.000000000000000000, 0.000000000000000000, 1.807003620809173153E-16 ) ) ;
#6797 = ORIENTED_EDGE ( 'NONE', *, *, #1602, .T. ) ;
#6798 = CIRCLE ( 'NONE', #5070, 0.05000000000000012768 ) ;
#6799 = CARTESIAN_POINT ( 'NONE',  ( 0.6249999999999713562, 0.2000000000000000111, -1.500000000000000000 ) ) ;
#6800 = LINE ( 'NONE', #3290, #202 ) ;
#6801 = DIRECTION ( 'NONE',  ( 0.000000000000000000, 0.000000000000000000, -1.000000000000000000 ) ) ;
#6802 = DIRECTION ( 'NONE',  ( -1.000000000000000000, 0.000000000000000000, 0.000000000000000000 ) ) ;
#6803 = VECTOR ( 'NONE', #4969, 1000.000000000000000 ) ;
#6804 = EDGE_LOOP ( 'NONE', ( #4364, #520, #6137, #1926 ) ) ;
#6805 = ORIENTED_EDGE ( 'NONE', *, *, #3433, .T. ) ;
#6806 = CARTESIAN_POINT ( 'NONE',  ( -1.199999999999999734, 0.000000000000000000, -0.3249999999999999001 ) ) ;
#6807 = AXIS2_PLACEMENT_3D ( 'NONE', #5156, #370, #6353 ) ;
#6808 = ADVANCED_FACE ( 'NONE', ( #5439 ), #1868, .F. ) ;
#6809 = CARTESIAN_POINT ( 'NONE',  ( -0.3750000000000112688, 0.2000000000000000111, -1.500000000000000000 ) ) ;
#6810 = MECHANICAL_DESIGN_GEOMETRIC_PRESENTATION_REPRESENTATION (  '', ( #4082 ), #1190 ) ;
#6811 = EDGE_CURVE ( 'NONE', #5104, #3855, #2460, .T. ) ;
#6812 = ADVANCED_FACE ( 'NONE', ( #1279 ), #6524, .T. ) ;
#6813 = DIRECTION ( 'NONE',  ( 0.000000000000000000, -1.000000000000000000, 0.000000000000000000 ) ) ;
#6814 = DIRECTION ( 'NONE',  ( 1.000000000000000000, 0.000000000000000000, -3.614007241618346799E-16 ) ) ;
#6815 = ORIENTED_EDGE ( 'NONE', *, *, #1480, .F. ) ;
#6816 = ORIENTED_EDGE ( 'NONE', *, *, #3889, .F. ) ;
#6817 = LINE ( 'NONE', #5650, #4246 ) ;
#6818 = DIRECTION ( 'NONE',  ( 1.000000000000000000, 0.000000000000000000, -0.000000000000000000 ) ) ;
#6819 = VECTOR ( 'NONE', #4170, 1000.000000000000000 ) ;
#6820 = CIRCLE ( 'NONE', #2208, 0.05000000000000012768 ) ;
#6821 = PRESENTATION_STYLE_ASSIGNMENT (( #7531 ) ) ;
#6822 = EDGE_CURVE ( 'NONE', #5586, #1461, #1905, .T. ) ;
#6823 = DIRECTION ( 'NONE',  ( 0.000000000000000000, 0.000000000000000000, -1.000000000000000000 ) ) ;
#6824 = CARTESIAN_POINT ( 'NONE',  ( -1.199999999999999956, 0.7500000000000000000, -1.200000000000000178 ) ) ;
#6825 = ORIENTED_EDGE ( 'NONE', *, *, #3012, .F. ) ;
#6826 = VECTOR ( 'NONE', #3, 1000.000000000000000 ) ;
#6827 = AXIS2_PLACEMENT_3D ( 'NONE', #1379, #1230, #604 ) ;
#6828 = ORIENTED_EDGE ( 'NONE', *, *, #5625, .F. ) ;
#6829 = CYLINDRICAL_SURFACE ( 'NONE', #5474, 0.05000000000000012768 ) ;
#6830 = PLANE ( 'NONE',  #6222 ) ;
#6831 = PLANE ( 'NONE',  #1628 ) ;
#6832 = CARTESIAN_POINT ( 'NONE',  ( -0.3250000000000026756, 0.2000000000000000111, -1.149999999999999467 ) ) ;
#6833 = VECTOR ( 'NONE', #3756, 1000.000000000000000 ) ;
#6834 = ORIENTED_EDGE ( 'NONE', *, *, #2055, .F. ) ;
#6835 = VECTOR ( 'NONE', #3656, 1000.000000000000000 ) ;
#6836 = DIRECTION ( 'NONE',  ( -0.000000000000000000, -0.000000000000000000, -1.000000000000000000 ) ) ;
#6837 = EDGE_LOOP ( 'NONE', ( #4913, #1803, #16, #5620, #517, #5024 ) ) ;
#6838 = AXIS2_PLACEMENT_3D ( 'NONE', #7149, #1782, #4223 ) ;
#6839 = DIRECTION ( 'NONE',  ( 1.000000000000000000, 0.000000000000000000, 0.000000000000000000 ) ) ;
#6840 = ORIENTED_EDGE ( 'NONE', *, *, #6239, .T. ) ;
#6841 = ADVANCED_FACE ( 'NONE', ( #4811 ), #4233, .T. ) ;
#6842 = EDGE_CURVE ( 'NONE', #5098, #5129, #7161, .T. ) ;
#6843 = ORIENTED_EDGE ( 'NONE', *, *, #6574, .T. ) ;
#6844 = VECTOR ( 'NONE', #7395, 1000.000000000000000 ) ;
#6845 = DIRECTION ( 'NONE',  ( -5.782411586589358664E-14, 0.000000000000000000, -1.000000000000000000 ) ) ;
#6846 = DIRECTION ( 'NONE',  ( 0.000000000000000000, 0.000000000000000000, 1.000000000000000000 ) ) ;
#6847 = CARTESIAN_POINT ( 'NONE',  ( -1.500000000000000000, 0.000000000000000000, -0.6249999999999996669 ) ) ;
#6848 = CARTESIAN_POINT ( 'NONE',  ( 1.500000000000000000, 0.2000000000000000111, 0.1249999999999997363 ) ) ;
#6849 = AXIS2_PLACEMENT_3D ( 'NONE', #2972, #1166, #6089 ) ;
#6850 = VERTEX_POINT ( 'NONE', #4156 ) ;
#6851 = ORIENTED_EDGE ( 'NONE', *, *, #463, .F. ) ;
#6852 = ORIENTED_EDGE ( 'NONE', *, *, #5481, .T. ) ;
#6853 = DIRECTION ( 'NONE',  ( 0.000000000000000000, 0.000000000000000000, 1.000000000000000000 ) ) ;
#6854 = DIRECTION ( 'NONE',  ( 0.000000000000000000, 1.000000000000000000, 0.000000000000000000 ) ) ;
#6855 = DIRECTION ( 'NONE',  ( 0.000000000000000000, 0.000000000000000000, -1.000000000000000000 ) ) ;
#6856 = DIRECTION ( 'NONE',  ( -3.614007241618346799E-16, 0.000000000000000000, -1.000000000000000000 ) ) ;
#6857 = ORIENTED_EDGE ( 'NONE', *, *, #4576, .F. ) ;
#6858 = ORIENTED_EDGE ( 'NONE', *, *, #5628, .F. ) ;
#6859 = CARTESIAN_POINT ( 'NONE',  ( -1.149999999999999911, 0.2000000000000000111, -0.8249999999999998446 ) ) ;
#6860 = VECTOR ( 'NONE', #3543, 1000.000000000000000 ) ;
#6861 = EDGE_CURVE ( 'NONE', #7319, #2437, #3716, .T. ) ;
#6862 = CARTESIAN_POINT ( 'NONE',  ( 1.149999999999999911, 0.04999999999999999584, -0.3250000000000003442 ) ) ;
#6863 = DIRECTION ( 'NONE',  ( -1.000000000000000000, 0.000000000000000000, 0.000000000000000000 ) ) ;
#6864 = LINE ( 'NONE', #1493, #1563 ) ;
#6865 = EDGE_LOOP ( 'NONE', ( #4285, #1745, #5600, #3683 ) ) ;
#6866 = ORIENTED_EDGE ( 'NONE', *, *, #368, .F. ) ;
#6867 = LINE ( 'NONE', #1031, #1594 ) ;
#6868 = PLANE ( 'NONE',  #1855 ) ;
#6869 = CARTESIAN_POINT ( 'NONE',  ( 1.149999999999999911, 0.2000000000000000111, -0.3250000000000003442 ) ) ;
#6870 = EDGE_CURVE ( 'NONE', #6088, #425, #1241, .T. ) ;
#6871 = EDGE_CURVE ( 'NONE', #5834, #5590, #6976, .T. ) ;
#6872 = ADVANCED_FACE ( 'NONE', ( #4778 ), #6010, .F. ) ;
#6873 = EDGE_CURVE ( 'NONE', #2662, #3377, #3129, .T. ) ;
#6874 = DIRECTION ( 'NONE',  ( -0.000000000000000000, -1.000000000000000000, -0.000000000000000000 ) ) ;
#6875 = DIRECTION ( 'NONE',  ( 0.000000000000000000, 0.000000000000000000, -1.000000000000000000 ) ) ;
#6876 = CLOSED_SHELL ( 'NONE', ( #2439, #2346, #4345, #3935, #2777, #4648, #5816, #4985 ) ) ;
#6877 = FACE_OUTER_BOUND ( 'NONE', #4768, .T. ) ;
#6878 = VERTEX_POINT ( 'NONE', #3047 ) ;
#6879 = PLANE ( 'NONE',  #475 ) ;
#6880 = VERTEX_POINT ( 'NONE', #619 ) ;
#6881 = ORIENTED_EDGE ( 'NONE', *, *, #3479, .T. ) ;
#6882 = CIRCLE ( 'NONE', #5755, 0.04999999999999991257 ) ;
#6883 = CARTESIAN_POINT ( 'NONE',  ( -0.1249999999999996531, 0.2000000000000000111, 1.499999999999999778 ) ) ;
#6884 = DIRECTION ( 'NONE',  ( 1.000000000000000000, 0.000000000000000000, -3.614007241618346306E-16 ) ) ;
#6885 = DIRECTION ( 'NONE',  ( 0.000000000000000000, -0.000000000000000000, -1.000000000000000000 ) ) ;
#6886 = DIRECTION ( 'NONE',  ( 0.000000000000000000, -0.000000000000000000, 1.000000000000000000 ) ) ;
#6887 = VERTEX_POINT ( 'NONE', #33 ) ;
#6888 = FACE_OUTER_BOUND ( 'NONE', #7160, .T. ) ;
#6889 = PRESENTATION_LAYER_ASSIGNMENT (  '', '', ( #2510 ) ) ;
#6890 = ORIENTED_EDGE ( 'NONE', *, *, #700, .F. ) ;
#6891 = ORIENTED_EDGE ( 'NONE', *, *, #337, .T. ) ;
#6892 = VERTEX_POINT ( 'NONE', #103 ) ;
#6893 = DIRECTION ( 'NONE',  ( -0.000000000000000000, -1.000000000000000000, -0.000000000000000000 ) ) ;
#6894 = AXIS2_PLACEMENT_3D ( 'NONE', #6429, #7057, #1692 ) ;
#6895 = ADVANCED_FACE ( 'NONE', ( #3009 ), #4854, .F. ) ;
#6896 = CARTESIAN_POINT ( 'NONE',  ( -1.149999999999999689, 0.2000000000000000111, 0.3250000000000002887 ) ) ;
#6897 = CARTESIAN_POINT ( 'NONE',  ( -0.8749999999999996669, 0.2000000000000000111, 1.199999999999999734 ) ) ;
#6898 = PLANE ( 'NONE',  #818 ) ;
#6899 = ORIENTED_EDGE ( 'NONE', *, *, #211, .F. ) ;
#6900 = VERTEX_POINT ( 'NONE', #143 ) ;
#6901 = DIRECTION ( 'NONE',  ( -0.000000000000000000, -1.000000000000000000, -0.000000000000000000 ) ) ;
#6902 = FILL_AREA_STYLE ('',( #2088 ) ) ;
#6903 = CARTESIAN_POINT ( 'NONE',  ( 1.199999999999999956, 0.2000000000000000111, -0.3250000000000003442 ) ) ;
#6904 = LINE ( 'NONE', #3898, #2062 ) ;
#6905 = ORIENTED_EDGE ( 'NONE', *, *, #2318, .T. ) ;
#6906 = ORIENTED_EDGE ( 'NONE', *, *, #1034, .F. ) ;
#6907 = CARTESIAN_POINT ( 'NONE',  ( -1.149999999999999689, 0.2000000000000000111, -0.1749999999999997391 ) ) ;
#6908 =( NAMED_UNIT ( * ) PLANE_ANGLE_UNIT ( ) SI_UNIT ( $, .RADIAN. ) );
#6909 = VERTEX_POINT ( 'NONE', #2532 ) ;
#6910 = LINE ( 'NONE', #1539, #886 ) ;
#6911 = DIRECTION ( 'NONE',  ( 0.000000000000000000, -0.000000000000000000, -1.000000000000000000 ) ) ;
#6912 = VECTOR ( 'NONE', #3639, 1000.000000000000000 ) ;
#6913 = EDGE_CURVE ( 'NONE', #4146, #4574, #6758, .T. ) ;
#6914 = ADVANCED_FACE ( 'NONE', ( #4422 ), #6281, .T. ) ;
#6915 = EDGE_CURVE ( 'NONE', #3751, #4071, #4465, .T. ) ;
#6916 = EDGE_CURVE ( 'NONE', #5914, #5203, #2573, .T. ) ;
#6917 = CARTESIAN_POINT ( 'NONE',  ( -1.499999999999999778, -4.242640687119283882, 1.499999999999999778 ) ) ;
#6918 = ORIENTED_EDGE ( 'NONE', *, *, #6673, .F. ) ;
#6919 = DIRECTION ( 'NONE',  ( 1.000000000000000000, 0.000000000000000000, -3.614007241618346799E-16 ) ) ;
#6920 = ORIENTED_EDGE ( 'NONE', *, *, #3625, .F. ) ;
#6921 = AXIS2_PLACEMENT_3D ( 'NONE', #7147, #1036, #5886 ) ;
#6922 = ORIENTED_EDGE ( 'NONE', *, *, #7294, .T. ) ;
#6923 = CARTESIAN_POINT ( 'NONE',  ( 0.3250000000000003997, 0.2000000000000000111, 1.149999999999999689 ) ) ;
#6924 = DIRECTION ( 'NONE',  ( -0.000000000000000000, -1.000000000000000000, -0.000000000000000000 ) ) ;
#6925 = CIRCLE ( 'NONE', #2544, 0.04999999999999991257 ) ;
#6926 = LINE ( 'NONE', #1049, #6076 ) ;
#6927 = DIRECTION ( 'NONE',  ( 3.614007241618346306E-16, -0.000000000000000000, 1.000000000000000000 ) ) ;
#6928 = DIRECTION ( 'NONE',  ( 0.000000000000000000, -1.000000000000000000, 0.000000000000000000 ) ) ;
#6929 = CIRCLE ( 'NONE', #5801, 0.05000000000000012768 ) ;
#6930 = ORIENTED_EDGE ( 'NONE', *, *, #5583, .F. ) ;
#6931 = CARTESIAN_POINT ( 'NONE',  ( 1.199999999999999956, 0.2000000000000000111, -0.8750000000000002220 ) ) ;
#6932 = DIRECTION ( 'NONE',  ( 0.000000000000000000, 0.000000000000000000, 1.000000000000000000 ) ) ;
#6933 = DIRECTION ( 'NONE',  ( 1.000000000000000000, -0.000000000000000000, -0.000000000000000000 ) ) ;
#6934 = LINE ( 'NONE', #4437, #1942 ) ;
#6935 = VECTOR ( 'NONE', #1102, 1000.000000000000000 ) ;
#6936 = ORIENTED_EDGE ( 'NONE', *, *, #2320, .T. ) ;
#6937 = ORIENTED_EDGE ( 'NONE', *, *, #7305, .F. ) ;
#6938 = LINE ( 'NONE', #1688, #5762 ) ;
#6939 = EDGE_CURVE ( 'NONE', #498, #1375, #3790, .T. ) ;
#6940 = EDGE_CURVE ( 'NONE', #254, #1158, #4384, .T. ) ;
#6941 = CIRCLE ( 'NONE', #3814, 0.05000000000000012768 ) ;
#6942 = LINE ( 'NONE', #879, #7171 ) ;
#6943 = DIRECTION ( 'NONE',  ( -0.000000000000000000, -0.000000000000000000, -1.000000000000000000 ) ) ;
#6944 = ORIENTED_EDGE ( 'NONE', *, *, #7346, .F. ) ;
#6945 = ORIENTED_EDGE ( 'NONE', *, *, #5783, .T. ) ;
#6946 = LINE ( 'NONE', #5944, #6208 ) ;
#6947 = STYLED_ITEM ( 'NONE', ( #1029 ), #4784 ) ;
#6948 = AXIS2_PLACEMENT_3D ( 'NONE', #1525, #6814, #6856 ) ;
#6949 = PLANE ( 'NONE',  #6735 ) ;
#6950 = CARTESIAN_POINT ( 'NONE',  ( 0.3249999999999975131, 0.04999999999999999584, -1.149999999999999911 ) ) ;
#6952 = CARTESIAN_POINT ( 'NONE',  ( 1.199999999999999956, 0.2000000000000000111, -0.8750000000000002220 ) ) ;
#6951 = VECTOR ( 'NONE', #6927, 1000.000000000000000 ) ;
#6953 = LINE ( 'NONE', #2804, #7698 ) ;
#6954 = ORIENTED_EDGE ( 'NONE', *, *, #2471, .T. ) ;
#6955 = DIRECTION ( 'NONE',  ( 0.7071067811865474617, 0.000000000000000000, -0.7071067811865474617 ) ) ;
#6956 = VECTOR ( 'NONE', #298, 1000.000000000000000 ) ;
#6957 = AXIS2_PLACEMENT_3D ( 'NONE', #53, #727, #4259 ) ;
#6958 = ADVANCED_FACE ( 'NONE', ( #4353 ), #930, .F. ) ;
#6959 = VERTEX_POINT ( 'NONE', #7471 ) ;
#6960 = AXIS2_PLACEMENT_3D ( 'NONE', #5472, #96, #2370 ) ;
#6961 = CARTESIAN_POINT ( 'NONE',  ( 1.149999999999999911, 0.000000000000000000, -0.8250000000000003997 ) ) ;
#6962 = DIRECTION ( 'NONE',  ( 0.000000000000000000, -1.000000000000000000, 0.000000000000000000 ) ) ;
#6963 = CARTESIAN_POINT ( 'NONE',  ( -1.499999999999999556, 0.2000000000000000111, 0.6250000000000003331 ) ) ;
#6964 = CYLINDRICAL_SURFACE ( 'NONE', #5826, 0.05000000000000012768 ) ;
#6965 = ORIENTED_EDGE ( 'NONE', *, *, #5550, .F. ) ;
#6966 = CARTESIAN_POINT ( 'NONE',  ( 1.500000000000000000, 0.2000000000000000111, -0.3750000000000003331 ) ) ;
#6967 = VECTOR ( 'NONE', #4509, 1000.000000000000000 ) ;
#6968 = EDGE_CURVE ( 'NONE', #6598, #7005, #5631, .T. ) ;
#6969 = ADVANCED_FACE ( 'NONE', ( #814 ), #6879, .F. ) ;
#6970 = ORIENTED_EDGE ( 'NONE', *, *, #1937, .F. ) ;
#6971 = CARTESIAN_POINT ( 'NONE',  ( 1.149999999999999911, 0.04999999999999999584, -0.1750000000000001832 ) ) ;
#6972 = DIRECTION ( 'NONE',  ( 0.000000000000000000, 0.000000000000000000, -1.000000000000000000 ) ) ;
#6973 = DIRECTION ( 'NONE',  ( -1.000000000000000000, 0.000000000000000000, 0.000000000000000000 ) ) ;
#6974 = DIRECTION ( 'NONE',  ( 0.000000000000000000, 1.000000000000000000, 0.000000000000000000 ) ) ;
#6975 = ORIENTED_EDGE ( 'NONE', *, *, #1584, .T. ) ;
#6976 = CIRCLE ( 'NONE', #4608, 0.05000000000000012768 ) ;
#6977 = VERTEX_POINT ( 'NONE', #6125 ) ;
#6978 = FACE_OUTER_BOUND ( 'NONE', #1441, .T. ) ;
#6979 = VERTEX_POINT ( 'NONE', #2022 ) ;
#6980 = VECTOR ( 'NONE', #4564, 1000.000000000000000 ) ;
#6981 = DIRECTION ( 'NONE',  ( 1.000000000000000000, 0.000000000000000000, -1.807003620809173399E-16 ) ) ;
#6982 = DIRECTION ( 'NONE',  ( 0.000000000000000000, 0.000000000000000000, -1.000000000000000000 ) ) ;
#6983 = EDGE_CURVE ( 'NONE', #7124, #4792, #7351, .T. ) ;
#6984 = FACE_OUTER_BOUND ( 'NONE', #5802, .T. ) ;
#6985 = VERTEX_POINT ( 'NONE', #1430 ) ;
#6986 = EDGE_LOOP ( 'NONE', ( #5108, #6447, #6651, #3146 ) ) ;
#6987 = LINE ( 'NONE', #6356, #4848 ) ;
#6988 = VECTOR ( 'NONE', #1898, 1000.000000000000000 ) ;
#6989 = DIRECTION ( 'NONE',  ( 1.000000000000000000, 0.000000000000000000, -0.000000000000000000 ) ) ;
#6990 = DIRECTION ( 'NONE',  ( -1.000000000000000000, 0.000000000000000000, 0.000000000000000000 ) ) ;
#6991 = STYLED_ITEM ( 'NONE', ( #6426 ), #1716 ) ;
#6992 = CARTESIAN_POINT ( 'NONE',  ( 1.199999999999999956, 0.000000000000000000, -0.3250000000000003442 ) ) ;
#6993 = LINE ( 'NONE', #451, #3072 ) ;
#6994 = DIRECTION ( 'NONE',  ( 0.000000000000000000, -1.000000000000000000, 0.000000000000000000 ) ) ;
#6995 = ORIENTED_EDGE ( 'NONE', *, *, #870, .F. ) ;
#6996 = CARTESIAN_POINT ( 'NONE',  ( 1.500000000000000000, 0.2000000000000000111, -0.8750000000000003331 ) ) ;
#6997 = VERTEX_POINT ( 'NONE', #2651 ) ;
#6998 = LINE ( 'NONE', #936, #2317 ) ;
#6999 = DIRECTION ( 'NONE',  ( 0.000000000000000000, -1.000000000000000000, 0.000000000000000000 ) ) ;
#7000 = DIRECTION ( 'NONE',  ( 0.000000000000000000, 1.000000000000000000, 0.000000000000000000 ) ) ;
#7001 = DIRECTION ( 'NONE',  ( -0.000000000000000000, -1.000000000000000000, -0.000000000000000000 ) ) ;
#7002 = ORIENTED_EDGE ( 'NONE', *, *, #2916, .F. ) ;
#7003 = DIRECTION ( 'NONE',  ( 0.000000000000000000, 0.000000000000000000, -1.000000000000000000 ) ) ;
#7004 = VECTOR ( 'NONE', #52, 1000.000000000000000 ) ;
#7005 = VERTEX_POINT ( 'NONE', #3752 ) ;
#7006 = DIRECTION ( 'NONE',  ( 0.000000000000000000, 0.000000000000000000, 1.000000000000000000 ) ) ;
#7007 = FACE_OUTER_BOUND ( 'NONE', #3067, .T. ) ;
#7008 = AXIS2_PLACEMENT_3D ( 'NONE', #7451, #1970, #5689 ) ;
#7009 = CARTESIAN_POINT ( 'NONE',  ( 0.6249999999999713562, 0.2000000000000000111, -1.500000000000000000 ) ) ;
#7010 = DIRECTION ( 'NONE',  ( -0.000000000000000000, -1.000000000000000000, -0.000000000000000000 ) ) ;
#7011 = EDGE_LOOP ( 'NONE', ( #1918, #1355, #6280, #712 ) ) ;
#7012 = EDGE_CURVE ( 'NONE', #3471, #1215, #3326, .T. ) ;
#7013 = EDGE_CURVE ( 'NONE', #6675, #4068, #5048, .T. ) ;
#7014 = EDGE_CURVE ( 'NONE', #7588, #2425, #3988, .T. ) ;
#7015 = ORIENTED_EDGE ( 'NONE', *, *, #2487, .F. ) ;
#7016 = SURFACE_SIDE_STYLE ('',( #1571 ) ) ;
#7017 = DIRECTION ( 'NONE',  ( -0.000000000000000000, -1.000000000000000000, -0.000000000000000000 ) ) ;
#7018 = CIRCLE ( 'NONE', #639, 0.04999999999999991257 ) ;
#7019 = EDGE_LOOP ( 'NONE', ( #3745, #7645, #3611, #2175 ) ) ;
#7020 = CARTESIAN_POINT ( 'NONE',  ( -0.6250000000000026645, 0.2000000000000000111, -1.500000000000000000 ) ) ;
#7021 =( NAMED_UNIT ( * ) PLANE_ANGLE_UNIT ( ) SI_UNIT ( $, .RADIAN. ) );
#7022 = CARTESIAN_POINT ( 'NONE',  ( -1.199999999999999956, 0.04999999999999999584, -0.8749999999999997780 ) ) ;
#7023 = ORIENTED_EDGE ( 'NONE', *, *, #3092, .F. ) ;
#7024 = ORIENTED_EDGE ( 'NONE', *, *, #5625, .T. ) ;
#7025 = SURFACE_STYLE_USAGE ( .BOTH. , #2286 ) ;
#7026 = CYLINDRICAL_SURFACE ( 'NONE', #7513, 0.04999999999999991257 ) ;
#7027 = CARTESIAN_POINT ( 'NONE',  ( -0.3249999999999997891, 0.04999999999999999584, 1.199999999999999734 ) ) ;
#7028 = UNCERTAINTY_MEASURE_WITH_UNIT (LENGTH_MEASURE( 1.000000000000000082E-05 ), #2160, 'distance_accuracy_value', 'NONE');
#7029 = CARTESIAN_POINT ( 'NONE',  ( -0.8750000000000026645, 0.2000000000000000111, -1.500000000000000000 ) ) ;
#7030 = SURFACE_STYLE_FILL_AREA ( #493 ) ;
#7031 = CARTESIAN_POINT ( 'NONE',  ( 3.162256336416052463E-16, 0.05000000000000000278, 0.8749999999999997780 ) ) ;
#7032 = ORIENTED_EDGE ( 'NONE', *, *, #7594, .T. ) ;
#7033 = DIRECTION ( 'NONE',  ( 0.000000000000000000, -1.000000000000000000, 0.000000000000000000 ) ) ;
#7034 = EDGE_CURVE ( 'NONE', #4072, #2806, #260, .T. ) ;
#7035 = VERTEX_POINT ( 'NONE', #856 ) ;
#7036 = CARTESIAN_POINT ( 'NONE',  ( -0.6749999999999996003, 0.2000000000000000111, 1.199999999999999734 ) ) ;
#7037 = DIRECTION ( 'NONE',  ( -1.000000000000000000, 0.000000000000000000, -0.000000000000000000 ) ) ;
#7038 = CARTESIAN_POINT ( 'NONE',  ( -1.499999999999990896, 0.2000000000000000111, -0.8749999999999870104 ) ) ;
#7039 = CARTESIAN_POINT ( 'NONE',  ( -1.149999999999999689, 0.000000000000000000, -0.1749999999999997391 ) ) ;
#7040 = ORIENTED_EDGE ( 'NONE', *, *, #4151, .T. ) ;
#7041 = VECTOR ( 'NONE', #1949, 1000.000000000000000 ) ;
#7042 = CARTESIAN_POINT ( 'NONE',  ( 0.8749999999999713562, 0.2000000000000000111, -1.500000000000000000 ) ) ;
#7043 = VECTOR ( 'NONE', #7532, 1000.000000000000000 ) ;
#7044 = CARTESIAN_POINT ( 'NONE',  ( 0.6750000000000002665, 0.04999999999999999584, 1.199999999999999734 ) ) ;
#7045 = FACE_OUTER_BOUND ( 'NONE', #5632, .T. ) ;
#7046 = CARTESIAN_POINT ( 'NONE',  ( 1.500000000000000000, 0.000000000000000000, 0.8749999999999996669 ) ) ;
#7047 = LINE ( 'NONE', #1729, #5578 ) ;
#7048 = ORIENTED_EDGE ( 'NONE', *, *, #1455, .T. ) ;
#7049 = VERTEX_POINT ( 'NONE', #3245 ) ;
#7050 = VECTOR ( 'NONE', #2397, 1000.000000000000000 ) ;
#7051 = CARTESIAN_POINT ( 'NONE',  ( -1.499999999999999778, 0.2000000000000000111, 0.3750000000000002776 ) ) ;
#7052 = ORIENTED_EDGE ( 'NONE', *, *, #2567, .F. ) ;
#7053 = EDGE_CURVE ( 'NONE', #1689, #1332, #7427, .T. ) ;
#7054 = DIRECTION ( 'NONE',  ( 0.000000000000000000, 0.000000000000000000, -1.000000000000000000 ) ) ;
#7055 = EDGE_CURVE ( 'NONE', #3370, #83, #3877, .T. ) ;
#7056 = EDGE_CURVE ( 'NONE', #5567, #499, #300, .T. ) ;
#7057 = DIRECTION ( 'NONE',  ( 0.000000000000000000, 1.000000000000000000, 0.000000000000000000 ) ) ;
#7058 = CARTESIAN_POINT ( 'NONE',  ( -1.199999999999999956, 0.7500000000000000000, -1.200000000000000178 ) ) ;
#7059 = AXIS2_PLACEMENT_3D ( 'NONE', #780, #819, #1395 ) ;
#7060 = SURFACE_STYLE_USAGE ( .BOTH. , #4642 ) ;
#7061 = ORIENTED_EDGE ( 'NONE', *, *, #4387, .T. ) ;
#7062 = ORIENTED_EDGE ( 'NONE', *, *, #1317, .F. ) ;
#7063 = DIRECTION ( 'NONE',  ( 0.000000000000000000, -0.000000000000000000, 1.000000000000000000 ) ) ;
#7064 = CARTESIAN_POINT ( 'NONE',  ( 1.149999999999999911, 0.2000000000000000111, 0.1749999999999996558 ) ) ;
#7065 = VECTOR ( 'NONE', #5588, 1000.000000000000000 ) ;
#7066 = EDGE_CURVE ( 'NONE', #3263, #6443, #5890, .T. ) ;
#7067 = EDGE_CURVE ( 'NONE', #1652, #1812, #6485, .T. ) ;
#7068 = DIRECTION ( 'NONE',  ( 0.000000000000000000, 0.000000000000000000, 1.000000000000000000 ) ) ;
#7069 = EDGE_CURVE ( 'NONE', #6146, #6218, #6367, .T. ) ;
#7070 = PLANE ( 'NONE',  #6921 ) ;
#7071 = AXIS2_PLACEMENT_3D ( 'NONE', #1514, #4036, #4503 ) ;
#7072 = CARTESIAN_POINT ( 'NONE',  ( -1.499999999999999778, 0.8000000000000000444, 1.499999999999999778 ) ) ;
#7073 = CARTESIAN_POINT ( 'NONE',  ( 0.3250000000000003997, 0.2000000000000000111, 1.149999999999999689 ) ) ;
#7074 = ORIENTED_EDGE ( 'NONE', *, *, #2513, .F. ) ;
#7075 = DIRECTION ( 'NONE',  ( 1.301042606982610370E-14, 0.000000000000000000, 1.000000000000000000 ) ) ;
#7076 = MECHANICAL_DESIGN_GEOMETRIC_PRESENTATION_REPRESENTATION (  '', ( #7578 ), #4208 ) ;
#7077 = ORIENTED_EDGE ( 'NONE', *, *, #7750, .F. ) ;
#7078 = AXIS2_PLACEMENT_3D ( 'NONE', #7432, #978, #4542 ) ;
#7079 = CARTESIAN_POINT ( 'NONE',  ( 0.3750000000000003331, 0.2000000000000000111, 1.499999999999999778 ) ) ;
#7080 = CARTESIAN_POINT ( 'NONE',  ( 1.149999999999999911, 0.04999999999999999584, -0.6750000000000002665 ) ) ;
#7081 = ADVANCED_FACE ( 'NONE', ( #1667 ), #2810, .F. ) ;
#7082 = LINE ( 'NONE', #7038, #1331 ) ;
#7083 = PLANE ( 'NONE',  #2213 ) ;
#7084 = VECTOR ( 'NONE', #2273, 1000.000000000000000 ) ;
#7085 = ADVANCED_FACE ( 'NONE', ( #4070 ), #5744, .F. ) ;
#7086 = VECTOR ( 'NONE', #1076, 1000.000000000000000 ) ;
#7087 = CARTESIAN_POINT ( 'NONE',  ( 0.6749999999999973799, 0.2000000000000000111, -1.149999999999999467 ) ) ;
#7088 = VERTEX_POINT ( 'NONE', #7587 ) ;
#7089 = AXIS2_PLACEMENT_3D ( 'NONE', #4808, #690, #2347 ) ;
#7090 = VECTOR ( 'NONE', #6490, 1000.000000000000000 ) ;
#7091 = DIRECTION ( 'NONE',  ( 0.000000000000000000, 0.000000000000000000, 1.000000000000000000 ) ) ;
#7092 = DIRECTION ( 'NONE',  ( 0.000000000000000000, 0.000000000000000000, 1.000000000000000000 ) ) ;
#7093 = CARTESIAN_POINT ( 'NONE',  ( -1.149999999999999689, 0.2000000000000000111, 0.3250000000000002887 ) ) ;
#7094 = DIRECTION ( 'NONE',  ( 0.000000000000000000, 0.000000000000000000, -1.000000000000000000 ) ) ;
#7095 = ORIENTED_EDGE ( 'NONE', *, *, #4488, .T. ) ;
#7096 = ORIENTED_EDGE ( 'NONE', *, *, #2320, .F. ) ;
#7097 = AXIS2_PLACEMENT_3D ( 'NONE', #249, #3866, #2013 ) ;
#7098 = CARTESIAN_POINT ( 'NONE',  ( 0.8750000000000004441, 0.2000000000000000111, 1.499999999999999778 ) ) ;
#7099 = ORIENTED_EDGE ( 'NONE', *, *, #1497, .T. ) ;
#7100 = DIRECTION ( 'NONE',  ( 0.000000000000000000, -0.000000000000000000, 1.000000000000000000 ) ) ;
#7101 = LINE ( 'NONE', #4600, #6545 ) ;
#7102 = FILL_AREA_STYLE_COLOUR ( '', #6184 ) ;
#7103 = ORIENTED_EDGE ( 'NONE', *, *, #4271, .T. ) ;
#7104 = EDGE_CURVE ( 'NONE', #6504, #6464, #6722, .T. ) ;
#7105 = CARTESIAN_POINT ( 'NONE',  ( -0.8750000000000000000, 0.2000000000000000111, 0.8750000000000000000 ) ) ;
#7106 = CARTESIAN_POINT ( 'NONE',  ( 1.149999999999999911, 0.05000000000000000278, 0.000000000000000000 ) ) ;
#7107 = CIRCLE ( 'NONE', #1600, 0.04999999999999991257 ) ;
#7108 = CARTESIAN_POINT ( 'NONE',  ( 0.8749999999999714673, 0.04999999999999969746, -1.500000000000000222 ) ) ;
#7109 = UNCERTAINTY_MEASURE_WITH_UNIT (LENGTH_MEASURE( 1.000000000000000082E-05 ), #5155, 'distance_accuracy_value', 'NONE');
#7110 = DIRECTION ( 'NONE',  ( 1.000000000000000000, 0.000000000000000000, 0.000000000000000000 ) ) ;
#7111 = AXIS2_PLACEMENT_3D ( 'NONE', #5042, #3868, #292 ) ;
#7112 = CARTESIAN_POINT ( 'NONE',  ( -1.149999999999999911, 0.04999999999999999584, -0.8249999999999998446 ) ) ;
#7113 = ORIENTED_EDGE ( 'NONE', *, *, #265, .T. ) ;
#7114 = EDGE_CURVE ( 'NONE', #3342, #1527, #4655, .T. ) ;
#7115 = EDGE_CURVE ( 'NONE', #6909, #523, #1711, .T. ) ;
#7116 = ADVANCED_FACE ( 'NONE', ( #7627 ), #2223, .F. ) ;
#7117 = CARTESIAN_POINT ( 'NONE',  ( -0.1250000000000026090, 0.2000000000000000111, -1.200000000000000178 ) ) ;
#7118 = VECTOR ( 'NONE', #3585, 1000.000000000000000 ) ;
#7119 = ORIENTED_EDGE ( 'NONE', *, *, #7250, .T. ) ;
#7120 = CARTESIAN_POINT ( 'NONE',  ( 1.149999999999999911, 0.2000000000000000111, 0.6749999999999996003 ) ) ;
#7121 = DIRECTION ( 'NONE',  ( -0.000000000000000000, -1.000000000000000000, -0.000000000000000000 ) ) ;
#7122 = CARTESIAN_POINT ( 'NONE',  ( -1.199999999999999734, 0.2000000000000000111, -0.8249999999999998446 ) ) ;
#7123 = DIRECTION ( 'NONE',  ( 0.000000000000000000, -0.000000000000000000, 1.000000000000000000 ) ) ;
#7124 = VERTEX_POINT ( 'NONE', #6996 ) ;
#7125 = CARTESIAN_POINT ( 'NONE',  ( 0.3749999999999801825, 0.04999999999999969746, -1.500000000000000222 ) ) ;
#7126 = ORIENTED_EDGE ( 'NONE', *, *, #6205, .F. ) ;
#7127 = EDGE_CURVE ( 'NONE', #6620, #3294, #7511, .T. ) ;
#7128 = FACE_OUTER_BOUND ( 'NONE', #4847, .T. ) ;
#7129 = DIRECTION ( 'NONE',  ( 1.000000000000000000, 0.000000000000000000, 0.000000000000000000 ) ) ;
#7130 = CARTESIAN_POINT ( 'NONE',  ( 0.1250000000000003608, 0.2000000000000000111, 1.499999999999999778 ) ) ;
#7131 = CARTESIAN_POINT ( 'NONE',  ( 0.8250000000000003997, 0.2000000000000000111, 1.199999999999999734 ) ) ;
#7132 = LINE ( 'NONE', #4163, #3359 ) ;
#7133 = ORIENTED_EDGE ( 'NONE', *, *, #1480, .T. ) ;
#7134 = VERTEX_POINT ( 'NONE', #496 ) ;
#7135 = VERTEX_POINT ( 'NONE', #4111 ) ;
#7136 = VERTEX_POINT ( 'NONE', #7547 ) ;
#7137 = EDGE_CURVE ( 'NONE', #7319, #5459, #3367, .T. ) ;
#7138 = CARTESIAN_POINT ( 'NONE',  ( -1.199999999999999956, 0.7500000000000000000, -1.100000000000000089 ) ) ;
#7139 = VECTOR ( 'NONE', #490, 1000.000000000000000 ) ;
#7140 = FACE_OUTER_BOUND ( 'NONE', #6778, .T. ) ;
#7141 = DIRECTION ( 'NONE',  ( -0.000000000000000000, 0.000000000000000000, 1.000000000000000000 ) ) ;
#7142 = ORIENTED_EDGE ( 'NONE', *, *, #7635, .F. ) ;
#7143 = LINE ( 'NONE', #6030, #2489 ) ;
#7144 = CARTESIAN_POINT ( 'NONE',  ( -1.149999999999999689, 0.2000000000000000111, 0.3250000000000002887 ) ) ;
#7145 = CIRCLE ( 'NONE', #1139, 0.04999999999999991257 ) ;
#7146 = LINE ( 'NONE', #4647, #3708 ) ;
#7147 = CARTESIAN_POINT ( 'NONE',  ( -1.199999999999999734, 0.2000000000000000111, 0.3250000000000002887 ) ) ;
#7148 = CIRCLE ( 'NONE', #2017, 0.1000000000000000472 ) ;
#7149 = CARTESIAN_POINT ( 'NONE',  ( -1.199999999999999734, 0.000000000000000000, -0.6749999999999997113 ) ) ;
#7150 = CYLINDRICAL_SURFACE ( 'NONE', #7358, 0.04999999999999991257 ) ;
#7151 = EDGE_LOOP ( 'NONE', ( #2339, #2828, #677, #190, #5799, #2911 ) ) ;
#7152 = ORIENTED_EDGE ( 'NONE', *, *, #4764, .T. ) ;
#7153 = ADVANCED_FACE ( 'NONE', ( #3515 ), #1003, .T. ) ;
#7154 = EDGE_CURVE ( 'NONE', #7049, #7512, #1546, .T. ) ;
#7155 = EDGE_CURVE ( 'NONE', #5927, #4701, #6325, .T. ) ;
#7156 = CARTESIAN_POINT ( 'NONE',  ( -0.6249999999999995559, 0.2000000000000000111, 1.499999999999999778 ) ) ;
#7157 = LINE ( 'NONE', #5434, #5195 ) ;
#7158 = FACE_OUTER_BOUND ( 'NONE', #3102, .T. ) ;
#7159 = CARTESIAN_POINT ( 'NONE',  ( -0.6749999999999996003, 0.2000000000000000111, 1.199999999999999734 ) ) ;
#7160 = EDGE_LOOP ( 'NONE', ( #4395, #1519, #1106, #2023 ) ) ;
#7161 = LINE ( 'NONE', #1758, #4855 ) ;
#7162 = DIRECTION ( 'NONE',  ( -0.000000000000000000, -1.000000000000000000, -0.000000000000000000 ) ) ;
#7163 = CYLINDRICAL_SURFACE ( 'NONE', #2308, 0.04999999999999991257 ) ;
#7164 = AXIS2_PLACEMENT_3D ( 'NONE', #7639, #3453, #5829 ) ;
#7165 = DIRECTION ( 'NONE',  ( 0.000000000000000000, -1.000000000000000000, 0.000000000000000000 ) ) ;
#7166 = DIRECTION ( 'NONE',  ( 1.000000000000000000, 0.000000000000000000, -0.000000000000000000 ) ) ;
#7167 = VERTEX_POINT ( 'NONE', #2771 ) ;
#7168 = CARTESIAN_POINT ( 'NONE',  ( 0.6249999999999971134, 0.2000000000000000111, -1.200000000000000178 ) ) ;
#7169 = VERTEX_POINT ( 'NONE', #413 ) ;
#7170 = ORIENTED_EDGE ( 'NONE', *, *, #1959, .T. ) ;
#7171 = VECTOR ( 'NONE', #7410, 1000.000000000000000 ) ;
#7172 = ORIENTED_EDGE ( 'NONE', *, *, #5507, .F. ) ;
#7173 = LINE ( 'NONE', #7214, #6261 ) ;
#7174 = FILL_AREA_STYLE_COLOUR ( '', #6795 ) ;
#7175 = ORIENTED_EDGE ( 'NONE', *, *, #1408, .F. ) ;
#7176 = AXIS2_PLACEMENT_3D ( 'NONE', #6223, #907, #359 ) ;
#7177 = EDGE_LOOP ( 'NONE', ( #5287, #3104, #7703, #3459, #4587, #4360 ) ) ;
#7178 = EDGE_CURVE ( 'NONE', #1561, #5460, #1041, .T. ) ;
#7179 = EDGE_CURVE ( 'NONE', #4396, #6892, #456, .T. ) ;
#7180 =( LENGTH_UNIT ( ) NAMED_UNIT ( * ) SI_UNIT ( .MILLI., .METRE. ) );
#7181 = CARTESIAN_POINT ( 'NONE',  ( -0.3250000000000026756, 0.000000000000000000, -1.149999999999999467 ) ) ;
#7182 = CIRCLE ( 'NONE', #7429, 0.05000000000000012768 ) ;
#7183 = DIRECTION ( 'NONE',  ( 0.000000000000000000, 0.000000000000000000, -1.000000000000000000 ) ) ;
#7184 = CARTESIAN_POINT ( 'NONE',  ( 0.3249999999999975131, 0.2000000000000000111, -1.149999999999999911 ) ) ;
#7185 = DIRECTION ( 'NONE',  ( 0.000000000000000000, 0.000000000000000000, 1.000000000000000000 ) ) ;
#7186 = VECTOR ( 'NONE', #5971, 1000.000000000000000 ) ;
#7187 = MANIFOLD_SOLID_BREP ( 'Boss-Extrude3[15]', #7506 ) ;
#7188 = CARTESIAN_POINT ( 'NONE',  ( -1.499999999999999556, 0.2000000000000000111, 0.8750000000000003331 ) ) ;
#7189 = EDGE_LOOP ( 'NONE', ( #7728, #2774, #524, #3595, #3966, #7040 ) ) ;
#7190 = CARTESIAN_POINT ( 'NONE',  ( -0.3749999999999996669, 0.2000000000000000111, 1.499999999999999778 ) ) ;
#7191 = CARTESIAN_POINT ( 'NONE',  ( -1.499999999999999778, 0.2000000000000000111, -0.3749999999999997224 ) ) ;
#7192 = LINE ( 'NONE', #4230, #2340 ) ;
#7193 = FACE_OUTER_BOUND ( 'NONE', #2594, .T. ) ;
#7194 = ORIENTED_EDGE ( 'NONE', *, *, #7636, .T. ) ;
#7195 = DIRECTION ( 'NONE',  ( 0.000000000000000000, 0.000000000000000000, 1.000000000000000000 ) ) ;
#7196 = VERTEX_POINT ( 'NONE', #6518 ) ;
#7197 = VECTOR ( 'NONE', #994, 1000.000000000000000 ) ;
#7198 = EDGE_CURVE ( 'NONE', #6632, #3342, #4884, .T. ) ;
#7199 = AXIS2_PLACEMENT_3D ( 'NONE', #2387, #1911, #1799 ) ;
#7200 = DIRECTION ( 'NONE',  ( -0.000000000000000000, 0.000000000000000000, -1.000000000000000000 ) ) ;
#7201 = AXIS2_PLACEMENT_3D ( 'NONE', #3795, #781, #6846 ) ;
#7202 = CARTESIAN_POINT ( 'NONE',  ( 0.8750000000000000000, 0.2000000000000000111, 0.8750000000000000000 ) ) ;
#7203 = AXIS2_PLACEMENT_3D ( 'NONE', #7159, #1788, #4189 ) ;
#7204 = DIRECTION ( 'NONE',  ( -0.000000000000000000, 0.000000000000000000, -1.000000000000000000 ) ) ;
#7205 = DIRECTION ( 'NONE',  ( 1.000000000000000000, -0.000000000000000000, 0.000000000000000000 ) ) ;
#7206 = EDGE_LOOP ( 'NONE', ( #7700, #4754, #5418, #2572 ) ) ;
#7207 = CARTESIAN_POINT ( 'NONE',  ( 0.3250000000000003997, 0.2000000000000000111, 1.199999999999999734 ) ) ;
#7208 = EDGE_CURVE ( 'NONE', #7281, #2920, #5926, .T. ) ;
#7209 = EDGE_CURVE ( 'NONE', #3772, #1495, #3663, .T. ) ;
#7210 = ORIENTED_EDGE ( 'NONE', *, *, #4488, .F. ) ;
#7211 = EDGE_CURVE ( 'NONE', #4144, #4654, #3704, .T. ) ;
#7212 = CIRCLE ( 'NONE', #4470, 0.04999999999999991257 ) ;
#7213 = ORIENTED_EDGE ( 'NONE', *, *, #5356, .F. ) ;
#7214 = CARTESIAN_POINT ( 'NONE',  ( -0.8750000000000000000, 0.2000000000000000111, -0.6750000000000000444 ) ) ;
#7215 = SURFACE_SIDE_STYLE ('',( #1963 ) ) ;
#7216 = LINE ( 'NONE', #716, #2446 ) ;
#7217 = FILL_AREA_STYLE_COLOUR ( '', #949 ) ;
#7218 = VERTEX_POINT ( 'NONE', #5473 ) ;
#7219 = EDGE_LOOP ( 'NONE', ( #5908, #5911, #279, #2634 ) ) ;
#7220 = DIRECTION ( 'NONE',  ( -0.000000000000000000, -1.000000000000000000, -0.000000000000000000 ) ) ;
#7221 = DIRECTION ( 'NONE',  ( 0.000000000000000000, -1.000000000000000000, 0.000000000000000000 ) ) ;
#7222 = PRODUCT_DEFINITION_CONTEXT ( 'detailed design', #5779, 'design' ) ;
#7223 = DIRECTION ( 'NONE',  ( 0.000000000000000000, 0.000000000000000000, 1.000000000000000000 ) ) ;
#7224 = EDGE_CURVE ( 'NONE', #843, #1730, #1979, .T. ) ;
#7225 = CARTESIAN_POINT ( 'NONE',  ( -1.199999999999999956, 0.8000000000000000444, -1.200000000000000178 ) ) ;
#7226 = DIRECTION ( 'NONE',  ( 0.000000000000000000, 0.000000000000000000, 1.000000000000000000 ) ) ;
#7227 = VECTOR ( 'NONE', #2888, 1000.000000000000000 ) ;
#7228 = PRESENTATION_STYLE_ASSIGNMENT (( #2338 ) ) ;
#7229 = EDGE_LOOP ( 'NONE', ( #4147, #1900, #217, #7062, #1203, #272 ) ) ;
#7230 =( GEOMETRIC_REPRESENTATION_CONTEXT ( 3 ) GLOBAL_UNCERTAINTY_ASSIGNED_CONTEXT ( ( #6745 ) ) GLOBAL_UNIT_ASSIGNED_CONTEXT ( ( #3316, #2252, #1698 ) ) REPRESENTATION_CONTEXT ( 'NONE', 'WORKASPACE' ) );
#7231 = EDGE_CURVE ( 'NONE', #5560, #2574, #3034, .T. ) ;
#7232 = DIRECTION ( 'NONE',  ( -0.000000000000000000, -1.000000000000000000, -0.000000000000000000 ) ) ;
#7233 = DIRECTION ( 'NONE',  ( 0.000000000000000000, 0.000000000000000000, 1.000000000000000000 ) ) ;
#7234 = DIRECTION ( 'NONE',  ( 0.000000000000000000, 1.000000000000000000, 0.000000000000000000 ) ) ;
#7235 = FACE_OUTER_BOUND ( 'NONE', #4321, .T. ) ;
#7236 = ORIENTED_EDGE ( 'NONE', *, *, #508, .F. ) ;
#7237 = CARTESIAN_POINT ( 'NONE',  ( -0.3250000000000026756, 0.2000000000000000111, -1.200000000000000178 ) ) ;
#7238 = CIRCLE ( 'NONE', #4623, 0.05000000000000012768 ) ;
#7239 = DIRECTION ( 'NONE',  ( -0.000000000000000000, -1.000000000000000000, -0.000000000000000000 ) ) ;
#7240 = DIRECTION ( 'NONE',  ( 0.000000000000000000, 0.000000000000000000, 1.000000000000000000 ) ) ;
#7241 = LINE ( 'NONE', #4749, #6454 ) ;
#7242 = CARTESIAN_POINT ( 'NONE',  ( 1.500000000000000000, 0.000000000000000000, 0.1249999999999997363 ) ) ;
#7243 = ORIENTED_EDGE ( 'NONE', *, *, #2182, .F. ) ;
#7244 = DIRECTION ( 'NONE',  ( -0.000000000000000000, -1.000000000000000000, -0.000000000000000000 ) ) ;
#7245 = ORIENTED_EDGE ( 'NONE', *, *, #5954, .F. ) ;
#7246 = VERTEX_POINT ( 'NONE', #569 ) ;
#7247 = CARTESIAN_POINT ( 'NONE',  ( 1.149999999999999911, 0.2000000000000000111, -0.8250000000000003997 ) ) ;
#7248 = ADVANCED_FACE ( 'NONE', ( #6555 ), #57, .T. ) ;
#7249 = CARTESIAN_POINT ( 'NONE',  ( 1.199999999999999956, 0.04999999999999999584, -0.1250000000000002776 ) ) ;
#7250 = EDGE_CURVE ( 'NONE', #1812, #6648, #5360, .T. ) ;
#7251 = EDGE_CURVE ( 'NONE', #6282, #3213, #1309, .T. ) ;
#7252 = ADVANCED_FACE ( 'NONE', ( #4767 ), #7150, .T. ) ;
#7253 = DIRECTION ( 'NONE',  ( 1.000000000000000000, -0.000000000000000000, 0.000000000000000000 ) ) ;
#7254 = PLANE ( 'NONE',  #3698 ) ;
#7255 = ORIENTED_EDGE ( 'NONE', *, *, #4063, .F. ) ;
#7256 = VERTEX_POINT ( 'NONE', #7117 ) ;
#7257 = ORIENTED_EDGE ( 'NONE', *, *, #3286, .T. ) ;
#7258 = CARTESIAN_POINT ( 'NONE',  ( 0.8750000000000004441, 0.2000000000000000111, 1.499999999999999778 ) ) ;
#7259 = CARTESIAN_POINT ( 'NONE',  ( -0.1249999999999996531, 0.2000000000000000111, 1.499999999999999778 ) ) ;
#7260 = VECTOR ( 'NONE', #4878, 1000.000000000000000 ) ;
#7261 = LINE ( 'NONE', #1344, #1443 ) ;
#7262 = CARTESIAN_POINT ( 'NONE',  ( -1.499999999999999778, 0.8000000000000000444, 1.499999999999999778 ) ) ;
#7263 = ORIENTED_EDGE ( 'NONE', *, *, #947, .F. ) ;
#7264 = VECTOR ( 'NONE', #7453, 1000.000000000000000 ) ;
#7265 = DIRECTION ( 'NONE',  ( -1.000000000000000000, 0.000000000000000000, 0.000000000000000000 ) ) ;
#7266 = CARTESIAN_POINT ( 'NONE',  ( 0.8750000000001014744, 0.05000000000000000278, -7.589415207399413300E-14 ) ) ;
#7267 = EDGE_LOOP ( 'NONE', ( #3915, #3884, #4606, #4380 ) ) ;
#7268 = ORIENTED_EDGE ( 'NONE', *, *, #1654, .T. ) ;
#7269 = VECTOR ( 'NONE', #4056, 1000.000000000000000 ) ;
#7270 = LINE ( 'NONE', #6600, #1935 ) ;
#7271 = LINE ( 'NONE', #1903, #3350 ) ;
#7272 = VERTEX_POINT ( 'NONE', #1195 ) ;
#7273 = DIRECTION ( 'NONE',  ( 0.000000000000000000, 0.000000000000000000, 1.000000000000000000 ) ) ;
#7274 = ORIENTED_EDGE ( 'NONE', *, *, #4150, .T. ) ;
#7275 = EDGE_CURVE ( 'NONE', #6181, #5531, #5967, .T. ) ;
#7276 = ADVANCED_FACE ( 'NONE', ( #6595 ), #5427, .F. ) ;
#7277 = CYLINDRICAL_SURFACE ( 'NONE', #5306, 0.04999999999999991257 ) ;
#7278 = DIRECTION ( 'NONE',  ( 0.000000000000000000, 1.000000000000000000, 0.000000000000000000 ) ) ;
#7279 = DIRECTION ( 'NONE',  ( 0.000000000000000000, 0.000000000000000000, -1.000000000000000000 ) ) ;
#7280 = DIRECTION ( 'NONE',  ( 0.000000000000000000, -0.000000000000000000, 1.000000000000000000 ) ) ;
#7281 = VERTEX_POINT ( 'NONE', #5658 ) ;
#7282 = DIRECTION ( 'NONE',  ( 0.000000000000000000, 0.000000000000000000, -1.000000000000000000 ) ) ;
#7283 = ORIENTED_EDGE ( 'NONE', *, *, #1342, .T. ) ;
#7284 = ORIENTED_EDGE ( 'NONE', *, *, #6362, .T. ) ;
#7285 = ORIENTED_EDGE ( 'NONE', *, *, #7733, .F. ) ;
#7286 = CIRCLE ( 'NONE', #3791, 0.05000000000000012768 ) ;
#7287 = DIRECTION ( 'NONE',  ( -0.000000000000000000, -1.000000000000000000, -0.000000000000000000 ) ) ;
#7288 = LINE ( 'NONE', #6737, #168 ) ;
#7289 = ORIENTED_EDGE ( 'NONE', *, *, #232, .F. ) ;
#7290 = ORIENTED_EDGE ( 'NONE', *, *, #2395, .F. ) ;
#7291 = CARTESIAN_POINT ( 'NONE',  ( -1.499999999999999778, 0.04999999999999969746, 1.499999999999999778 ) ) ;
#7292 = DIRECTION ( 'NONE',  ( -8.673617379884037996E-14, -0.000000000000000000, -1.000000000000000000 ) ) ;
#7293 = UNCERTAINTY_MEASURE_WITH_UNIT (LENGTH_MEASURE( 1.000000000000000082E-05 ), #7492, 'distance_accuracy_value', 'NONE');
#7294 = EDGE_CURVE ( 'NONE', #7482, #2772, #6750, .T. ) ;
#7295 = EDGE_CURVE ( 'NONE', #321, #1213, #2683, .T. ) ;
#7296 = PLANE ( 'NONE',  #6200 ) ;
#7297 = CARTESIAN_POINT ( 'NONE',  ( 0.6750000000000002665, 0.04999999999999999584, 1.149999999999999689 ) ) ;
#7298 = VECTOR ( 'NONE', #7584, 1000.000000000000000 ) ;
#7299 = EDGE_LOOP ( 'NONE', ( #3853, #7438, #5726, #4825 ) ) ;
#7300 = CARTESIAN_POINT ( 'NONE',  ( -0.3249999999999997891, 0.2000000000000000111, 1.149999999999999689 ) ) ;
#7301 = CARTESIAN_POINT ( 'NONE',  ( -0.8749999999999995559, 0.2000000000000000111, 1.499999999999999778 ) ) ;
#7302 = VERTEX_POINT ( 'NONE', #5540 ) ;
#7303 = EDGE_CURVE ( 'NONE', #755, #3355, #135, .T. ) ;
#7304 = AXIS2_PLACEMENT_3D ( 'NONE', #4018, #1028, #4057 ) ;
#7305 = EDGE_CURVE ( 'NONE', #400, #4824, #732, .T. ) ;
#7306 = ORIENTED_EDGE ( 'NONE', *, *, #5549, .F. ) ;
#7307 = CARTESIAN_POINT ( 'NONE',  ( -1.149999999999999689, 0.2000000000000000111, 0.1750000000000000999 ) ) ;
#7308 = AXIS2_PLACEMENT_3D ( 'NONE', #3415, #5336, #7092 ) ;
#7309 = DIRECTION ( 'NONE',  ( 1.000000000000000000, 0.000000000000000000, 0.000000000000000000 ) ) ;
#7310 = ORIENTED_EDGE ( 'NONE', *, *, #453, .F. ) ;
#7311 = CARTESIAN_POINT ( 'NONE',  ( 0.8250000000000003997, 0.2000000000000000111, 1.149999999999999689 ) ) ;
#7312 = VECTOR ( 'NONE', #1752, 1000.000000000000000 ) ;
#7313 = DIRECTION ( 'NONE',  ( -0.000000000000000000, 0.000000000000000000, -1.000000000000000000 ) ) ;
#7314 = ADVANCED_FACE ( 'NONE', ( #1386 ), #2526, .T. ) ;
#7315 = EDGE_CURVE ( 'NONE', #3651, #691, #770, .T. ) ;
#7316 = CARTESIAN_POINT ( 'NONE',  ( -1.199999999999999956, 0.2000000000000000111, -0.6249999999999998890 ) ) ;
#7317 = DIRECTION ( 'NONE',  ( 0.000000000000000000, 0.000000000000000000, 1.000000000000000000 ) ) ;
#7318 = LINE ( 'NONE', #7242, #822 ) ;
#7319 = VERTEX_POINT ( 'NONE', #7301 ) ;
#7320 = AXIS2_PLACEMENT_3D ( 'NONE', #5684, #3260, #5067 ) ;
#7321 = CARTESIAN_POINT ( 'NONE',  ( -0.6250000000000026645, 0.2000000000000000111, -1.200000000000000178 ) ) ;
#7322 = EDGE_LOOP ( 'NONE', ( #1494, #1357, #1694, #477 ) ) ;
#7323 = ORIENTED_EDGE ( 'NONE', *, *, #7137, .F. ) ;
#7324 = EDGE_LOOP ( 'NONE', ( #2871, #4048, #3237, #7608 ) ) ;
#7325 = CIRCLE ( 'NONE', #2954, 0.04999999999999991257 ) ;
#7326 = CARTESIAN_POINT ( 'NONE',  ( -1.199999999999999956, 0.8000000000000000444, -1.200000000000000178 ) ) ;
#7327 =( NAMED_UNIT ( * ) SI_UNIT ( $, .STERADIAN. ) SOLID_ANGLE_UNIT ( ) );
#7328 = ORIENTED_EDGE ( 'NONE', *, *, #3879, .T. ) ;
#7329 = ORIENTED_EDGE ( 'NONE', *, *, #1726, .F. ) ;
#7330 = ORIENTED_EDGE ( 'NONE', *, *, #4298, .T. ) ;
#7331 = AXIS2_PLACEMENT_3D ( 'NONE', #6372, #1095, #3411 ) ;
#7332 = AXIS2_PLACEMENT_3D ( 'NONE', #2231, #2818, #5864 ) ;
#7333 = LINE ( 'NONE', #1376, #7741 ) ;
#7334 = PLANE ( 'NONE',  #7008 ) ;
#7335 = DIRECTION ( 'NONE',  ( 0.000000000000000000, -0.000000000000000000, 1.000000000000000000 ) ) ;
#7336 = VECTOR ( 'NONE', #2267, 1000.000000000000000 ) ;
#7337 = LINE ( 'NONE', #2445, #1790 ) ;
#7338 = ORIENTED_EDGE ( 'NONE', *, *, #4547, .T. ) ;
#7339 = DIRECTION ( 'NONE',  ( 0.000000000000000000, 0.000000000000000000, 1.000000000000000000 ) ) ;
#7340 = CARTESIAN_POINT ( 'NONE',  ( -0.3250000000000026756, 0.2000000000000000111, -1.149999999999999467 ) ) ;
#7341 = AXIS2_PLACEMENT_3D ( 'NONE', #3549, #1709, #6553 ) ;
#7342 = ORIENTED_EDGE ( 'NONE', *, *, #3786, .T. ) ;
#7343 = AXIS2_PLACEMENT_3D ( 'NONE', #1250, #6100, #587 ) ;
#7344 = ADVANCED_FACE ( 'NONE', ( #4341 ), #3123, .F. ) ;
#7345 = CARTESIAN_POINT ( 'NONE',  ( 0.3249999999999975131, 0.04999999999999999584, -1.200000000000000178 ) ) ;
#7346 = EDGE_CURVE ( 'NONE', #7136, #523, #171, .T. ) ;
#7347 = EDGE_CURVE ( 'NONE', #6887, #5834, #3747, .T. ) ;
#7348 = ADVANCED_FACE ( 'NONE', ( #6197 ), #250, .F. ) ;
#7349 = PLANE ( 'NONE',  #4722 ) ;
#7350 = EDGE_LOOP ( 'NONE', ( #5151, #7126, #6828, #2909 ) ) ;
#7351 = LINE ( 'NONE', #6247, #7353 ) ;
#7352 = ORIENTED_EDGE ( 'NONE', *, *, #366, .F. ) ;
#7353 = VECTOR ( 'NONE', #2617, 1000.000000000000000 ) ;
#7354 = CARTESIAN_POINT ( 'NONE',  ( 1.500000000000000222, 0.8000000000000000444, -1.500000000000000222 ) ) ;
#7355 = CARTESIAN_POINT ( 'NONE',  ( 1.500000000000000000, 0.2000000000000000111, 0.3749999999999996669 ) ) ;
#7356 = CARTESIAN_POINT ( 'NONE',  ( 0.8250000000000003997, 0.2000000000000000111, 1.199999999999999734 ) ) ;
#7357 = ORIENTED_EDGE ( 'NONE', *, *, #3909, .F. ) ;
#7358 = AXIS2_PLACEMENT_3D ( 'NONE', #2921, #4182, #5322 ) ;
#7359 = CARTESIAN_POINT ( 'NONE',  ( 0.8749999999999998890, 0.05000000000000000278, -3.162256336416052956E-16 ) ) ;
#7360 = ORIENTED_EDGE ( 'NONE', *, *, #4174, .F. ) ;
#7361 = ORIENTED_EDGE ( 'NONE', *, *, #7056, .F. ) ;
#7362 = AXIS2_PLACEMENT_3D ( 'NONE', #1927, #5613, #7407 ) ;
#7363 = FACE_OUTER_BOUND ( 'NONE', #3843, .T. ) ;
#7364 = SURFACE_STYLE_USAGE ( .BOTH. , #2668 ) ;
#7365 = LINE ( 'NONE', #1404, #4716 ) ;
#7366 = PLANE ( 'NONE',  #3822 ) ;
#7367 = ORIENTED_EDGE ( 'NONE', *, *, #698, .F. ) ;
#7368 = ORIENTED_EDGE ( 'NONE', *, *, #2372, .F. ) ;
#7369 = CARTESIAN_POINT ( 'NONE',  ( -0.6250000000000026645, 0.2000000000000000111, -1.500000000000000000 ) ) ;
#7370 = DIRECTION ( 'NONE',  ( 1.000000000000000000, 0.000000000000000000, -1.807003620809173153E-16 ) ) ;
#7371 = EDGE_CURVE ( 'NONE', #7439, #1473, #5580, .T. ) ;
#7372 = CLOSED_SHELL ( 'NONE', ( #4679, #6013, #6808, #4537, #838, #3982, #4815, #6042 ) ) ;
#7373 = DIRECTION ( 'NONE',  ( -0.7071067811865474617, -0.000000000000000000, 0.7071067811865474617 ) ) ;
#7374 = DIRECTION ( 'NONE',  ( 0.000000000000000000, -1.000000000000000000, 0.000000000000000000 ) ) ;
#7375 = VERTEX_POINT ( 'NONE', #845 ) ;
#7376 = VERTEX_POINT ( 'NONE', #4494 ) ;
#7377 = DIRECTION ( 'NONE',  ( 0.000000000000000000, 0.000000000000000000, -1.000000000000000000 ) ) ;
#7378 = CARTESIAN_POINT ( 'NONE',  ( 0.000000000000000000, 0.05000000000000000278, 1.149999999999999689 ) ) ;
#7379 = FACE_OUTER_BOUND ( 'NONE', #6108, .T. ) ;
#7380 = AXIS2_PLACEMENT_3D ( 'NONE', #1153, #2914, #7657 ) ;
#7381 = APPLICATION_CONTEXT ( 'automotive_design' ) ;
#7382 = ORIENTED_EDGE ( 'NONE', *, *, #6528, .T. ) ;
#7383 = CLOSED_SHELL ( 'NONE', ( #3615, #2438, #4220, #3432, #406, #6148, #7473, #6958 ) ) ;
#7384 = DIRECTION ( 'NONE',  ( 0.000000000000000000, -1.000000000000000000, 0.000000000000000000 ) ) ;
#7385 = ORIENTED_EDGE ( 'NONE', *, *, #5441, .F. ) ;
#7386 = DIRECTION ( 'NONE',  ( 0.000000000000000000, 0.000000000000000000, -1.000000000000000000 ) ) ;
#7387 = ADVANCED_FACE ( 'NONE', ( #3783, #1464 ), #6868, .F. ) ;
#7388 = ORIENTED_EDGE ( 'NONE', *, *, #509, .F. ) ;
#7389 = EDGE_CURVE ( 'NONE', #6136, #7246, #214, .T. ) ;
#7390 = ADVANCED_FACE ( 'NONE', ( #4416 ), #6830, .T. ) ;
#7391 = CARTESIAN_POINT ( 'NONE',  ( -0.6750000000000000444, 0.04999999999999999584, -0.8750000000000000000 ) ) ;
#7392 = CIRCLE ( 'NONE', #519, 0.04999999999999980849 ) ;
#7393 = PLANE ( 'NONE',  #5462 ) ;
#7394 = DIRECTION ( 'NONE',  ( 0.000000000000000000, -1.000000000000000000, 0.000000000000000000 ) ) ;
#7395 = DIRECTION ( 'NONE',  ( 1.000000000000000000, 0.000000000000000000, 0.000000000000000000 ) ) ;
#7396 = ORIENTED_EDGE ( 'NONE', *, *, #2395, .T. ) ;
#7397 = ADVANCED_FACE ( 'NONE', ( #7419 ), #3236, .T. ) ;
#7398 = EDGE_LOOP ( 'NONE', ( #4777, #3647, #1298, #3189 ) ) ;
#7399 = LINE ( 'NONE', #5025, #7541 ) ;
#7400 = SURFACE_STYLE_FILL_AREA ( #276 ) ;
#7401 = MANIFOLD_SOLID_BREP ( 'Boss-Extrude3[13]', #4394 ) ;
#7402 = CARTESIAN_POINT ( 'NONE',  ( 0.3250000000000003997, 0.2000000000000000111, 1.199999999999999734 ) ) ;
#7403 = FACE_OUTER_BOUND ( 'NONE', #7219, .T. ) ;
#7404 = ORIENTED_EDGE ( 'NONE', *, *, #3962, .F. ) ;
#7405 = VERTEX_POINT ( 'NONE', #4529 ) ;
#7406 = ORIENTED_EDGE ( 'NONE', *, *, #4290, .F. ) ;
#7407 = DIRECTION ( 'NONE',  ( 0.000000000000000000, -0.000000000000000000, 1.000000000000000000 ) ) ;
#7408 = FACE_OUTER_BOUND ( 'NONE', #6771, .T. ) ;
#7409 = PRESENTATION_STYLE_ASSIGNMENT (( #3352 ) ) ;
#7410 = DIRECTION ( 'NONE',  ( 0.000000000000000000, -1.000000000000000000, 0.000000000000000000 ) ) ;
#7411 = EDGE_CURVE ( 'NONE', #1845, #1030, #334, .T. ) ;
#7412 = CARTESIAN_POINT ( 'NONE',  ( 1.199999999999999956, 0.04999999999999999584, 0.8249999999999997335 ) ) ;
#7413 = ORIENTED_EDGE ( 'NONE', *, *, #5178, .T. ) ;
#7414 = ADVANCED_FACE ( 'NONE', ( #5700 ), #3429, .F. ) ;
#7415 = AXIS2_PLACEMENT_3D ( 'NONE', #3926, #5065, #7440 ) ;
#7416 = VERTEX_POINT ( 'NONE', #1032 ) ;
#7417 = DIRECTION ( 'NONE',  ( 1.000000000000000000, 0.000000000000000000, -0.000000000000000000 ) ) ;
#7418 = MANIFOLD_SOLID_BREP ( 'Boss-Extrude2', #3002 ) ;
#7419 = FACE_OUTER_BOUND ( 'NONE', #1520, .T. ) ;
#7420 = CARTESIAN_POINT ( 'NONE',  ( 0.6250000000000003331, 0.000000000000000000, 1.199999999999999734 ) ) ;
#7421 = ORIENTED_EDGE ( 'NONE', *, *, #1894, .F. ) ;
#7422 = VECTOR ( 'NONE', #6863, 1000.000000000000000 ) ;
#7423 = CARTESIAN_POINT ( 'NONE',  ( 1.500000000000000000, 0.2000000000000000111, 0.1249999999999997363 ) ) ;
#7424 = DIRECTION ( 'NONE',  ( -3.614007241618346799E-16, 0.000000000000000000, -1.000000000000000000 ) ) ;
#7425 = VERTEX_POINT ( 'NONE', #7537 ) ;
#7426 = AXIS2_PLACEMENT_3D ( 'NONE', #485, #1111, #2248 ) ;
#7427 = LINE ( 'NONE', #2060, #1218 ) ;
#7428 = ORIENTED_EDGE ( 'NONE', *, *, #1358, .T. ) ;
#7429 = AXIS2_PLACEMENT_3D ( 'NONE', #4312, #1835, #6607 ) ;
#7430 = DIRECTION ( 'NONE',  ( -0.000000000000000000, -1.000000000000000000, -0.000000000000000000 ) ) ;
#7431 = DIRECTION ( 'NONE',  ( -0.000000000000000000, -0.000000000000000000, -1.000000000000000000 ) ) ;
#7432 = CARTESIAN_POINT ( 'NONE',  ( 1.199999999999999956, 0.04999999999999999584, -0.1750000000000001832 ) ) ;
#7433 = EDGE_LOOP ( 'NONE', ( #1339, #4533, #940, #10 ) ) ;
#7434 = ADVANCED_FACE ( 'NONE', ( #2174 ), #6949, .T. ) ;
#7435 = DIRECTION ( 'NONE',  ( 0.000000000000000000, 0.000000000000000000, 1.000000000000000000 ) ) ;
#7436 = VECTOR ( 'NONE', #2892, 1000.000000000000000 ) ;
#7437 = ORIENTED_EDGE ( 'NONE', *, *, #4250, .F. ) ;
#7438 = ORIENTED_EDGE ( 'NONE', *, *, #7127, .F. ) ;
#7439 = VERTEX_POINT ( 'NONE', #5772 ) ;
#7440 = DIRECTION ( 'NONE',  ( 0.000000000000000000, -0.000000000000000000, 1.000000000000000000 ) ) ;
#7441 = VECTOR ( 'NONE', #6331, 1000.000000000000000 ) ;
#7442 = DIRECTION ( 'NONE',  ( -0.000000000000000000, -1.000000000000000000, -0.000000000000000000 ) ) ;
#7443 = DIRECTION ( 'NONE',  ( -1.000000000000000000, 0.000000000000000000, 8.673617379884037996E-14 ) ) ;
#7444 = CARTESIAN_POINT ( 'NONE',  ( 1.149999999999999911, 0.000000000000000000, 0.1749999999999996558 ) ) ;
#7445 = EDGE_LOOP ( 'NONE', ( #4255, #6026, #88, #3766 ) ) ;
#7446 = ADVANCED_FACE ( 'NONE', ( #998 ), #3395, .F. ) ;
#7447 = EDGE_CURVE ( 'NONE', #6098, #7416, #2799, .T. ) ;
#7448 = EDGE_LOOP ( 'NONE', ( #720, #6296 ) ) ;
#7449 = ORIENTED_EDGE ( 'NONE', *, *, #1266, .T. ) ;
#7450 = EDGE_CURVE ( 'NONE', #804, #2952, #2216, .T. ) ;
#7451 = CARTESIAN_POINT ( 'NONE',  ( -0.3250000000000026756, 0.2000000000000000111, -1.149999999999999467 ) ) ;
#7452 = VECTOR ( 'NONE', #3642, 1000.000000000000000 ) ;
#7453 = DIRECTION ( 'NONE',  ( -0.000000000000000000, -1.000000000000000000, -0.000000000000000000 ) ) ;
#7454 = CARTESIAN_POINT ( 'NONE',  ( -1.499999999999999556, 0.2000000000000000111, 0.6250000000000003331 ) ) ;
#7455 = FACE_OUTER_BOUND ( 'NONE', #6509, .T. ) ;
#7456 = ORIENTED_EDGE ( 'NONE', *, *, #5413, .T. ) ;
#7457 = AXIS2_PLACEMENT_3D ( 'NONE', #6727, #3918, #7317 ) ;
#7458 = AXIS2_PLACEMENT_3D ( 'NONE', #4581, #5173, #4741 ) ;
#7459 = DIRECTION ( 'NONE',  ( -0.000000000000000000, -1.000000000000000000, -0.000000000000000000 ) ) ;
#7460 = MANIFOLD_SOLID_BREP ( 'Boss-Extrude3[5]', #2258 ) ;
#7461 = CARTESIAN_POINT ( 'NONE',  ( -1.199999999999999956, 0.2000000000000000111, -0.8749999999999997780 ) ) ;
#7462 = ORIENTED_EDGE ( 'NONE', *, *, #2078, .F. ) ;
#7463 = DIRECTION ( 'NONE',  ( 0.000000000000000000, -0.000000000000000000, 1.000000000000000000 ) ) ;
#7464 = EDGE_CURVE ( 'NONE', #1613, #241, #5882, .T. ) ;
#7465 = STYLED_ITEM ( 'NONE', ( #5589 ), #5853 ) ;
#7466 = DIRECTION ( 'NONE',  ( 0.000000000000000000, 0.000000000000000000, 1.000000000000000000 ) ) ;
#7467 = CARTESIAN_POINT ( 'NONE',  ( -0.1749999999999996281, 0.04999999999999999584, 1.199999999999999734 ) ) ;
#7468 = CARTESIAN_POINT ( 'NONE',  ( -0.3250000000000026756, 0.04999999999999999584, -1.149999999999999467 ) ) ;
#7469 = VERTEX_POINT ( 'NONE', #1261 ) ;
#7470 = AXIS2_PLACEMENT_3D ( 'NONE', #7073, #2405, #3591 ) ;
#7471 = CARTESIAN_POINT ( 'NONE',  ( 1.149999999999999911, 0.000000000000000000, -0.3250000000000003442 ) ) ;
#7472 = ORIENTED_EDGE ( 'NONE', *, *, #2487, .T. ) ;
#7473 = ADVANCED_FACE ( 'NONE', ( #672 ), #4724, .T. ) ;
#7474 = ORIENTED_EDGE ( 'NONE', *, *, #2513, .T. ) ;
#7475 = VECTOR ( 'NONE', #3413, 1000.000000000000000 ) ;
#7476 = CARTESIAN_POINT ( 'NONE',  ( -0.1250000000000112688, 0.2000000000000000111, -1.500000000000000000 ) ) ;
#7477 = CARTESIAN_POINT ( 'NONE',  ( 0.8750000000000004441, 0.2000000000000000111, 1.499999999999999778 ) ) ;
#7478 = CARTESIAN_POINT ( 'NONE',  ( -0.8750000000000000000, 0.05000000000000000278, 0.000000000000000000 ) ) ;
#7479 = ORIENTED_EDGE ( 'NONE', *, *, #1456, .F. ) ;
#7480 = PLANE ( 'NONE',  #2470 ) ;
#7481 = VECTOR ( 'NONE', #6206, 1000.000000000000000 ) ;
#7482 = VERTEX_POINT ( 'NONE', #5314 ) ;
#7483 = ORIENTED_EDGE ( 'NONE', *, *, #7303, .T. ) ;
#7484 = ORIENTED_EDGE ( 'NONE', *, *, #2996, .F. ) ;
#7485 = CARTESIAN_POINT ( 'NONE',  ( -0.1749999999999996281, 0.2000000000000000111, 1.149999999999999689 ) ) ;
#7486 = STYLED_ITEM ( 'NONE', ( #6317 ), #7401 ) ;
#7487 = CARTESIAN_POINT ( 'NONE',  ( -0.1249999999999997086, 0.2000000000000000111, 1.199999999999999734 ) ) ;
#7488 = DIRECTION ( 'NONE',  ( 0.000000000000000000, 1.000000000000000000, 0.000000000000000000 ) ) ;
#7489 = CARTESIAN_POINT ( 'NONE',  ( 1.149999999999999911, 0.000000000000000000, -0.1750000000000001832 ) ) ;
#7490 = ORIENTED_EDGE ( 'NONE', *, *, #5909, .T. ) ;
#7491 = ORIENTED_EDGE ( 'NONE', *, *, #7231, .T. ) ;
#7492 =( LENGTH_UNIT ( ) NAMED_UNIT ( * ) SI_UNIT ( .MILLI., .METRE. ) );
#7493 = FACE_OUTER_BOUND ( 'NONE', #4214, .T. ) ;
#7494 = COLOUR_RGB ( '',0.7921568627450980005, 0.8196078431372548767, 0.9333333333333333481 ) ;
#7495 = EDGE_CURVE ( 'NONE', #2665, #5559, #3654, .T. ) ;
#7496 = EDGE_CURVE ( 'NONE', #7534, #4662, #3375, .T. ) ;
#7497 = EDGE_CURVE ( 'NONE', #132, #1568, #7143, .T. ) ;
#7498 = DIRECTION ( 'NONE',  ( -0.000000000000000000, -1.000000000000000000, -0.000000000000000000 ) ) ;
#7499 = SURFACE_SIDE_STYLE ('',( #2130 ) ) ;
#7500 = DIRECTION ( 'NONE',  ( -0.000000000000000000, -1.000000000000000000, -0.000000000000000000 ) ) ;
#7501 = ORIENTED_EDGE ( 'NONE', *, *, #3721, .T. ) ;
#7502 = VERTEX_POINT ( 'NONE', #7258 ) ;
#7503 = LINE ( 'NONE', #2215, #2350 ) ;
#7504 = ORIENTED_EDGE ( 'NONE', *, *, #3305, .F. ) ;
#7505 = ORIENTED_EDGE ( 'NONE', *, *, #3786, .F. ) ;
#7506 = CLOSED_SHELL ( 'NONE', ( #6389, #6812, #507, #7252, #860, #3039, #5431, #2717 ) ) ;
#7507 = CARTESIAN_POINT ( 'NONE',  ( 0.6250000000000004441, 0.2000000000000000111, 1.499999999999999778 ) ) ;
#7508 = CARTESIAN_POINT ( 'NONE',  ( -0.8249999999999997335, 0.04999999999999999584, 1.149999999999999689 ) ) ;
#7509 =( LENGTH_UNIT ( ) NAMED_UNIT ( * ) SI_UNIT ( .MILLI., .METRE. ) );
#7510 = VERTEX_POINT ( 'NONE', #1739 ) ;
#7511 = LINE ( 'NONE', #1122, #218 ) ;
#7512 = VERTEX_POINT ( 'NONE', #4100 ) ;
#7513 = AXIS2_PLACEMENT_3D ( 'NONE', #5773, #1699, #5805 ) ;
#7514 = CARTESIAN_POINT ( 'NONE',  ( -0.1249999999999996531, 0.04999999999999999584, 1.499999999999999778 ) ) ;
#7515 = CARTESIAN_POINT ( 'NONE',  ( 0.1749999999999973244, 0.000000000000000000, -1.200000000000000178 ) ) ;
#7516 = EDGE_CURVE ( 'NONE', #4202, #2788, #2913, .T. ) ;
#7517 = DIRECTION ( 'NONE',  ( -0.000000000000000000, -1.000000000000000000, -0.000000000000000000 ) ) ;
#7518 = DIRECTION ( 'NONE',  ( 0.000000000000000000, 0.000000000000000000, 1.000000000000000000 ) ) ;
#7519 = ORIENTED_EDGE ( 'NONE', *, *, #6526, .F. ) ;
#7520 = EDGE_CURVE ( 'NONE', #7405, #6979, #3028, .T. ) ;
#7521 = CARTESIAN_POINT ( 'NONE',  ( -0.1749999999999996281, 0.2000000000000000111, 1.149999999999999689 ) ) ;
#7522 = ORIENTED_EDGE ( 'NONE', *, *, #4439, .F. ) ;
#7523 = EDGE_LOOP ( 'NONE', ( #6304, #875, #2083, #4787, #7519, #2595 ) ) ;
#7524 = DIRECTION ( 'NONE',  ( 0.000000000000000000, 0.000000000000000000, 1.000000000000000000 ) ) ;
#7525 = VECTOR ( 'NONE', #236, 1000.000000000000000 ) ;
#7526 = DIRECTION ( 'NONE',  ( -1.000000000000000000, 0.000000000000000000, -0.000000000000000000 ) ) ;
#7527 = DIRECTION ( 'NONE',  ( 8.673617379884037996E-14, 0.000000000000000000, 1.000000000000000000 ) ) ;
#7528 = CARTESIAN_POINT ( 'NONE',  ( 0.6249999999999971134, 0.2000000000000000111, -1.200000000000000178 ) ) ;
#7529 = ORIENTED_EDGE ( 'NONE', *, *, #71, .F. ) ;
#7530 = DIRECTION ( 'NONE',  ( 0.000000000000000000, 0.000000000000000000, -1.000000000000000000 ) ) ;
#7531 = SURFACE_STYLE_USAGE ( .BOTH. , #4138 ) ;
#7532 = DIRECTION ( 'NONE',  ( 0.000000000000000000, -1.000000000000000000, 0.000000000000000000 ) ) ;
#7533 = CARTESIAN_POINT ( 'NONE',  ( -1.500000000000000000, 0.2000000000000000111, -0.6249999999999996669 ) ) ;
#7534 = VERTEX_POINT ( 'NONE', #1152 ) ;
#7535 = PLANE ( 'NONE',  #6085 ) ;
#7536 = EDGE_CURVE ( 'NONE', #6979, #3525, #3496, .T. ) ;
#7537 = CARTESIAN_POINT ( 'NONE',  ( -0.1749999999999996281, 0.2000000000000000111, 1.149999999999999689 ) ) ;
#7538 = VERTEX_POINT ( 'NONE', #5421 ) ;
#7539 = DIRECTION ( 'NONE',  ( 0.000000000000000000, 0.000000000000000000, -1.000000000000000000 ) ) ;
#7540 = CARTESIAN_POINT ( 'NONE',  ( 0.6749999999999973799, 0.04999999999999999584, -1.149999999999999467 ) ) ;
#7541 = VECTOR ( 'NONE', #906, 1000.000000000000000 ) ;
#7542 = CARTESIAN_POINT ( 'NONE',  ( 0.8750000000000003331, 0.2000000000000000111, 1.199999999999999734 ) ) ;
#7543 = DIRECTION ( 'NONE',  ( 0.000000000000000000, -1.000000000000000000, 0.000000000000000000 ) ) ;
#7544 = ORIENTED_EDGE ( 'NONE', *, *, #5489, .T. ) ;
#7545 = EDGE_CURVE ( 'NONE', #7425, #5132, #1813, .T. ) ;
#7546 = EDGE_CURVE ( 'NONE', #4286, #7256, #7238, .T. ) ;
#7547 = CARTESIAN_POINT ( 'NONE',  ( 0.1750000000000002109, 0.04999999999999999584, 1.149999999999999689 ) ) ;
#7548 = EDGE_CURVE ( 'NONE', #4502, #7167, #3620, .T. ) ;
#7549 = AXIS2_PLACEMENT_3D ( 'NONE', #4497, #3130, #4935 ) ;
#7550 = ORIENTED_EDGE ( 'NONE', *, *, #3529, .F. ) ;
#7551 = DIRECTION ( 'NONE',  ( 1.000000000000000000, -0.000000000000000000, -0.000000000000000000 ) ) ;
#7552 = CARTESIAN_POINT ( 'NONE',  ( -0.3749999999999996669, 0.2000000000000000111, 1.199999999999999734 ) ) ;
#7553 = STYLED_ITEM ( 'NONE', ( #1531 ), #2019 ) ;
#7554 = DIRECTION ( 'NONE',  ( 0.000000000000000000, 1.000000000000000000, 0.000000000000000000 ) ) ;
#7555 = DIRECTION ( 'NONE',  ( -0.000000000000000000, -1.000000000000000000, -0.000000000000000000 ) ) ;
#7556 = ORIENTED_EDGE ( 'NONE', *, *, #7347, .T. ) ;
#7557 = DIRECTION ( 'NONE',  ( 0.000000000000000000, 0.000000000000000000, 1.000000000000000000 ) ) ;
#7558 = VECTOR ( 'NONE', #4630, 1000.000000000000000 ) ;
#7559 = EDGE_CURVE ( 'NONE', #7405, #2135, #864, .T. ) ;
#7560 = VERTEX_POINT ( 'NONE', #5991 ) ;
#7561 = CARTESIAN_POINT ( 'NONE',  ( 0.8749999999999713562, 0.2000000000000000111, -1.500000000000000000 ) ) ;
#7562 = CARTESIAN_POINT ( 'NONE',  ( 1.149999999999999911, 0.2000000000000000111, 0.6749999999999996003 ) ) ;
#7563 = PLANE ( 'NONE',  #5214 ) ;
#7564 = CARTESIAN_POINT ( 'NONE',  ( -0.1249999999999997086, 0.2000000000000000111, 1.199999999999999734 ) ) ;
#7565 = ORIENTED_EDGE ( 'NONE', *, *, #7516, .F. ) ;
#7566 = AXIS2_PLACEMENT_3D ( 'NONE', #7631, #4659, #1719 ) ;
#7567 = ORIENTED_EDGE ( 'NONE', *, *, #4773, .F. ) ;
#7568 = ORIENTED_EDGE ( 'NONE', *, *, #5507, .T. ) ;
#7569 = DIRECTION ( 'NONE',  ( 1.000000000000000000, 0.000000000000000000, 0.000000000000000000 ) ) ;
#7570 = CARTESIAN_POINT ( 'NONE',  ( -0.8750000000000029976, 0.2000000000000000111, -1.200000000000000178 ) ) ;
#7571 = ORIENTED_EDGE ( 'NONE', *, *, #6091, .T. ) ;
#7572 =( GEOMETRIC_REPRESENTATION_CONTEXT ( 3 ) GLOBAL_UNCERTAINTY_ASSIGNED_CONTEXT ( ( #5242 ) ) GLOBAL_UNIT_ASSIGNED_CONTEXT ( ( #4911, #5028, #2122 ) ) REPRESENTATION_CONTEXT ( 'NONE', 'WORKASPACE' ) );
#7573 = CARTESIAN_POINT ( 'NONE',  ( -0.8749999999999996669, 0.2000000000000000111, 1.199999999999999734 ) ) ;
#7574 = CARTESIAN_POINT ( 'NONE',  ( 0.8249999999999975131, 0.2000000000000000111, -1.149999999999999911 ) ) ;
#7575 =( NAMED_UNIT ( * ) PLANE_ANGLE_UNIT ( ) SI_UNIT ( $, .RADIAN. ) );
#7576 = EDGE_LOOP ( 'NONE', ( #6272, #1671, #719, #5230 ) ) ;
#7577 = FACE_OUTER_BOUND ( 'NONE', #4543, .T. ) ;
#7578 = STYLED_ITEM ( 'NONE', ( #2398 ), #4879 ) ;
#7579 = VECTOR ( 'NONE', #4820, 1000.000000000000000 ) ;
#7580 = DIRECTION ( 'NONE',  ( 0.000000000000000000, 0.000000000000000000, 1.000000000000000000 ) ) ;
#7581 = DIRECTION ( 'NONE',  ( -0.000000000000000000, -1.000000000000000000, -0.000000000000000000 ) ) ;
#7582 = VECTOR ( 'NONE', #900, 1000.000000000000000 ) ;
#7584 = DIRECTION ( 'NONE',  ( 1.000000000000000000, 0.000000000000000000, -3.614007241618346306E-16 ) ) ;
#7583 = CIRCLE ( 'NONE', #7458, 0.1000000000000000472 ) ;
#7585 = FILL_AREA_STYLE ('',( #4653 ) ) ;
#7586 = ORIENTED_EDGE ( 'NONE', *, *, #743, .T. ) ;
#7587 = CARTESIAN_POINT ( 'NONE',  ( -1.149999999999999689, 0.04999999999999999584, -0.1749999999999997391 ) ) ;
#7588 = VERTEX_POINT ( 'NONE', #6780 ) ;
#7589 = AXIS2_PLACEMENT_3D ( 'NONE', #5510, #2649, #7424 ) ;
#7590 = VECTOR ( 'NONE', #1750, 1000.000000000000000 ) ;
#7591 = EDGE_LOOP ( 'NONE', ( #5009, #6858, #552, #6715 ) ) ;
#7592 = ADVANCED_FACE ( 'NONE', ( #4329 ), #1413, .F. ) ;
#7593 = ADVANCED_FACE ( 'NONE', ( #6743 ), #127, .F. ) ;
#7594 = EDGE_CURVE ( 'NONE', #1368, #5264, #2519, .T. ) ;
#7595 = AXIS2_PLACEMENT_3D ( 'NONE', #2886, #6323, #6403 ) ;
#7596 = DIRECTION ( 'NONE',  ( 3.614007241618346306E-16, -0.000000000000000000, 1.000000000000000000 ) ) ;
#7597 = CARTESIAN_POINT ( 'NONE',  ( -1.199999999999999734, 0.2000000000000000111, -0.1749999999999997391 ) ) ;
#7598 = DIRECTION ( 'NONE',  ( 1.000000000000000000, 0.000000000000000000, 0.000000000000000000 ) ) ;
#7599 = LINE ( 'NONE', #421, #6328 ) ;
#7600 = VERTEX_POINT ( 'NONE', #5499 ) ;
#7601 = FACE_OUTER_BOUND ( 'NONE', #2841, .T. ) ;
#7602 = VECTOR ( 'NONE', #6928, 1000.000000000000000 ) ;
#7603 = ORIENTED_EDGE ( 'NONE', *, *, #4505, .F. ) ;
#7604 = CARTESIAN_POINT ( 'NONE',  ( 0.3749999999999800715, 0.2000000000000000111, -1.500000000000000000 ) ) ;
#7605 = DIRECTION ( 'NONE',  ( 0.000000000000000000, 1.000000000000000000, 0.000000000000000000 ) ) ;
#7606 = DIRECTION ( 'NONE',  ( 0.000000000000000000, -0.000000000000000000, 1.000000000000000000 ) ) ;
#7607 = CARTESIAN_POINT ( 'NONE',  ( -1.499999999999999778, 0.000000000000000000, 0.1250000000000002498 ) ) ;
#7608 = ORIENTED_EDGE ( 'NONE', *, *, #2410, .T. ) ;
#7609 = AXIS2_PLACEMENT_3D ( 'NONE', #7237, #2498, #4893 ) ;
#7610 = VERTEX_POINT ( 'NONE', #6662 ) ;
#7611 = DIRECTION ( 'NONE',  ( 0.000000000000000000, 1.000000000000000000, 0.000000000000000000 ) ) ;
#7612 = ORIENTED_EDGE ( 'NONE', *, *, #4627, .T. ) ;
#7613 = CARTESIAN_POINT ( 'NONE',  ( 1.199999999999999956, 0.2000000000000000111, 0.1249999999999997363 ) ) ;
#7614 = DIRECTION ( 'NONE',  ( 1.000000000000000000, -0.000000000000000000, -0.000000000000000000 ) ) ;
#7615 = DIRECTION ( 'NONE',  ( 0.000000000000000000, -0.000000000000000000, 1.000000000000000000 ) ) ;
#7616 = ORIENTED_EDGE ( 'NONE', *, *, #5955, .T. ) ;
#7617 = EDGE_LOOP ( 'NONE', ( #6249, #4548, #504, #1800 ) ) ;
#7618 = VECTOR ( 'NONE', #6384, 1000.000000000000000 ) ;
#7619 = EDGE_CURVE ( 'NONE', #6443, #5576, #229, .T. ) ;
#7620 = SURFACE_STYLE_USAGE ( .BOTH. , #3984 ) ;
#7621 = LINE ( 'NONE', #7106, #1876 ) ;
#7622 = LINE ( 'NONE', #4178, #4837 ) ;
#7623 = CARTESIAN_POINT ( 'NONE',  ( 0.3250000000000003997, 0.2000000000000000111, 1.199999999999999734 ) ) ;
#7624 = CARTESIAN_POINT ( 'NONE',  ( -0.1750000000000025147, 0.04999999999999999584, -1.200000000000000178 ) ) ;
#7625 = DIRECTION ( 'NONE',  ( 0.000000000000000000, 1.000000000000000000, 0.000000000000000000 ) ) ;
#7626 = ORIENTED_EDGE ( 'NONE', *, *, #6391, .F. ) ;
#7627 = FACE_OUTER_BOUND ( 'NONE', #1175, .T. ) ;
#7628 = ORIENTED_EDGE ( 'NONE', *, *, #3979, .T. ) ;
#7629 = ORIENTED_EDGE ( 'NONE', *, *, #1625, .F. ) ;
#7630 = CARTESIAN_POINT ( 'NONE',  ( -0.3249999999999997891, 0.2000000000000000111, 1.149999999999999689 ) ) ;
#7631 = CARTESIAN_POINT ( 'NONE',  ( 0.8750000000000004441, 0.2000000000000000111, 1.499999999999999778 ) ) ;
#7632 = DIRECTION ( 'NONE',  ( 0.000000000000000000, -1.000000000000000000, 0.000000000000000000 ) ) ;
#7633 = LINE ( 'NONE', #2193, #5097 ) ;
#7634 = DIRECTION ( 'NONE',  ( -0.000000000000000000, 0.000000000000000000, -1.000000000000000000 ) ) ;
#7635 = EDGE_CURVE ( 'NONE', #138, #3886, #6817, .T. ) ;
#7636 = EDGE_CURVE ( 'NONE', #3342, #3736, #1300, .T. ) ;
#7637 = EDGE_CURVE ( 'NONE', #5679, #3900, #282, .T. ) ;
#7638 = AXIS2_PLACEMENT_3D ( 'NONE', #1422, #3824, #293 ) ;
#7639 = CARTESIAN_POINT ( 'NONE',  ( -0.1249999999999996531, 0.2000000000000000111, 1.499999999999999778 ) ) ;
#7640 = FACE_OUTER_BOUND ( 'NONE', #813, .T. ) ;
#7641 = STYLED_ITEM ( 'NONE', ( #6821 ), #689 ) ;
#7642 = CARTESIAN_POINT ( 'NONE',  ( -0.3750000000000112688, 0.000000000000000000, -1.500000000000000000 ) ) ;
#7643 = DIRECTION ( 'NONE',  ( 1.000000000000000000, 0.000000000000000000, -0.000000000000000000 ) ) ;
#7644 = ORIENTED_EDGE ( 'NONE', *, *, #2372, .T. ) ;
#7645 = ORIENTED_EDGE ( 'NONE', *, *, #4604, .F. ) ;
#7646 = ORIENTED_EDGE ( 'NONE', *, *, #3685, .T. ) ;
#7647 = EDGE_CURVE ( 'NONE', #1501, #3160, #7333, .T. ) ;
#7648 = DIRECTION ( 'NONE',  ( 1.000000000000000000, 0.000000000000000000, -3.614007241618346306E-16 ) ) ;
#7649 = AXIS2_PLACEMENT_3D ( 'NONE', #4132, #5231, #1147 ) ;
#7650 = ORIENTED_EDGE ( 'NONE', *, *, #932, .F. ) ;
#7651 = LINE ( 'NONE', #6469, #6515 ) ;
#7652 = CARTESIAN_POINT ( 'NONE',  ( 1.500000000000000222, 0.8000000000000000444, 1.499999999999999778 ) ) ;
#7653 =( LENGTH_UNIT ( ) NAMED_UNIT ( * ) SI_UNIT ( .MILLI., .METRE. ) );
#7654 = VERTEX_POINT ( 'NONE', #6149 ) ;
#7655 = EDGE_LOOP ( 'NONE', ( #6375, #5656, #3924, #4207 ) ) ;
#7656 = DIRECTION ( 'NONE',  ( -1.000000000000000000, 0.000000000000000000, 0.000000000000000000 ) ) ;
#7657 = DIRECTION ( 'NONE',  ( 0.000000000000000000, 0.000000000000000000, 1.000000000000000000 ) ) ;
#7658 = FACE_OUTER_BOUND ( 'NONE', #3199, .T. ) ;
#7659 = EDGE_CURVE ( 'NONE', #5050, #5567, #3113, .T. ) ;
#7660 = EDGE_CURVE ( 'NONE', #6383, #5986, #3857, .T. ) ;
#7661 = FACE_OUTER_BOUND ( 'NONE', #5205, .T. ) ;
#7662 = LINE ( 'NONE', #7072, #2944 ) ;
#7663 = DIRECTION ( 'NONE',  ( 0.000000000000000000, -1.000000000000000000, 0.000000000000000000 ) ) ;
#7664 = ORIENTED_EDGE ( 'NONE', *, *, #187, .T. ) ;
#7665 = DIRECTION ( 'NONE',  ( -0.000000000000000000, -1.000000000000000000, -0.000000000000000000 ) ) ;
#7666 = VERTEX_POINT ( 'NONE', #2555 ) ;
#7668 = EDGE_LOOP ( 'NONE', ( #4723, #2953, #7099, #4443, #2375, #6216 ) ) ;
#7667 = ORIENTED_EDGE ( 'NONE', *, *, #988, .F. ) ;
#7669 = LINE ( 'NONE', #1008, #6077 ) ;
#7670 = FACE_OUTER_BOUND ( 'NONE', #1296, .T. ) ;
#7671 = CARTESIAN_POINT ( 'NONE',  ( 1.199999999999999956, 0.000000000000000000, -0.6250000000000003331 ) ) ;
#7672 = CARTESIAN_POINT ( 'NONE',  ( 0.1249999999999800576, 0.2000000000000000111, -1.500000000000000000 ) ) ;
#7673 = VECTOR ( 'NONE', #6874, 1000.000000000000000 ) ;
#7674 = CARTESIAN_POINT ( 'NONE',  ( 0.6749999999999973799, 0.2000000000000000111, -1.200000000000000178 ) ) ;
#7675 = AXIS2_PLACEMENT_3D ( 'NONE', #6903, #2675, #6823 ) ;
#7676 = DIRECTION ( 'NONE',  ( -0.000000000000000000, -0.000000000000000000, 1.000000000000000000 ) ) ;
#7677 = ADVANCED_FACE ( 'NONE', ( #836 ), #2673, .F. ) ;
#7678 = CARTESIAN_POINT ( 'NONE',  ( 1.199999999999999956, 0.04999999999999999584, 0.3249999999999998446 ) ) ;
#7679 = CARTESIAN_POINT ( 'NONE',  ( 1.149999999999999911, 0.05000000000000000278, 0.000000000000000000 ) ) ;
#7680 = FACE_OUTER_BOUND ( 'NONE', #1440, .T. ) ;
#7681 = ORIENTED_EDGE ( 'NONE', *, *, #5922, .F. ) ;
#7682 = VECTOR ( 'NONE', #791, 1000.000000000000000 ) ;
#7683 = FACE_OUTER_BOUND ( 'NONE', #3419, .T. ) ;
#7684 = VERTEX_POINT ( 'NONE', #5072 ) ;
#7685 = CARTESIAN_POINT ( 'NONE',  ( 1.500000000000000000, 0.2000000000000000111, 0.1249999999999997363 ) ) ;
#7686 = ADVANCED_FACE ( 'NONE', ( #1969 ), #4914, .F. ) ;
#7687 = DIRECTION ( 'NONE',  ( -0.000000000000000000, -0.000000000000000000, -1.000000000000000000 ) ) ;
#7688 = VECTOR ( 'NONE', #7430, 1000.000000000000000 ) ;
#7689 = EDGE_CURVE ( 'NONE', #4072, #5984, #242, .T. ) ;
#7690 = EDGE_CURVE ( 'NONE', #5029, #3471, #1340, .T. ) ;
#7691 = EDGE_CURVE ( 'NONE', #3681, #6880, #763, .T. ) ;
#7692 = PLANE ( 'NONE',  #4708 ) ;
#7693 = ORIENTED_EDGE ( 'NONE', *, *, #3032, .F. ) ;
#7694 = DIRECTION ( 'NONE',  ( 0.000000000000000000, -1.000000000000000000, 0.000000000000000000 ) ) ;
#7695 = VECTOR ( 'NONE', #3081, 1000.000000000000000 ) ;
#7696 = DIRECTION ( 'NONE',  ( -0.000000000000000000, -1.000000000000000000, -0.000000000000000000 ) ) ;
#7697 = DIRECTION ( 'NONE',  ( 0.000000000000000000, -1.000000000000000000, 0.000000000000000000 ) ) ;
#7698 = VECTOR ( 'NONE', #2180, 1000.000000000000000 ) ;
#7699 = CARTESIAN_POINT ( 'NONE',  ( 0.8250000000000003997, 0.2000000000000000111, 1.149999999999999689 ) ) ;
#7700 = ORIENTED_EDGE ( 'NONE', *, *, #6391, .T. ) ;
#7701 = FILL_AREA_STYLE_COLOUR ( '', #2739 ) ;
#7703 = ORIENTED_EDGE ( 'NONE', *, *, #4863, .F. ) ;
#7702 = EDGE_LOOP ( 'NONE', ( #761, #3887, #4905, #395 ) ) ;
#7704 = CIRCLE ( 'NONE', #203, 0.04999999999999991257 ) ;
#7705 = CARTESIAN_POINT ( 'NONE',  ( -1.499999999999999778, 0.2000000000000000111, -0.1249999999999997641 ) ) ;
#7706 = LINE ( 'NONE', #649, #4194 ) ;
#7707 = CARTESIAN_POINT ( 'NONE',  ( -1.499999999999999778, 0.000000000000000000, 0.3750000000000002776 ) ) ;
#7708 = CARTESIAN_POINT ( 'NONE',  ( 1.199999999999999956, 0.000000000000000000, 0.8249999999999997335 ) ) ;
#7709 = CIRCLE ( 'NONE', #1947, 0.05000000000000012768 ) ;
#7710 = CARTESIAN_POINT ( 'NONE',  ( -0.6750000000000024869, 0.2000000000000000111, -1.200000000000000178 ) ) ;
#7711 = EDGE_CURVE ( 'NONE', #3213, #6878, #5534, .T. ) ;
#7712 = AXIS2_PLACEMENT_3D ( 'NONE', #1428, #3162, #3788 ) ;
#7713 = LINE ( 'NONE', #1208, #3165 ) ;
#7714 = DIRECTION ( 'NONE',  ( -0.000000000000000000, -1.000000000000000000, -0.000000000000000000 ) ) ;
#7715 = CARTESIAN_POINT ( 'NONE',  ( 0.6250000000000004441, 0.000000000000000000, 1.499999999999999778 ) ) ;
#7716 = CARTESIAN_POINT ( 'NONE',  ( -1.499999999999999778, 0.2000000000000000111, -0.3749999999999997224 ) ) ;
#7717 = ORIENTED_EDGE ( 'NONE', *, *, #369, .T. ) ;
#7718 = PLANE ( 'NONE',  #469 ) ;
#7719 = VERTEX_POINT ( 'NONE', #7369 ) ;
#7720 = VECTOR ( 'NONE', #883, 1000.000000000000000 ) ;
#7721 = ORIENTED_EDGE ( 'NONE', *, *, #1751, .F. ) ;
#7722 = ORIENTED_EDGE ( 'NONE', *, *, #5345, .F. ) ;
#7723 = DIRECTION ( 'NONE',  ( 0.000000000000000000, 0.000000000000000000, -1.000000000000000000 ) ) ;
#7724 = CIRCLE ( 'NONE', #5595, 0.04999999999999991257 ) ;
#7725 = LINE ( 'NONE', #1068, #1540 ) ;
#7726 = PLANE ( 'NONE',  #5935 ) ;
#7727 = EDGE_LOOP ( 'NONE', ( #825, #3973, #2263, #4892 ) ) ;
#7728 = ORIENTED_EDGE ( 'NONE', *, *, #7067, .T. ) ;
#7729 = CARTESIAN_POINT ( 'NONE',  ( -1.199999999999999956, 0.8000000000000000444, -1.200000000000000178 ) ) ;
#7730 = CARTESIAN_POINT ( 'NONE',  ( -1.199999999999999512, 0.2000000000000000111, 0.8750000000000002220 ) ) ;
#7731 = AXIS2_PLACEMENT_3D ( 'NONE', #5814, #3482, #6955 ) ;
#7732 = EDGE_CURVE ( 'NONE', #1495, #4319, #2003, .T. ) ;
#7733 = EDGE_CURVE ( 'NONE', #1332, #2394, #991, .T. ) ;
#7734 = EDGE_CURVE ( 'NONE', #1511, #5459, #3933, .T. ) ;
#7735 = CARTESIAN_POINT ( 'NONE',  ( 0.8749999999999713562, 0.000000000000000000, -1.500000000000000000 ) ) ;
#7736 = CARTESIAN_POINT ( 'NONE',  ( 0.3250000000000003997, 0.04999999999999999584, 1.199999999999999734 ) ) ;
#7737 = VECTOR ( 'NONE', #2146, 1000.000000000000000 ) ;
#7738 = CARTESIAN_POINT ( 'NONE',  ( 0.8749999999999713562, 0.2000000000000000111, -1.500000000000000000 ) ) ;
#7739 = DIRECTION ( 'NONE',  ( 1.000000000000000000, -0.000000000000000000, -0.000000000000000000 ) ) ;
#7740 = ORIENTED_EDGE ( 'NONE', *, *, #6861, .T. ) ;
#7741 = VECTOR ( 'NONE', #5568, 1000.000000000000000 ) ;
#7742 = ORIENTED_EDGE ( 'NONE', *, *, #4726, .T. ) ;
#7743 = CARTESIAN_POINT ( 'NONE',  ( 0.6249999999999998890, 0.05000000000000000278, -2.258754526011466256E-16 ) ) ;
#7744 = FACE_OUTER_BOUND ( 'NONE', #5136, .T. ) ;
#7745 = DIRECTION ( 'NONE',  ( -0.000000000000000000, -1.000000000000000000, -0.000000000000000000 ) ) ;
#7746 = CARTESIAN_POINT ( 'NONE',  ( -0.6250000000000001110, 0.05000000000000000278, 2.258754526011467242E-16 ) ) ;
#7747 = ORIENTED_EDGE ( 'NONE', *, *, #7211, .T. ) ;
#7748 = DIRECTION ( 'NONE',  ( -0.000000000000000000, -1.000000000000000000, -0.000000000000000000 ) ) ;
#7749 = DIRECTION ( 'NONE',  ( -0.000000000000000000, -1.000000000000000000, -0.000000000000000000 ) ) ;
#7750 = EDGE_CURVE ( 'NONE', #1613, #2214, #478, .T. ) ;
ENDSEC;
END-ISO-10303-21;
